Game Number,Game ID,Season,Season Year,Competition,"Game Type (Pre-Season, Regular Season, Qualifying Final, Elimination Final, Semi-Final, Preliminary Final, Grand Final, Not applicable)",Round / Stage,Date,Day of Week,Kickoff Time,Team A,Team B,Home,Away,Home Score,Away Score,Home Halftime Score,Away Halftime Score,Home Tries,Away Tries,Home Goals,Away Goals,Home Field Goals,Away Field Goals,Total Points,Winning Margin,Winning Team,Losing Team,Result,Game Score,Period Format,Extra Time / Golden Point,Venue,City,Attendance,Referee,Notable Players,A Succint one line game comment to summarise that game,Primary Data Source
1,NRL_1980_4330,1980,1980,NSWRFL,Regular Season,Round 1,1980-03-29,Saturday,15:00:00,South Sydney Rabbitohs,St George Dragons,St George Dragons,South Sydney Rabbitohs,12,26,5,14,2,6,3,4,0,0,38,14,South Sydney Rabbitohs,St George Dragons,Away Win (26-12),12-26,Two 40-minute halves / 80 min,No,Jubilee Stadium,Sydney,9137,Jack Danzey Jnr,"St George Dragons: Steve Morris (2T), Graeme Wynn (0T 3G) | South Sydney Rabbitohs: Robert Laurie (2T), Grant Jones (1T) | Ref: Jack Danzey Jnr",South Sydney Rabbitohs defeated St George Dragons 26-12 in Round 1 at Jubilee Stadium (Sydney).,Rugby League Project / NRL Official Archives (nrl.com)
2,NRL_1980_4331,1980,1980,NSWRFL,Regular Season,Round 1,1980-03-30,Sunday,15:00:00,Parramatta Eels,Balmain Tigers,Balmain Tigers,Parramatta Eels,10,37,7,15,2,7,2,8,0,0,47,27,Parramatta Eels,Balmain Tigers,Away Win (37-10),10-37,Two 40-minute halves / 80 min,No,Leichhardt Oval,Sydney,11246,Greg Hartley,"Balmain Tigers: Neil Whittaker (1T), Rod Morris (1T) | Parramatta Eels: Garry Dowling (2T), Peter Wynn (2T) | Ref: Greg Hartley",Parramatta Eels defeated Balmain Tigers 37-10 in Round 1 at Leichhardt Oval (Sydney).,Rugby League Project / NRL Official Archives (nrl.com)
3,NRL_1980_4332,1980,1980,NSWRFL,Regular Season,Round 1,1980-03-30,Sunday,15:00:00,Western Suburbs Magpies,Cronulla Sutherland Sharks,Cronulla Sutherland Sharks,Western Suburbs Magpies,10,16,7,7,2,2,2,5,0,0,26,6,Western Suburbs Magpies,Cronulla Sutherland Sharks,Away Win (16-10),10-16,Two 40-minute halves / 80 min,No,Ocean Protect Stadium,Sydney,7144,Denis Braybrook,"Cronulla Sutherland Sharks: Steve Rogers (1T 2G), Greg Cox (1T) | Western Suburbs Magpies: Ron Giteau (1T), Alan Neil (1T) | Ref: Denis Braybrook",Western Suburbs Magpies defeated Cronulla Sutherland Sharks 16-10 in Round 1 at Ocean Protect Stadium (Sydney).,Rugby League Project / NRL Official Archives (nrl.com)
4,NRL_1980_4333,1980,1980,NSWRFL,Regular Season,Round 1,1980-03-30,Sunday,15:00:00,North Sydney Bears,Eastern Suburbs Roosters,Eastern Suburbs Roosters,North Sydney Bears,20,29,5,15,4,6,4,5,0,1,49,9,North Sydney Bears,Eastern Suburbs Roosters,Away Win (29-20),20-29,Two 40-minute halves / 80 min,No,Sydney Sports Ground,Sydney,4896,Chris Ward,"Eastern Suburbs Roosters: Kerry Boustead (1T), John Berne (1T) | North Sydney Bears: Russell Hunter (2T), Chris Montgomery (1T) | Ref: Chris Ward",North Sydney Bears defeated Eastern Suburbs Roosters 29-20 in Round 1 at Sydney Sports Ground (Sydney).,Rugby League Project / NRL Official Archives (nrl.com)
5,NRL_1980_4334,1980,1980,NSWRFL,Regular Season,Round 1,1980-03-30,Sunday,15:00:00,Manly Warringah Sea Eagles,Penrith Panthers,Penrith Panthers,Manly Warringah Sea Eagles,20,25,15,8,4,5,4,5,0,0,45,5,Manly Warringah Sea Eagles,Penrith Panthers,Away Win (25-20),20-25,Two 40-minute halves / 80 min,No,BlueBet Stadium,Sydney,7788,John Gocher,"Penrith Panthers: Kevin Dann (2T), Wayne Ducker (1T) | Manly Warringah Sea Eagles: Steve Martin (2T), Graham Eadie (1T 4G) | Ref: John Gocher",Manly Warringah Sea Eagles defeated Penrith Panthers 25-20 in Round 1 at BlueBet Stadium (Sydney).,Rugby League Project / NRL Official Archives (nrl.com)
6,NRL_1980_4335,1980,1980,NSWRFL,Regular Season,Round 1,1980-03-30,Sunday,15:00:00,Canterbury Bankstown Bulldogs,Newtown Jets,Newtown Jets,Canterbury Bankstown Bulldogs,17,38,7,3,3,8,4,7,0,0,55,21,Canterbury Bankstown Bulldogs,Newtown Jets,Away Win (38-17),17-38,Two 40-minute halves / 80 min,No,Henson Park,Sydney,6658,Kevin Roberts,"Newtown Jets: Phil Sigsworth (1T 2G), Greg Watt (1T 2G) | Canterbury Bankstown Bulldogs: Mal Creevey (3T), Stan Cutler (2T 7G) | Ref: Kevin Roberts",Canterbury Bankstown Bulldogs defeated Newtown Jets 38-17 in Round 1 at Henson Park (Sydney).,Rugby League Project / NRL Official Archives (nrl.com)
7,NRL_1980_4336,1980,1980,NSWRFL,Regular Season,Round 2,1980-04-05,Saturday,15:00:00,Penrith Panthers,Western Suburbs Magpies,Western Suburbs Magpies,Penrith Panthers,27,24,18,14,5,4,6,6,0,0,51,3,Western Suburbs Magpies,Penrith Panthers,Home Win (27-24),27-24,Two 40-minute halves / 80 min,No,Lidcombe Oval,Sydney,6297,Kevin Roberts,"Western Suburbs Magpies: Jim Leis (4T), Ron Giteau (1T) | Penrith Panthers: Ray Blacklock (2T), Peter Schofield (1T 6G) | Ref: Kevin Roberts",Western Suburbs Magpies defeated Penrith Panthers 27-24 in Round 2 at Lidcombe Oval (Sydney).,Rugby League Project / NRL Official Archives (nrl.com)
8,NRL_1980_4337,1980,1980,NSWRFL,Regular Season,Round 2,1980-04-06,Sunday,15:00:00,North Sydney Bears,Manly Warringah Sea Eagles,Manly Warringah Sea Eagles,North Sydney Bears,22,7,8,5,4,1,5,2,0,0,29,15,Manly Warringah Sea Eagles,North Sydney Bears,Home Win (22-7),22-7,Two 40-minute halves / 80 min,No,4 Pines Park,Sydney,11304,Jack Danzey Jnr,"Manly Warringah Sea Eagles: Alan Thompson (2T), Simon Booth (1T) | North Sydney Bears: Allan Sheppard (1T), Rod Henniker (0T 2G) | Ref: Jack Danzey Jnr",Manly Warringah Sea Eagles defeated North Sydney Bears 22-7 in Round 2 at 4 Pines Park (Sydney).,Rugby League Project / NRL Official Archives (nrl.com)
9,NRL_1980_4338,1980,1980,NSWRFL,Regular Season,Round 2,1980-04-06,Sunday,15:00:00,St George Dragons,Newtown Jets,Newtown Jets,St George Dragons,11,17,3,8,3,1,1,7,0,0,28,6,St George Dragons,Newtown Jets,Away Win (17-11),11-17,Two 40-minute halves / 80 min,No,Henson Park,Sydney,6863,John Gocher,"Newtown Jets: Phil Sigsworth (1T 1G), Chris Doyle (1T) | St George Dragons: Tony Trudgett (1T), Graeme Wynn (0T 7G) | Ref: John Gocher",St George Dragons defeated Newtown Jets 17-11 in Round 2 at Henson Park (Sydney).,Rugby League Project / NRL Official Archives (nrl.com)
10,NRL_1980_4339,1980,1980,NSWRFL,Regular Season,Round 2,1980-04-06,Sunday,15:00:00,Balmain Tigers,South Sydney Rabbitohs,South Sydney Rabbitohs,Balmain Tigers,28,2,7,2,5,0,6,1,1,0,30,26,South Sydney Rabbitohs,Balmain Tigers,Home Win (28-2),28-2,Two 40-minute halves / 80 min,No,Redfern Oval,Sydney,11292,Chris Ward,"South Sydney Rabbitohs: Grant Jones (1T 6G), Gary Wright (1T) | Balmain Tigers: Wayne Miranda (0T 1G) | Ref: Chris Ward",South Sydney Rabbitohs defeated Balmain Tigers 28-2 in Round 2 at Redfern Oval (Sydney).,Rugby League Project / NRL Official Archives (nrl.com)
11,NRL_1980_4340,1980,1980,NSWRFL,Regular Season,Round 2,1980-04-06,Sunday,15:00:00,Canterbury Bankstown Bulldogs,Cronulla Sutherland Sharks,Cronulla Sutherland Sharks,Canterbury Bankstown Bulldogs,35,9,22,0,7,1,7,3,0,0,44,26,Cronulla Sutherland Sharks,Canterbury Bankstown Bulldogs,Home Win (35-9),35-9,Two 40-minute halves / 80 min,No,Ocean Protect Stadium,Sydney,10120,Greg Hartley,"Cronulla Sutherland Sharks: Rick Bourke (2T), Chris Gardner (2T) | Canterbury Bankstown Bulldogs: Peter Mortimer (1T), Steve Gearin (0T 3G) | Ref: Greg Hartley",Cronulla Sutherland Sharks defeated Canterbury Bankstown Bulldogs 35-9 in Round 2 at Ocean Protect Stadium (Sydney).,Rugby League Project / NRL Official Archives (nrl.com)
12,NRL_1980_4341,1980,1980,NSWRFL,Regular Season,Round 2,1980-04-07,Monday,15:00:00,Eastern Suburbs Roosters,Parramatta Eels,Parramatta Eels,Eastern Suburbs Roosters,22,10,9,5,4,2,5,2,0,0,32,12,Parramatta Eels,Eastern Suburbs Roosters,Home Win (22-10),22-10,Two 40-minute halves / 80 min,No,Cumberland Oval,Sydney,17936,Denis Braybrook,"Parramatta Eels: Neville Glover (1T), Mick Pattison (1T) | Eastern Suburbs Roosters: Kerry Boustead (1T), John Lang (1T) | Ref: Denis Braybrook",Parramatta Eels defeated Eastern Suburbs Roosters 22-10 in Round 2 at Cumberland Oval (Sydney).,Rugby League Project / NRL Official Archives (nrl.com)
13,NRL_1980_4342,1980,1980,NSWRFL,Regular Season,Round 3,1980-04-12,Saturday,15:00:00,Eastern Suburbs Roosters,Manly Warringah Sea Eagles,Manly Warringah Sea Eagles,Eastern Suburbs Roosters,34,7,15,5,8,1,5,2,0,0,41,27,Manly Warringah Sea Eagles,Eastern Suburbs Roosters,Home Win (34-7),34-7,Two 40-minute halves / 80 min,No,4 Pines Park,Sydney,8717,Kevin Roberts,"Manly Warringah Sea Eagles: Tom Mooney (3T), Bruce Walker (3T) | Eastern Suburbs Roosters: Kevin Hastings (1T), Kevin Stevens (0T 2G) | Ref: Kevin Roberts",Manly Warringah Sea Eagles defeated Eastern Suburbs Roosters 34-7 in Round 3 at 4 Pines Park (Sydney).,Rugby League Project / NRL Official Archives (nrl.com)
14,NRL_1980_4343,1980,1980,NSWRFL,Regular Season,Round 3,1980-04-13,Sunday,15:00:00,Western Suburbs Magpies,North Sydney Bears,North Sydney Bears,Western Suburbs Magpies,8,14,8,8,0,4,4,1,0,0,22,6,Western Suburbs Magpies,North Sydney Bears,Away Win (14-8),8-14,Two 40-minute halves / 80 min,No,North Sydney Oval,Sydney,5348,Chris Ward,"North Sydney Bears: Rod Henniker (0T 4G) | Western Suburbs Magpies: Bob Cooper (2T), Wayne Smith (1T) | Ref: Chris Ward",Western Suburbs Magpies defeated North Sydney Bears 14-8 in Round 3 at North Sydney Oval (Sydney).,Rugby League Project / NRL Official Archives (nrl.com)
15,NRL_1980_4344,1980,1980,NSWRFL,Regular Season,Round 3,1980-04-13,Sunday,15:00:00,South Sydney Rabbitohs,Parramatta Eels,Parramatta Eels,South Sydney Rabbitohs,40,5,19,0,8,1,8,1,0,0,45,35,Parramatta Eels,South Sydney Rabbitohs,Home Win (40-5),40-5,Two 40-minute halves / 80 min,No,Cumberland Oval,Sydney,18060,Jack Danzey Jnr,"Parramatta Eels: Eric Grothe (3T), Garry Dowling (2T) | South Sydney Rabbitohs: John Peek (1T), Pat Smith (0T 1G) | Ref: Jack Danzey Jnr",Parramatta Eels defeated South Sydney Rabbitohs 40-5 in Round 3 at Cumberland Oval (Sydney).,Rugby League Project / NRL Official Archives (nrl.com)
16,NRL_1980_4345,1980,1980,NSWRFL,Regular Season,Round 3,1980-04-13,Sunday,15:00:00,Balmain Tigers,Newtown Jets,Newtown Jets,Balmain Tigers,23,9,6,4,3,1,7,3,0,0,32,14,Newtown Jets,Balmain Tigers,Home Win (23-9),23-9,Two 40-minute halves / 80 min,No,Henson Park,Sydney,5785,Barry Bradstock,"Newtown Jets: Phil Sigsworth (1T), Mark O'Brien (1T) | Balmain Tigers: David Adams (1T), Olsen Filipaina (0T 3G) | Ref: Barry Bradstock",Newtown Jets defeated Balmain Tigers 23-9 in Round 3 at Henson Park (Sydney).,Rugby League Project / NRL Official Archives (nrl.com)
17,NRL_1980_4346,1980,1980,NSWRFL,Regular Season,Round 3,1980-04-13,Sunday,15:00:00,Canterbury Bankstown Bulldogs,Penrith Panthers,Penrith Panthers,Canterbury Bankstown Bulldogs,14,40,4,18,2,8,4,8,0,0,54,26,Canterbury Bankstown Bulldogs,Penrith Panthers,Away Win (40-14),14-40,Two 40-minute halves / 80 min,No,BlueBet Stadium,Sydney,10525,John Gocher,"Penrith Panthers: Ray Blacklock (1T), Marvin Hicks (1T) | Canterbury Bankstown Bulldogs: Steve Gearin (1T 8G), Chris Anderson (1T) | Ref: John Gocher",Canterbury Bankstown Bulldogs defeated Penrith Panthers 40-14 in Round 3 at BlueBet Stadium (Sydney).,Rugby League Project / NRL Official Archives (nrl.com)
18,NRL_1980_4347,1980,1980,NSWRFL,Regular Season,Round 3,1980-04-13,Sunday,15:00:00,Cronulla Sutherland Sharks,St George Dragons,St George Dragons,Cronulla Sutherland Sharks,7,32,7,9,1,6,2,7,0,0,39,25,Cronulla Sutherland Sharks,St George Dragons,Away Win (32-7),7-32,Two 40-minute halves / 80 min,No,Jubilee Stadium,Sydney,16650,Greg Hartley,"St George Dragons: Robert Finch (1T), Graeme Wynn (0T 2G) | Cronulla Sutherland Sharks: Chris Gardner (2T), Greg Cox (1T 7G) | Ref: Greg Hartley",Cronulla Sutherland Sharks defeated St George Dragons 32-7 in Round 3 at Jubilee Stadium (Sydney).,Rugby League Project / NRL Official Archives (nrl.com)
19,NRL_1980_4348,1980,1980,NSWRFL,Regular Season,Round 4,1980-04-19,Saturday,15:00:00,Cronulla Sutherland Sharks,Balmain Tigers,Balmain Tigers,Cronulla Sutherland Sharks,27,10,7,0,5,2,6,2,0,0,37,17,Balmain Tigers,Cronulla Sutherland Sharks,Home Win (27-10),27-10,Two 40-minute halves / 80 min,No,Leichhardt Oval,Sydney,5701,Chris Ward,"Balmain Tigers: Allan McMahon (1T), Wayne Wigham (1T) | Cronulla Sutherland Sharks: Ossie Welsh (1T), Steve Edmonds (1T) | Ref: Chris Ward",Balmain Tigers defeated Cronulla Sutherland Sharks 27-10 in Round 4 at Leichhardt Oval (Sydney).,Rugby League Project / NRL Official Archives (nrl.com)
20,NRL_1980_4349,1980,1980,NSWRFL,Regular Season,Round 4,1980-04-20,Sunday,15:00:00,Parramatta Eels,Newtown Jets,Newtown Jets,Parramatta Eels,17,14,9,12,2,2,5,4,1,0,31,3,Newtown Jets,Parramatta Eels,Home Win (17-14),17-14,Two 40-minute halves / 80 min,No,Henson Park,Sydney,9177,Greg Hartley,"Newtown Jets: Chris Doyle (1T), Craig Ellis (1T) | Parramatta Eels: Geoff Gerard (1T), Steve Edge (1T) | Ref: Greg Hartley",Newtown Jets defeated Parramatta Eels 17-14 in Round 4 at Henson Park (Sydney).,Rugby League Project / NRL Official Archives (nrl.com)
21,NRL_1980_4350,1980,1980,NSWRFL,Regular Season,Round 4,1980-04-20,Sunday,15:00:00,South Sydney Rabbitohs,Eastern Suburbs Roosters,Eastern Suburbs Roosters,South Sydney Rabbitohs,12,4,4,4,2,0,3,2,0,0,16,8,Eastern Suburbs Roosters,South Sydney Rabbitohs,Home Win (12-4),12-4,Two 40-minute halves / 80 min,No,Sydney Sports Ground,Sydney,9218,John Gocher,"Eastern Suburbs Roosters: Noel Cleal (1T), Kevin Hastings (1T) | South Sydney Rabbitohs: Eric Ferguson (0T 2G) | Ref: John Gocher",Eastern Suburbs Roosters defeated South Sydney Rabbitohs 12-4 in Round 4 at Sydney Sports Ground (Sydney).,Rugby League Project / NRL Official Archives (nrl.com)
22,NRL_1980_4351,1980,1980,NSWRFL,Regular Season,Round 4,1980-04-20,Sunday,15:00:00,Manly Warringah Sea Eagles,Western Suburbs Magpies,Western Suburbs Magpies,Manly Warringah Sea Eagles,19,4,3,4,5,0,2,2,0,0,23,15,Western Suburbs Magpies,Manly Warringah Sea Eagles,Home Win (19-4),19-4,Two 40-minute halves / 80 min,No,Lidcombe Oval,Sydney,12219,Jack Danzey Jnr,"Western Suburbs Magpies: Wayne Smith (1T), Wayne Buckley (1T) | Manly Warringah Sea Eagles: Graham Eadie (0T 2G) | Ref: Jack Danzey Jnr",Western Suburbs Magpies defeated Manly Warringah Sea Eagles 19-4 in Round 4 at Lidcombe Oval (Sydney).,Rugby League Project / NRL Official Archives (nrl.com)
23,NRL_1980_4352,1980,1980,NSWRFL,Regular Season,Round 4,1980-04-20,Sunday,15:00:00,Penrith Panthers,St George Dragons,St George Dragons,Penrith Panthers,36,12,21,7,8,2,6,3,0,0,48,24,St George Dragons,Penrith Panthers,Home Win (36-12),36-12,Two 40-minute halves / 80 min,No,Jubilee Stadium,Sydney,8854,Barry Bradstock,"St George Dragons: Shane McKellar (2T), Brian Johnson (1T) | Penrith Panthers: Kevin Dann (2T), Peter Schofield (0T 3G) | Ref: Barry Bradstock",St George Dragons defeated Penrith Panthers 36-12 in Round 4 at Jubilee Stadium (Sydney).,Rugby League Project / NRL Official Archives (nrl.com)
24,NRL_1980_4353,1980,1980,NSWRFL,Regular Season,Round 4,1980-04-20,Sunday,15:00:00,Canterbury Bankstown Bulldogs,North Sydney Bears,North Sydney Bears,Canterbury Bankstown Bulldogs,19,22,13,9,5,4,2,5,0,0,41,3,Canterbury Bankstown Bulldogs,North Sydney Bears,Away Win (22-19),19-22,Two 40-minute halves / 80 min,No,North Sydney Oval,Sydney,4875,Kevin Roberts,"North Sydney Bears: Allan Sheppard (2T), Chris Luckman (1T) | Canterbury Bankstown Bulldogs: Stan Cutler (1T), Chris Mortimer (1T) | Ref: Kevin Roberts",Canterbury Bankstown Bulldogs defeated North Sydney Bears 22-19 in Round 4 at North Sydney Oval (Sydney).,Rugby League Project / NRL Official Archives (nrl.com)
25,NRL_1980_4354,1980,1980,NSWRFL,Regular Season,Round 5,1980-04-25,Friday,15:00:00,Western Suburbs Magpies,Eastern Suburbs Roosters,Eastern Suburbs Roosters,Western Suburbs Magpies,14,7,6,2,2,1,4,2,0,0,21,7,Eastern Suburbs Roosters,Western Suburbs Magpies,Home Win (14-7),14-7,Two 40-minute halves / 80 min,No,Sydney Sports Ground,Sydney,12183,Kevin Roberts,"Eastern Suburbs Roosters: Gary Warnecke (1T), John Lang (1T) | Western Suburbs Magpies: Peter Rowles (1T 2G) | Ref: Kevin Roberts",Eastern Suburbs Roosters defeated Western Suburbs Magpies 14-7 in Round 5 at Sydney Sports Ground (Sydney).,Rugby League Project / NRL Official Archives (nrl.com)
26,NRL_1980_4355,1980,1980,NSWRFL,Regular Season,Round 5,1980-04-26,Saturday,15:00:00,Newtown Jets,South Sydney Rabbitohs,South Sydney Rabbitohs,Newtown Jets,10,12,5,4,2,0,2,6,0,0,22,2,Newtown Jets,South Sydney Rabbitohs,Away Win (12-10),10-12,Two 40-minute halves / 80 min,No,Redfern Oval,Sydney,8342,Chris Ward,"South Sydney Rabbitohs: Grant Jones (1T 1G), Ziggy Niszczot (1T) | Newtown Jets: Ken Wilson (0T 6G) | Ref: Chris Ward",Newtown Jets defeated South Sydney Rabbitohs 12-10 in Round 5 at Redfern Oval (Sydney).,Rugby League Project / NRL Official Archives (nrl.com)
27,NRL_1980_4356,1980,1980,NSWRFL,Regular Season,Round 5,1980-04-27,Sunday,15:00:00,St George Dragons,North Sydney Bears,North Sydney Bears,St George Dragons,16,20,14,4,2,2,5,7,0,0,36,4,St George Dragons,North Sydney Bears,Away Win (20-16),16-20,Two 40-minute halves / 80 min,No,North Sydney Oval,Sydney,5600,John Gocher,"North Sydney Bears: Mark Harris (1T 1G), Steve Mayoh (1T) | St George Dragons: Steve Morris (1T), Grahame Buckley (1T) | Ref: John Gocher",St George Dragons defeated North Sydney Bears 20-16 in Round 5 at North Sydney Oval (Sydney).,Rugby League Project / NRL Official Archives (nrl.com)
28,NRL_1980_4357,1980,1980,NSWRFL,Regular Season,Round 5,1980-04-27,Sunday,15:00:00,Penrith Panthers,Balmain Tigers,Balmain Tigers,Penrith Panthers,15,11,2,9,3,1,3,4,0,0,26,4,Balmain Tigers,Penrith Panthers,Home Win (15-11),15-11,Two 40-minute halves / 80 min,No,Leichhardt Oval,Sydney,6135,Barry Bradstock,"Balmain Tigers: Wayne Wigham (2T), Wayne Pearce (1T) | Penrith Panthers: Marvin Hicks (1T), Peter Schofield (0T 4G) | Ref: Barry Bradstock",Balmain Tigers defeated Penrith Panthers 15-11 in Round 5 at Leichhardt Oval (Sydney).,Rugby League Project / NRL Official Archives (nrl.com)
29,NRL_1980_4358,1980,1980,NSWRFL,Regular Season,Round 5,1980-04-27,Sunday,15:00:00,Canterbury Bankstown Bulldogs,Manly Warringah Sea Eagles,Manly Warringah Sea Eagles,Canterbury Bankstown Bulldogs,12,15,5,13,2,3,3,3,0,0,27,3,Canterbury Bankstown Bulldogs,Manly Warringah Sea Eagles,Away Win (15-12),12-15,Two 40-minute halves / 80 min,No,4 Pines Park,Sydney,12162,Greg Hartley,"Manly Warringah Sea Eagles: Tom Mooney (2T), Graham Eadie (0T 3G) | Canterbury Bankstown Bulldogs: Stan Cutler (1T), Greg Brentnall (1T) | Ref: Greg Hartley",Canterbury Bankstown Bulldogs defeated Manly Warringah Sea Eagles 15-12 in Round 5 at 4 Pines Park (Sydney).,Rugby League Project / NRL Official Archives (nrl.com)
30,NRL_1980_4359,1980,1980,NSWRFL,Regular Season,Round 5,1980-04-27,Sunday,15:00:00,Cronulla Sutherland Sharks,Parramatta Eels,Parramatta Eels,Cronulla Sutherland Sharks,7,14,4,10,1,2,2,4,0,0,21,7,Cronulla Sutherland Sharks,Parramatta Eels,Away Win (14-7),7-14,Two 40-minute halves / 80 min,No,Cumberland Oval,Sydney,14882,Jack Danzey Jnr,"Parramatta Eels: Neville Glover (1T), Michael Cronin (0T 2G) | Cronulla Sutherland Sharks: Steve Edmonds (1T), Barry Pearson (1T) | Ref: Jack Danzey Jnr",Cronulla Sutherland Sharks defeated Parramatta Eels 14-7 in Round 5 at Cumberland Oval (Sydney).,Rugby League Project / NRL Official Archives (nrl.com)
31,NRL_1980_4360,1980,1980,NSWRFL,Regular Season,Round 6,1980-05-03,Saturday,15:00:00,Balmain Tigers,North Sydney Bears,North Sydney Bears,Balmain Tigers,6,4,4,2,0,0,3,2,0,0,10,2,North Sydney Bears,Balmain Tigers,Home Win (6-4),6-4,Two 40-minute halves / 80 min,No,North Sydney Oval,Sydney,3106,Barry Bradstock,North Sydney Bears: Rod Henniker (0T 3G) | Balmain Tigers: Wayne Miranda (0T 2G) | Ref: Barry Bradstock,North Sydney Bears defeated Balmain Tigers 6-4 in Round 6 at North Sydney Oval (Sydney).,Rugby League Project / NRL Official Archives (nrl.com)
32,NRL_1980_4361,1980,1980,NSWRFL,Regular Season,Round 6,1980-05-04,Sunday,15:00:00,St George Dragons,Manly Warringah Sea Eagles,Manly Warringah Sea Eagles,St George Dragons,2,21,2,8,0,5,1,3,0,0,23,19,St George Dragons,Manly Warringah Sea Eagles,Away Win (21-2),2-21,Two 40-minute halves / 80 min,No,4 Pines Park,Sydney,16301,Jack Danzey Jnr,"Manly Warringah Sea Eagles: Graham Eadie (0T 1G) | St George Dragons: Graeme Wynn (2T 3G), Mitch Brennan (1T) | Ref: Jack Danzey Jnr",St George Dragons defeated Manly Warringah Sea Eagles 21-2 in Round 6 at 4 Pines Park (Sydney).,Rugby League Project / NRL Official Archives (nrl.com)
33,NRL_1980_4362,1980,1980,NSWRFL,Regular Season,Round 6,1980-05-04,Sunday,15:00:00,South Sydney Rabbitohs,Cronulla Sutherland Sharks,Cronulla Sutherland Sharks,South Sydney Rabbitohs,18,12,8,3,4,2,3,3,0,0,30,6,Cronulla Sutherland Sharks,South Sydney Rabbitohs,Home Win (18-12),18-12,Two 40-minute halves / 80 min,No,Ocean Protect Stadium,Sydney,8863,Kevin Roberts,"Cronulla Sutherland Sharks: Gavin Miller (2T), Chris Gardner (1T) | South Sydney Rabbitohs: Gary Wright (1T), Nathan Gibbs (1T) | Ref: Kevin Roberts",Cronulla Sutherland Sharks defeated South Sydney Rabbitohs 18-12 in Round 6 at Ocean Protect Stadium (Sydney).,Rugby League Project / NRL Official Archives (nrl.com)
34,NRL_1980_4363,1980,1980,NSWRFL,Regular Season,Round 6,1980-05-04,Sunday,15:00:00,Newtown Jets,Eastern Suburbs Roosters,Eastern Suburbs Roosters,Newtown Jets,6,22,4,12,0,4,3,5,0,0,28,16,Newtown Jets,Eastern Suburbs Roosters,Away Win (22-6),6-22,Two 40-minute halves / 80 min,No,Sydney Sports Ground,Sydney,7880,John Gocher,"Eastern Suburbs Roosters: Barry Andrews (0T 3G) | Newtown Jets: Phil Sigsworth (1T), Chris Doyle (1T) | Ref: John Gocher",Newtown Jets defeated Eastern Suburbs Roosters 22-6 in Round 6 at Sydney Sports Ground (Sydney).,Rugby League Project / NRL Official Archives (nrl.com)
35,NRL_1980_4364,1980,1980,NSWRFL,Regular Season,Round 6,1980-05-04,Sunday,15:00:00,Parramatta Eels,Penrith Panthers,Penrith Panthers,Parramatta Eels,19,19,10,7,3,3,5,5,0,0,38,0,Draw,Draw,Draw (19-19),19-19,Two 40-minute halves / 80 min,No (Draw),BlueBet Stadium,Sydney,13423,Barry Goldsworthy,"Penrith Panthers: Kevin Dann (1T), Graeme Jennings (1T) | Parramatta Eels: Michael Cronin (1T 5G), Garry Dowling (1T) | Ref: Barry Goldsworthy",Penrith Panthers and Parramatta Eels played to a 19-19 draw in Round 6 at BlueBet Stadium (Sydney).,Rugby League Project / NRL Official Archives (nrl.com)
36,NRL_1980_4365,1980,1980,NSWRFL,Regular Season,Round 6,1980-05-04,Sunday,15:00:00,Canterbury Bankstown Bulldogs,Western Suburbs Magpies,Western Suburbs Magpies,Canterbury Bankstown Bulldogs,24,8,17,0,4,2,6,1,0,0,32,16,Western Suburbs Magpies,Canterbury Bankstown Bulldogs,Home Win (24-8),24-8,Two 40-minute halves / 80 min,No,Lidcombe Oval,Sydney,12451,Greg Hartley,"Western Suburbs Magpies: Wayne Buckley (1T), Warren Boland (1T) | Canterbury Bankstown Bulldogs: Chris Anderson (1T), Mal Creevey (1T) | Ref: Greg Hartley",Western Suburbs Magpies defeated Canterbury Bankstown Bulldogs 24-8 in Round 6 at Lidcombe Oval (Sydney).,Rugby League Project / NRL Official Archives (nrl.com)
37,NRL_1980_4366,1980,1980,NSWRFL,Regular Season,Round 7,1980-05-10,Saturday,15:00:00,Eastern Suburbs Roosters,Canterbury Bankstown Bulldogs,Canterbury Bankstown Bulldogs,Eastern Suburbs Roosters,5,20,0,14,1,6,1,1,0,0,25,15,Eastern Suburbs Roosters,Canterbury Bankstown Bulldogs,Away Win (20-5),5-20,Two 40-minute halves / 80 min,No,Sydney Cricket Ground,Sydney,7717,Kevin Roberts,"Canterbury Bankstown Bulldogs: Chris Mortimer (1T), Steve Gearin (0T 1G) | Eastern Suburbs Roosters: Marty Gurr (1T), Noel Cleal (1T) | Ref: Kevin Roberts",Eastern Suburbs Roosters defeated Canterbury Bankstown Bulldogs 20-5 in Round 7 at Sydney Cricket Ground (Sydney).,Rugby League Project / NRL Official Archives (nrl.com)
38,NRL_1980_4367,1980,1980,NSWRFL,Regular Season,Round 7,1980-05-11,Sunday,15:00:00,Western Suburbs Magpies,St George Dragons,St George Dragons,Western Suburbs Magpies,22,3,2,3,4,1,5,0,0,0,25,19,St George Dragons,Western Suburbs Magpies,Home Win (22-3),22-3,Two 40-minute halves / 80 min,No,Jubilee Stadium,Sydney,19872,Greg Hartley,"St George Dragons: Graeme Wynn (2T 5G), Mitch Brennan (1T) | Western Suburbs Magpies: Paul Merlo (1T) | Ref: Greg Hartley",St George Dragons defeated Western Suburbs Magpies 22-3 in Round 7 at Jubilee Stadium (Sydney).,Rugby League Project / NRL Official Archives (nrl.com)
39,NRL_1980_4368,1980,1980,NSWRFL,Regular Season,Round 7,1980-05-11,Sunday,15:00:00,North Sydney Bears,Parramatta Eels,Parramatta Eels,North Sydney Bears,17,12,10,2,3,2,4,3,0,0,29,5,Parramatta Eels,North Sydney Bears,Home Win (17-12),17-12,Two 40-minute halves / 80 min,No,Cumberland Oval,Sydney,8814,Barry Goldsworthy,"Parramatta Eels: Garry Dowling (2T), Ron Hilditch (1T) | North Sydney Bears: John Adam (1T), Pat Cudmore (1T) | Ref: Barry Goldsworthy",Parramatta Eels defeated North Sydney Bears 17-12 in Round 7 at Cumberland Oval (Sydney).,Rugby League Project / NRL Official Archives (nrl.com)
40,NRL_1980_4369,1980,1980,NSWRFL,Regular Season,Round 7,1980-05-11,Sunday,15:00:00,Penrith Panthers,South Sydney Rabbitohs,South Sydney Rabbitohs,Penrith Panthers,59,5,37,0,13,1,10,1,0,0,64,54,South Sydney Rabbitohs,Penrith Panthers,Home Win (59-5),59-5,Two 40-minute halves / 80 min,No,Redfern Oval,Sydney,4752,Barry Bradstock,"South Sydney Rabbitohs: Ziggy Niszczot (3T), Gary Knight (3T) | Penrith Panthers: Graeme Jennings (1T), Peter Schofield (0T 1G) | Ref: Barry Bradstock",South Sydney Rabbitohs defeated Penrith Panthers 59-5 in Round 7 at Redfern Oval (Sydney).,Rugby League Project / NRL Official Archives (nrl.com)
41,NRL_1980_4370,1980,1980,NSWRFL,Regular Season,Round 7,1980-05-11,Sunday,15:00:00,Balmain Tigers,Manly Warringah Sea Eagles,Manly Warringah Sea Eagles,Balmain Tigers,15,11,6,7,1,1,6,4,0,0,26,4,Manly Warringah Sea Eagles,Balmain Tigers,Home Win (15-11),15-11,Two 40-minute halves / 80 min,No,4 Pines Park,Sydney,10631,John Gocher,"Manly Warringah Sea Eagles: Ross Windshuttle (1T), Graham Eadie (0T 6G) | Balmain Tigers: Steve Lavers (1T), Wayne Miranda (0T 4G) | Ref: John Gocher",Manly Warringah Sea Eagles defeated Balmain Tigers 15-11 in Round 7 at 4 Pines Park (Sydney).,Rugby League Project / NRL Official Archives (nrl.com)
42,NRL_1980_4371,1980,1980,NSWRFL,Regular Season,Round 7,1980-05-11,Sunday,15:00:00,Cronulla Sutherland Sharks,Newtown Jets,Newtown Jets,Cronulla Sutherland Sharks,16,19,9,5,2,5,5,2,0,0,35,3,Cronulla Sutherland Sharks,Newtown Jets,Away Win (19-16),16-19,Two 40-minute halves / 80 min,No,Henson Park,Sydney,7751,Jack Danzey Jnr,"Newtown Jets: Ken Wilson (1T 5G), Mick Pitman (1T) | Cronulla Sutherland Sharks: Kurt Sorensen (2T), Mick Mullane Jnr (1T) | Ref: Jack Danzey Jnr",Cronulla Sutherland Sharks defeated Newtown Jets 19-16 in Round 7 at Henson Park (Sydney).,Rugby League Project / NRL Official Archives (nrl.com)
43,NRL_1980_4372,1980,1980,NSWRFL,Regular Season,Round 8,1980-05-18,Sunday,15:00:00,Parramatta Eels,Manly Warringah Sea Eagles,Manly Warringah Sea Eagles,Parramatta Eels,17,15,7,10,3,3,4,3,0,0,32,2,Manly Warringah Sea Eagles,Parramatta Eels,Home Win (17-15),17-15,Two 40-minute halves / 80 min,No,4 Pines Park,Sydney,19163,Jack Danzey Jnr,"Manly Warringah Sea Eagles: Ross Windshuttle (1T), Paul Vautin (1T) | Parramatta Eels: Michael Cronin (1T 3G), Garry Dowling (1T) | Ref: Jack Danzey Jnr",Manly Warringah Sea Eagles defeated Parramatta Eels 17-15 in Round 8 at 4 Pines Park (Sydney).,Rugby League Project / NRL Official Archives (nrl.com)
44,NRL_1980_4373,1980,1980,NSWRFL,Regular Season,Round 8,1980-05-18,Sunday,15:00:00,South Sydney Rabbitohs,North Sydney Bears,North Sydney Bears,South Sydney Rabbitohs,18,5,0,5,4,1,3,1,0,0,23,13,North Sydney Bears,South Sydney Rabbitohs,Home Win (18-5),18-5,Two 40-minute halves / 80 min,No,North Sydney Oval,Sydney,6002,John Gocher,"North Sydney Bears: Rod Henniker (1T 3G), Mark Harris (1T) | South Sydney Rabbitohs: Terry Fahey (1T), Steve Walsh (0T 1G) | Ref: John Gocher",North Sydney Bears defeated South Sydney Rabbitohs 18-5 in Round 8 at North Sydney Oval (Sydney).,Rugby League Project / NRL Official Archives (nrl.com)
45,NRL_1980_4374,1980,1980,NSWRFL,Regular Season,Round 8,1980-05-18,Sunday,15:00:00,St George Dragons,Canterbury Bankstown Bulldogs,Canterbury Bankstown Bulldogs,St George Dragons,12,19,2,17,2,3,3,5,0,0,31,7,St George Dragons,Canterbury Bankstown Bulldogs,Away Win (19-12),12-19,Two 40-minute halves / 80 min,No,Belmore Sports Ground,Sydney,25148,Barry Bradstock,"Canterbury Bankstown Bulldogs: Mark Hughes (1T), Steve Folkes (1T) | St George Dragons: Robert Finch (1T), Shane McKellar (1T) | Ref: Barry Bradstock",St George Dragons defeated Canterbury Bankstown Bulldogs 19-12 in Round 8 at Belmore Sports Ground (Sydney).,Rugby League Project / NRL Official Archives (nrl.com)
46,NRL_1980_4375,1980,1980,NSWRFL,Regular Season,Round 8,1980-05-18,Sunday,15:00:00,Eastern Suburbs Roosters,Cronulla Sutherland Sharks,Cronulla Sutherland Sharks,Eastern Suburbs Roosters,11,14,6,12,1,2,4,4,0,0,25,3,Eastern Suburbs Roosters,Cronulla Sutherland Sharks,Away Win (14-11),11-14,Two 40-minute halves / 80 min,No,Ocean Protect Stadium,Sydney,10575,Denis Braybrook,"Cronulla Sutherland Sharks: Greg Mullane (1T), Steve Rogers (0T 4G) | Eastern Suburbs Roosters: Barry Andrews (1T 4G), Kerry Boustead (1T) | Ref: Denis Braybrook",Eastern Suburbs Roosters defeated Cronulla Sutherland Sharks 14-11 in Round 8 at Ocean Protect Stadium (Sydney).,Rugby League Project / NRL Official Archives (nrl.com)
47,NRL_1980_4376,1980,1980,NSWRFL,Regular Season,Round 8,1980-05-18,Sunday,15:00:00,Newtown Jets,Penrith Panthers,Penrith Panthers,Newtown Jets,15,17,15,10,3,3,3,4,0,0,32,2,Newtown Jets,Penrith Panthers,Away Win (17-15),15-17,Two 40-minute halves / 80 min,No,BlueBet Stadium,Sydney,5605,Barry Goldsworthy,"Penrith Panthers: Kevin Dann (1T), Marvin Hicks (1T) | Newtown Jets: Greg Watt (1T), Tom Raudonikis (1T) | Ref: Barry Goldsworthy",Newtown Jets defeated Penrith Panthers 17-15 in Round 8 at BlueBet Stadium (Sydney).,Rugby League Project / NRL Official Archives (nrl.com)
48,NRL_1980_4377,1980,1980,NSWRFL,Regular Season,Round 8,1980-05-18,Sunday,15:00:00,Balmain Tigers,Western Suburbs Magpies,Western Suburbs Magpies,Balmain Tigers,26,4,10,4,5,0,5,2,1,0,30,22,Western Suburbs Magpies,Balmain Tigers,Home Win (26-4),26-4,Two 40-minute halves / 80 min,No,Lidcombe Oval,Sydney,9647,Chris Ward,"Western Suburbs Magpies: Terry Lamb (2T), Ron Giteau (1T 5G) | Balmain Tigers: Wayne Miranda (0T 2G) | Ref: Chris Ward",Western Suburbs Magpies defeated Balmain Tigers 26-4 in Round 8 at Lidcombe Oval (Sydney).,Rugby League Project / NRL Official Archives (nrl.com)
49,NRL_1980_4378,1980,1980,NSWRFL,Regular Season,Round 9,1980-05-24,Saturday,15:00:00,Eastern Suburbs Roosters,St George Dragons,St George Dragons,Eastern Suburbs Roosters,10,10,5,3,2,2,2,2,0,0,20,0,Draw,Draw,Draw (10-10),10-10,Two 40-minute halves / 80 min,No (Draw),Jubilee Stadium,Sydney,12188,Jack Danzey Jnr,"St George Dragons: Tony Trudgett (1T), Steve Morris (1T) | Eastern Suburbs Roosters: Barry Andrews (1T 2G), Noel Cleal (1T) | Ref: Jack Danzey Jnr",St George Dragons and Eastern Suburbs Roosters played to a 10-10 draw in Round 9 at Jubilee Stadium (Sydney).,Rugby League Project / NRL Official Archives (nrl.com)
50,NRL_1980_4379,1980,1980,NSWRFL,Regular Season,Round 9,1980-05-25,Sunday,15:00:00,Canterbury Bankstown Bulldogs,Balmain Tigers,Balmain Tigers,Canterbury Bankstown Bulldogs,12,14,6,9,0,2,6,4,0,0,26,2,Canterbury Bankstown Bulldogs,Balmain Tigers,Away Win (14-12),12-14,Two 40-minute halves / 80 min,No,Leichhardt Oval,Sydney,8611,Barry Goldsworthy,"Balmain Tigers: Wayne Miranda (0T 6G) | Canterbury Bankstown Bulldogs: Greg Brentnall (1T), Steve Folkes (1T) | Ref: Barry Goldsworthy",Canterbury Bankstown Bulldogs defeated Balmain Tigers 14-12 in Round 9 at Leichhardt Oval (Sydney).,Rugby League Project / NRL Official Archives (nrl.com)
51,NRL_1980_4380,1980,1980,NSWRFL,Regular Season,Round 9,1980-05-25,Sunday,15:00:00,Manly Warringah Sea Eagles,South Sydney Rabbitohs,South Sydney Rabbitohs,Manly Warringah Sea Eagles,9,17,4,7,1,2,3,5,0,1,26,8,Manly Warringah Sea Eagles,South Sydney Rabbitohs,Away Win (17-9),9-17,Two 40-minute halves / 80 min,No,Redfern Oval,Sydney,9131,John Gocher,"South Sydney Rabbitohs: Terry Fahey (1T), Steve Walsh (0T 3G) | Manly Warringah Sea Eagles: Steve Martin (1T), Alan Thompson (1T) | Ref: John Gocher",Manly Warringah Sea Eagles defeated South Sydney Rabbitohs 17-9 in Round 9 at Redfern Oval (Sydney).,Rugby League Project / NRL Official Archives (nrl.com)
52,NRL_1980_4381,1980,1980,NSWRFL,Regular Season,Round 9,1980-05-25,Sunday,15:00:00,Newtown Jets,North Sydney Bears,North Sydney Bears,Newtown Jets,8,17,3,7,2,3,1,4,0,0,25,9,Newtown Jets,North Sydney Bears,Away Win (17-8),8-17,Two 40-minute halves / 80 min,No,North Sydney Oval,Sydney,6269,Barry Bradstock,"North Sydney Bears: Rod Henniker (1T 1G), Alan Smith (1T) | Newtown Jets: Chris Doyle (1T), Brian Hetherington (1T) | Ref: Barry Bradstock",Newtown Jets defeated North Sydney Bears 17-8 in Round 9 at North Sydney Oval (Sydney).,Rugby League Project / NRL Official Archives (nrl.com)
53,NRL_1980_4382,1980,1980,NSWRFL,Regular Season,Round 9,1980-05-25,Sunday,15:00:00,Parramatta Eels,Western Suburbs Magpies,Western Suburbs Magpies,Parramatta Eels,21,17,12,9,4,2,4,5,1,1,38,4,Western Suburbs Magpies,Parramatta Eels,Home Win (21-17),21-17,Two 40-minute halves / 80 min,No,Lidcombe Oval,Sydney,16257,Kevin Roberts,"Western Suburbs Magpies: Warren Boland (2T), Wayne Buckley (1T) | Parramatta Eels: Tony Melrose (1T), Garry Dowling (1T) | Ref: Kevin Roberts",Western Suburbs Magpies defeated Parramatta Eels 21-17 in Round 9 at Lidcombe Oval (Sydney).,Rugby League Project / NRL Official Archives (nrl.com)
54,NRL_1980_4383,1980,1980,NSWRFL,Regular Season,Round 9,1980-05-25,Sunday,15:00:00,Cronulla Sutherland Sharks,Penrith Panthers,Penrith Panthers,Cronulla Sutherland Sharks,15,14,2,9,2,2,4,4,1,0,29,1,Penrith Panthers,Cronulla Sutherland Sharks,Home Win (15-14),15-14,Two 40-minute halves / 80 min,No,BlueBet Stadium,Sydney,7322,Denis Braybrook,"Penrith Panthers: Marvin Hicks (1T), Darryl Brohman (1T) | Cronulla Sutherland Sharks: Chris Gardner (1T), Gavin Miller (1T) | Ref: Denis Braybrook",Penrith Panthers defeated Cronulla Sutherland Sharks 15-14 in Round 9 at BlueBet Stadium (Sydney).,Rugby League Project / NRL Official Archives (nrl.com)
55,NRL_1980_4384,1980,1980,NSWRFL,Regular Season,Round 10,1980-05-31,Saturday,15:00:00,Manly Warringah Sea Eagles,Newtown Jets,Newtown Jets,Manly Warringah Sea Eagles,13,14,4,8,1,3,5,2,0,1,27,1,Manly Warringah Sea Eagles,Newtown Jets,Away Win (14-13),13-14,Two 40-minute halves / 80 min,No,Henson Park,Sydney,6319,Barry Bradstock,"Newtown Jets: Jim Walters (1T), Ken Wilson (0T 5G) | Manly Warringah Sea Eagles: Tom Mooney (1T), Ross Windshuttle (1T) | Ref: Barry Bradstock",Manly Warringah Sea Eagles defeated Newtown Jets 14-13 in Round 10 at Henson Park (Sydney).,Rugby League Project / NRL Official Archives (nrl.com)
56,NRL_1980_4385,1980,1980,NSWRFL,Regular Season,Round 10,1980-06-01,Sunday,15:00:00,Western Suburbs Magpies,South Sydney Rabbitohs,South Sydney Rabbitohs,Western Suburbs Magpies,26,10,13,0,4,2,7,2,0,0,36,16,South Sydney Rabbitohs,Western Suburbs Magpies,Home Win (26-10),26-10,Two 40-minute halves / 80 min,No,Redfern Oval,Sydney,7800,Kevin Roberts,"South Sydney Rabbitohs: Ziggy Niszczot (1T), Gary Knight (1T) | Western Suburbs Magpies: Alan Neil (1T), John Ribot (1T) | Ref: Kevin Roberts",South Sydney Rabbitohs defeated Western Suburbs Magpies 26-10 in Round 10 at Redfern Oval (Sydney).,Rugby League Project / NRL Official Archives (nrl.com)
57,NRL_1980_4386,1980,1980,NSWRFL,Regular Season,Round 10,1980-06-01,Sunday,15:00:00,St George Dragons,Balmain Tigers,Balmain Tigers,St George Dragons,27,16,12,8,5,4,6,2,0,0,43,11,Balmain Tigers,St George Dragons,Home Win (27-16),27-16,Two 40-minute halves / 80 min,No,Leichhardt Oval,Sydney,8389,Greg Hartley,"Balmain Tigers: Wayne Wigham (4T), Larry Corowa (1T) | St George Dragons: Brian Johnson (1T), Mitch Brennan (1T) | Ref: Greg Hartley",Balmain Tigers defeated St George Dragons 27-16 in Round 10 at Leichhardt Oval (Sydney).,Rugby League Project / NRL Official Archives (nrl.com)
58,NRL_1980_4387,1980,1980,NSWRFL,Regular Season,Round 10,1980-06-01,Sunday,15:00:00,North Sydney Bears,Cronulla Sutherland Sharks,Cronulla Sutherland Sharks,North Sydney Bears,18,7,7,7,4,1,3,2,0,0,25,11,Cronulla Sutherland Sharks,North Sydney Bears,Home Win (18-7),18-7,Two 40-minute halves / 80 min,No,Ocean Protect Stadium,Sydney,6841,Barry Goldsworthy,"Cronulla Sutherland Sharks: Ossie Welsh (1T), Chris Gardner (1T) | North Sydney Bears: Don McKinnon (1T), Rod Henniker (0T 2G) | Ref: Barry Goldsworthy",Cronulla Sutherland Sharks defeated North Sydney Bears 18-7 in Round 10 at Ocean Protect Stadium (Sydney).,Rugby League Project / NRL Official Archives (nrl.com)
59,NRL_1980_4388,1980,1980,NSWRFL,Regular Season,Round 10,1980-06-01,Sunday,15:00:00,Penrith Panthers,Eastern Suburbs Roosters,Eastern Suburbs Roosters,Penrith Panthers,26,2,10,2,6,0,4,1,0,0,28,24,Eastern Suburbs Roosters,Penrith Panthers,Home Win (26-2),26-2,Two 40-minute halves / 80 min,No,Sydney Sports Ground,Sydney,4672,John Gocher,"Eastern Suburbs Roosters: Marty Gurr (2T), Mal Connor (2T) | Penrith Panthers: Peter Schofield (0T 1G) | Ref: John Gocher",Eastern Suburbs Roosters defeated Penrith Panthers 26-2 in Round 10 at Sydney Sports Ground (Sydney).,Rugby League Project / NRL Official Archives (nrl.com)
60,NRL_1980_4389,1980,1980,NSWRFL,Regular Season,Round 10,1980-06-01,Sunday,15:00:00,Canterbury Bankstown Bulldogs,Parramatta Eels,Parramatta Eels,Canterbury Bankstown Bulldogs,16,5,5,2,4,1,2,1,0,0,21,11,Parramatta Eels,Canterbury Bankstown Bulldogs,Home Win (16-5),16-5,Two 40-minute halves / 80 min,No,Cumberland Oval,Sydney,12827,Jack Danzey Jnr,"Parramatta Eels: Neil Hunt (1T), Neville Glover (1T) | Canterbury Bankstown Bulldogs: Mark Hughes (1T), Steve Gearin (0T 1G) | Ref: Jack Danzey Jnr",Parramatta Eels defeated Canterbury Bankstown Bulldogs 16-5 in Round 10 at Cumberland Oval (Sydney).,Rugby League Project / NRL Official Archives (nrl.com)
61,NRL_1980_4390,1980,1980,NSWRFL,Regular Season,Round 11,1980-06-07,Saturday,15:00:00,Cronulla Sutherland Sharks,Manly Warringah Sea Eagles,Manly Warringah Sea Eagles,Cronulla Sutherland Sharks,17,14,9,9,2,2,5,4,1,0,31,3,Manly Warringah Sea Eagles,Cronulla Sutherland Sharks,Home Win (17-14),17-14,Two 40-minute halves / 80 min,No,4 Pines Park,Sydney,9458,John Gocher,"Manly Warringah Sea Eagles: Rick Chisholm (2T 5G) | Cronulla Sutherland Sharks: Greg Mullane (1T), Kurt Sorensen (1T) | Ref: John Gocher",Manly Warringah Sea Eagles defeated Cronulla Sutherland Sharks 17-14 in Round 11 at 4 Pines Park (Sydney).,Rugby League Project / NRL Official Archives (nrl.com)
62,NRL_1980_4391,1980,1980,NSWRFL,Regular Season,Round 11,1980-06-08,Sunday,15:00:00,South Sydney Rabbitohs,Canterbury Bankstown Bulldogs,Canterbury Bankstown Bulldogs,South Sydney Rabbitohs,18,9,10,5,4,1,3,3,0,0,27,9,Canterbury Bankstown Bulldogs,South Sydney Rabbitohs,Home Win (18-9),18-9,Two 40-minute halves / 80 min,No,Belmore Sports Ground,Sydney,15238,Barry Goldsworthy,"Canterbury Bankstown Bulldogs: Lee Pomfret (2T), Stan Cutler (1T) | South Sydney Rabbitohs: Ziggy Niszczot (1T), Eric Ferguson (0T 3G) | Ref: Barry Goldsworthy",Canterbury Bankstown Bulldogs defeated South Sydney Rabbitohs 18-9 in Round 11 at Belmore Sports Ground (Sydney).,Rugby League Project / NRL Official Archives (nrl.com)
63,NRL_1980_4392,1980,1980,NSWRFL,Regular Season,Round 11,1980-06-08,Sunday,15:00:00,Newtown Jets,Western Suburbs Magpies,Western Suburbs Magpies,Newtown Jets,17,12,10,4,3,0,4,6,0,0,29,5,Western Suburbs Magpies,Newtown Jets,Home Win (17-12),17-12,Two 40-minute halves / 80 min,No,Lidcombe Oval,Sydney,7671,Jack Danzey Jnr,"Western Suburbs Magpies: Ron Giteau (1T 4G), Warren Boland (1T) | Newtown Jets: Ken Wilson (0T 6G) | Ref: Jack Danzey Jnr",Western Suburbs Magpies defeated Newtown Jets 17-12 in Round 11 at Lidcombe Oval (Sydney).,Rugby League Project / NRL Official Archives (nrl.com)
64,NRL_1980_4393,1980,1980,NSWRFL,Regular Season,Round 11,1980-06-08,Sunday,15:00:00,North Sydney Bears,Penrith Panthers,Penrith Panthers,North Sydney Bears,10,27,5,18,2,5,2,6,0,0,37,17,North Sydney Bears,Penrith Panthers,Away Win (27-10),10-27,Two 40-minute halves / 80 min,No,BlueBet Stadium,Sydney,5110,Martin Weekes,"Penrith Panthers: Marvin Hicks (1T), Steve Martin (1T) | North Sydney Bears: Paul Keogh (4T), Keith Harris (1T) | Ref: Martin Weekes",North Sydney Bears defeated Penrith Panthers 27-10 in Round 11 at BlueBet Stadium (Sydney).,Rugby League Project / NRL Official Archives (nrl.com)
65,NRL_1980_4394,1980,1980,NSWRFL,Regular Season,Round 11,1980-06-08,Sunday,15:00:00,Parramatta Eels,St George Dragons,St George Dragons,Parramatta Eels,12,19,7,14,2,3,3,5,0,0,31,7,Parramatta Eels,St George Dragons,Away Win (19-12),12-19,Two 40-minute halves / 80 min,No,Jubilee Stadium,Sydney,18181,Barry Bradstock,"St George Dragons: Mitch Brennan (1T), Steve Morris (1T) | Parramatta Eels: Neil Hunt (1T), Graeme Atkins (1T) | Ref: Barry Bradstock",Parramatta Eels defeated St George Dragons 19-12 in Round 11 at Jubilee Stadium (Sydney).,Rugby League Project / NRL Official Archives (nrl.com)
66,NRL_1980_4395,1980,1980,NSWRFL,Regular Season,Round 11,1980-06-08,Sunday,15:00:00,Balmain Tigers,Eastern Suburbs Roosters,Eastern Suburbs Roosters,Balmain Tigers,15,23,5,6,3,5,3,4,0,0,38,8,Balmain Tigers,Eastern Suburbs Roosters,Away Win (23-15),15-23,Two 40-minute halves / 80 min,No,Sydney Sports Ground,Sydney,10662,Kevin Roberts,"Eastern Suburbs Roosters: Marty Gurr (1T), Steve McFarlane (1T) | Balmain Tigers: Wayne Wigham (2T), Ron Pilon (2T) | Ref: Kevin Roberts",Balmain Tigers defeated Eastern Suburbs Roosters 23-15 in Round 11 at Sydney Sports Ground (Sydney).,Rugby League Project / NRL Official Archives (nrl.com)
67,NRL_1980_4396,1980,1980,NSWRFL,Regular Season,Round 12,1980-06-14,Saturday,15:00:00,Penrith Panthers,Parramatta Eels,Parramatta Eels,Penrith Panthers,19,9,9,4,3,1,5,3,0,0,28,10,Parramatta Eels,Penrith Panthers,Home Win (19-9),19-9,Two 40-minute halves / 80 min,No,Cumberland Oval,Sydney,5775,Chris Ward,"Parramatta Eels: Peter Wynn (2T), Neil Hunt (1T) | Penrith Panthers: Marvin Hicks (1T), Graeme Jennings (0T 3G) | Ref: Chris Ward",Parramatta Eels defeated Penrith Panthers 19-9 in Round 12 at Cumberland Oval (Sydney).,Rugby League Project / NRL Official Archives (nrl.com)
68,NRL_1980_4402,1980,1980,NSWRFL,Regular Season,Round 13,1980-06-21,Saturday,15:00:00,St George Dragons,South Sydney Rabbitohs,South Sydney Rabbitohs,St George Dragons,17,18,10,7,3,4,4,3,0,0,35,1,St George Dragons,South Sydney Rabbitohs,Away Win (18-17),17-18,Two 40-minute halves / 80 min,No,Redfern Oval,Sydney,8254,Barry Bradstock,"South Sydney Rabbitohs: Gary Knight (1T), Robert Laurie (1T) | St George Dragons: Brian Johnson (3T), John Dowling (1T) | Ref: Barry Bradstock",St George Dragons defeated South Sydney Rabbitohs 18-17 in Round 13 at Redfern Oval (Sydney).,Rugby League Project / NRL Official Archives (nrl.com)
69,NRL_1980_4403,1980,1980,NSWRFL,Regular Season,Round 13,1980-06-22,Sunday,15:00:00,Penrith Panthers,Manly Warringah Sea Eagles,Manly Warringah Sea Eagles,Penrith Panthers,20,14,9,9,2,2,7,4,0,0,34,6,Manly Warringah Sea Eagles,Penrith Panthers,Home Win (20-14),20-14,Two 40-minute halves / 80 min,No,4 Pines Park,Sydney,9027,Chris Ward,"Manly Warringah Sea Eagles: Tom Mooney (1T), Fred Teasdell (1T) | Penrith Panthers: Graeme Jennings (1T 4G), Marvin Hicks (1T) | Ref: Chris Ward",Manly Warringah Sea Eagles defeated Penrith Panthers 20-14 in Round 13 at 4 Pines Park (Sydney).,Rugby League Project / NRL Official Archives (nrl.com)
70,NRL_1980_4404,1980,1980,NSWRFL,Regular Season,Round 13,1980-06-22,Sunday,15:00:00,Newtown Jets,Canterbury Bankstown Bulldogs,Canterbury Bankstown Bulldogs,Newtown Jets,22,8,12,0,4,2,5,1,0,0,30,14,Canterbury Bankstown Bulldogs,Newtown Jets,Home Win (22-8),22-8,Two 40-minute halves / 80 min,No,Belmore Sports Ground,Sydney,12817,John Gocher,"Canterbury Bankstown Bulldogs: Steve Gearin (1T 5G), Stan Cutler (1T) | Newtown Jets: Ken Wilson (1T 1G), Geoff Bugden (1T) | Ref: John Gocher",Canterbury Bankstown Bulldogs defeated Newtown Jets 22-8 in Round 13 at Belmore Sports Ground (Sydney).,Rugby League Project / NRL Official Archives (nrl.com)
71,NRL_1980_4405,1980,1980,NSWRFL,Regular Season,Round 13,1980-06-22,Sunday,15:00:00,Balmain Tigers,Parramatta Eels,Parramatta Eels,Balmain Tigers,11,10,9,5,1,2,4,2,0,0,21,1,Parramatta Eels,Balmain Tigers,Home Win (11-10),11-10,Two 40-minute halves / 80 min,No,Cumberland Oval,Sydney,14549,Barry Goldsworthy,"Parramatta Eels: John Chapman (1T), Michael Cronin (0T 4G) | Balmain Tigers: Wayne Wigham (1T), Larry Corowa (1T) | Ref: Barry Goldsworthy",Parramatta Eels defeated Balmain Tigers 11-10 in Round 13 at Cumberland Oval (Sydney).,Rugby League Project / NRL Official Archives (nrl.com)
72,NRL_1980_4406,1980,1980,NSWRFL,Regular Season,Round 13,1980-06-22,Sunday,15:00:00,Cronulla Sutherland Sharks,Western Suburbs Magpies,Western Suburbs Magpies,Cronulla Sutherland Sharks,16,11,12,4,2,1,5,4,0,0,27,5,Western Suburbs Magpies,Cronulla Sutherland Sharks,Home Win (16-11),16-11,Two 40-minute halves / 80 min,No,Lidcombe Oval,Sydney,8101,Jack Danzey Jnr,"Western Suburbs Magpies: Ron Giteau (1T 5G), Alan Neil (1T) | Cronulla Sutherland Sharks: Steve Rogers (1T 4G) | Ref: Jack Danzey Jnr",Western Suburbs Magpies defeated Cronulla Sutherland Sharks 16-11 in Round 13 at Lidcombe Oval (Sydney).,Rugby League Project / NRL Official Archives (nrl.com)
73,NRL_1980_4407,1980,1980,NSWRFL,Regular Season,Round 13,1980-06-22,Sunday,15:00:00,Eastern Suburbs Roosters,North Sydney Bears,North Sydney Bears,Eastern Suburbs Roosters,11,11,9,2,1,1,4,4,0,0,22,0,Draw,Draw,Draw (11-11),11-11,Two 40-minute halves / 80 min,No (Draw),North Sydney Oval,Sydney,5100,Martin Weekes,"North Sydney Bears: Don McKinnon (1T), Rod Henniker (0T 4G) | Eastern Suburbs Roosters: Barry Andrews (1T 4G) | Ref: Martin Weekes",North Sydney Bears and Eastern Suburbs Roosters played to a 11-11 draw in Round 13 at North Sydney Oval (Sydney).,Rugby League Project / NRL Official Archives (nrl.com)
74,NRL_1980_4408,1980,1980,NSWRFL,Regular Season,Round 14,1980-06-28,Saturday,15:00:00,Parramatta Eels,Eastern Suburbs Roosters,Eastern Suburbs Roosters,Parramatta Eels,6,3,3,0,2,1,0,0,0,0,9,3,Eastern Suburbs Roosters,Parramatta Eels,Home Win (6-3),6-3,Two 40-minute halves / 80 min,No,Sydney Sports Ground,Sydney,11740,Greg Hartley,Eastern Suburbs Roosters: Kerry Boustead (2T) | Parramatta Eels: Peter Sterling (1T) | Ref: Greg Hartley,Eastern Suburbs Roosters defeated Parramatta Eels 6-3 in Round 14 at Sydney Sports Ground (Sydney).,Rugby League Project / NRL Official Archives (nrl.com)
75,NRL_1980_4409,1980,1980,NSWRFL,Regular Season,Round 14,1980-06-29,Sunday,15:00:00,Western Suburbs Magpies,Penrith Panthers,Penrith Panthers,Western Suburbs Magpies,10,37,5,18,2,9,2,5,0,0,47,27,Western Suburbs Magpies,Penrith Panthers,Away Win (37-10),10-37,Two 40-minute halves / 80 min,No,BlueBet Stadium,Sydney,6578,Jack Danzey Jnr,"Penrith Panthers: Kevin Dann (1T), Marvin Hicks (1T) | Western Suburbs Magpies: Terry Lamb (3T), Bob Cooper (2T) | Ref: Jack Danzey Jnr",Western Suburbs Magpies defeated Penrith Panthers 37-10 in Round 14 at BlueBet Stadium (Sydney).,Rugby League Project / NRL Official Archives (nrl.com)
76,NRL_1980_4410,1980,1980,NSWRFL,Regular Season,Round 14,1980-06-29,Sunday,15:00:00,South Sydney Rabbitohs,Balmain Tigers,Balmain Tigers,South Sydney Rabbitohs,5,18,5,5,1,4,1,3,0,0,23,13,South Sydney Rabbitohs,Balmain Tigers,Away Win (18-5),5-18,Two 40-minute halves / 80 min,No,Leichhardt Oval,Sydney,6679,Martin Weekes,"Balmain Tigers: Percy Knight (1T), Wayne Miranda (0T 1G) | South Sydney Rabbitohs: Ziggy Niszczot (1T), Gary Wright (1T) | Ref: Martin Weekes",South Sydney Rabbitohs defeated Balmain Tigers 18-5 in Round 14 at Leichhardt Oval (Sydney).,Rugby League Project / NRL Official Archives (nrl.com)
77,NRL_1980_4411,1980,1980,NSWRFL,Regular Season,Round 14,1980-06-29,Sunday,15:00:00,Cronulla Sutherland Sharks,Canterbury Bankstown Bulldogs,Canterbury Bankstown Bulldogs,Cronulla Sutherland Sharks,13,10,8,5,1,2,5,2,0,0,23,3,Canterbury Bankstown Bulldogs,Cronulla Sutherland Sharks,Home Win (13-10),13-10,Two 40-minute halves / 80 min,No,Belmore Sports Ground,Sydney,10456,Barry Bradstock,"Canterbury Bankstown Bulldogs: Mal Creevey (1T), Steve Gearin (0T 5G) | Cronulla Sutherland Sharks: Garry Cameron (1T), Rowland Beckett (1T) | Ref: Barry Bradstock",Canterbury Bankstown Bulldogs defeated Cronulla Sutherland Sharks 13-10 in Round 14 at Belmore Sports Ground (Sydney).,Rugby League Project / NRL Official Archives (nrl.com)
78,NRL_1980_4412,1980,1980,NSWRFL,Regular Season,Round 14,1980-06-29,Sunday,15:00:00,Manly Warringah Sea Eagles,North Sydney Bears,North Sydney Bears,Manly Warringah Sea Eagles,10,9,4,9,0,1,5,3,0,0,19,1,North Sydney Bears,Manly Warringah Sea Eagles,Home Win (10-9),10-9,Two 40-minute halves / 80 min,No,North Sydney Oval,Sydney,6157,Barry Goldsworthy,"North Sydney Bears: Rod Henniker (0T 5G) | Manly Warringah Sea Eagles: Ross Windshuttle (1T), Graham Eadie (0T 3G) | Ref: Barry Goldsworthy",North Sydney Bears defeated Manly Warringah Sea Eagles 10-9 in Round 14 at North Sydney Oval (Sydney).,Rugby League Project / NRL Official Archives (nrl.com)
79,NRL_1980_4413,1980,1980,NSWRFL,Regular Season,Round 14,1980-06-29,Sunday,15:00:00,Newtown Jets,St George Dragons,St George Dragons,Newtown Jets,19,15,11,5,3,3,5,3,0,0,34,4,St George Dragons,Newtown Jets,Home Win (19-15),19-15,Two 40-minute halves / 80 min,No,Jubilee Stadium,Sydney,8414,John Gocher,"St George Dragons: Graeme Wynn (1T 5G), Brian Johnson (1T) | Newtown Jets: Ken Wilson (1T 3G), Mick Ryan (1T) | Ref: John Gocher",St George Dragons defeated Newtown Jets 19-15 in Round 14 at Jubilee Stadium (Sydney).,Rugby League Project / NRL Official Archives (nrl.com)
80,NRL_1980_4414,1980,1980,NSWRFL,Regular Season,Round 15,1980-07-05,Saturday,15:00:00,North Sydney Bears,Western Suburbs Magpies,Western Suburbs Magpies,North Sydney Bears,39,8,10,6,7,0,9,4,0,0,47,31,Western Suburbs Magpies,North Sydney Bears,Home Win (39-8),39-8,Two 40-minute halves / 80 min,No,Lidcombe Oval,Sydney,6441,John Gocher,"Western Suburbs Magpies: Ron Brodrick (3T), Ron Giteau (1T 9G) | North Sydney Bears: Rod Henniker (0T 4G) | Ref: John Gocher",Western Suburbs Magpies defeated North Sydney Bears 39-8 in Round 15 at Lidcombe Oval (Sydney).,Rugby League Project / NRL Official Archives (nrl.com)
81,NRL_1980_4415,1980,1980,NSWRFL,Regular Season,Round 15,1980-07-06,Sunday,15:00:00,Newtown Jets,Balmain Tigers,Balmain Tigers,Newtown Jets,11,19,4,2,1,3,4,5,0,0,30,8,Newtown Jets,Balmain Tigers,Away Win (19-11),11-19,Two 40-minute halves / 80 min,No,Leichhardt Oval,Sydney,6075,Kevin Roberts,"Balmain Tigers: Olsen Filipaina (1T), Wayne Miranda (0T 4G) | Newtown Jets: Ken Wilson (1T 5G), Mick Pitman (1T) | Ref: Kevin Roberts",Newtown Jets defeated Balmain Tigers 19-11 in Round 15 at Leichhardt Oval (Sydney).,Rugby League Project / NRL Official Archives (nrl.com)
82,NRL_1980_4416,1980,1980,NSWRFL,Regular Season,Round 15,1980-07-06,Sunday,15:00:00,Penrith Panthers,Canterbury Bankstown Bulldogs,Canterbury Bankstown Bulldogs,Penrith Panthers,14,10,7,5,2,2,4,2,0,0,24,4,Canterbury Bankstown Bulldogs,Penrith Panthers,Home Win (14-10),14-10,Two 40-minute halves / 80 min,No,Belmore Sports Ground,Sydney,9146,Martin Weekes,"Canterbury Bankstown Bulldogs: Steve Gearin (1T 4G), Greg Brentnall (1T) | Penrith Panthers: Mark Ross (2T), Peter Schofield (0T 2G) | Ref: Martin Weekes",Canterbury Bankstown Bulldogs defeated Penrith Panthers 14-10 in Round 15 at Belmore Sports Ground (Sydney).,Rugby League Project / NRL Official Archives (nrl.com)
83,NRL_1980_4417,1980,1980,NSWRFL,Regular Season,Round 15,1980-07-06,Sunday,15:00:00,St George Dragons,Cronulla Sutherland Sharks,Cronulla Sutherland Sharks,St George Dragons,12,25,5,10,2,5,3,5,0,0,37,13,St George Dragons,Cronulla Sutherland Sharks,Away Win (25-12),12-25,Two 40-minute halves / 80 min,No,Ocean Protect Stadium,Sydney,14249,Barry Goldsworthy,"Cronulla Sutherland Sharks: Tony Graham (1T), Greg Mullane (1T) | St George Dragons: Robert Finch (2T), Brian Johnson (1T) | Ref: Barry Goldsworthy",St George Dragons defeated Cronulla Sutherland Sharks 25-12 in Round 15 at Ocean Protect Stadium (Sydney).,Rugby League Project / NRL Official Archives (nrl.com)
84,NRL_1980_4418,1980,1980,NSWRFL,Regular Season,Round 15,1980-07-06,Sunday,15:00:00,Manly Warringah Sea Eagles,Eastern Suburbs Roosters,Eastern Suburbs Roosters,Manly Warringah Sea Eagles,29,9,8,4,7,1,4,3,0,0,38,20,Eastern Suburbs Roosters,Manly Warringah Sea Eagles,Home Win (29-9),29-9,Two 40-minute halves / 80 min,No,Sydney Sports Ground,Sydney,10949,Greg Hartley,"Eastern Suburbs Roosters: Ken Wright (2T 4G), Ian Schubert (1T) | Manly Warringah Sea Eagles: Ross Windshuttle (1T), Graham Eadie (0T 3G) | Ref: Greg Hartley",Eastern Suburbs Roosters defeated Manly Warringah Sea Eagles 29-9 in Round 15 at Sydney Sports Ground (Sydney).,Rugby League Project / NRL Official Archives (nrl.com)
85,NRL_1980_4419,1980,1980,NSWRFL,Regular Season,Round 15,1980-07-06,Sunday,15:00:00,Parramatta Eels,South Sydney Rabbitohs,South Sydney Rabbitohs,Parramatta Eels,28,12,13,7,6,2,5,3,0,0,40,16,South Sydney Rabbitohs,Parramatta Eels,Home Win (28-12),28-12,Two 40-minute halves / 80 min,No,Redfern Oval,Sydney,9752,Jack Danzey Jnr,"South Sydney Rabbitohs: Shane Arneil (2T), Nathan Gibbs (2T) | Parramatta Eels: Peter Sterling (1T), Steve Edge (1T) | Ref: Jack Danzey Jnr",South Sydney Rabbitohs defeated Parramatta Eels 28-12 in Round 15 at Redfern Oval (Sydney).,Rugby League Project / NRL Official Archives (nrl.com)
86,NRL_1980_4420,1980,1980,NSWRFL,Regular Season,Round 16,1980-07-12,Saturday,15:00:00,Balmain Tigers,Cronulla Sutherland Sharks,Cronulla Sutherland Sharks,Balmain Tigers,33,14,17,6,5,2,9,4,0,0,47,19,Cronulla Sutherland Sharks,Balmain Tigers,Home Win (33-14),33-14,Two 40-minute halves / 80 min,No,Ocean Protect Stadium,Sydney,5215,Barry Goldsworthy,"Cronulla Sutherland Sharks: Steve Rogers (2T 9G), Gavin Miller (2T) | Balmain Tigers: Larry Corowa (1T), Lloyd Martin (1T) | Ref: Barry Goldsworthy",Cronulla Sutherland Sharks defeated Balmain Tigers 33-14 in Round 16 at Ocean Protect Stadium (Sydney).,Rugby League Project / NRL Official Archives (nrl.com)
87,NRL_1980_4421,1980,1980,NSWRFL,Regular Season,Round 16,1980-07-13,Sunday,15:00:00,Western Suburbs Magpies,Manly Warringah Sea Eagles,Manly Warringah Sea Eagles,Western Suburbs Magpies,11,8,9,0,1,2,4,1,0,0,19,3,Manly Warringah Sea Eagles,Western Suburbs Magpies,Home Win (11-8),11-8,Two 40-minute halves / 80 min,No,4 Pines Park,Sydney,18056,Greg Hartley,"Manly Warringah Sea Eagles: Fred Teasdell (1T), Graham Eadie (0T 4G) | Western Suburbs Magpies: John Ribot (1T), Terry Lamb (1T) | Ref: Greg Hartley",Manly Warringah Sea Eagles defeated Western Suburbs Magpies 11-8 in Round 16 at 4 Pines Park (Sydney).,Rugby League Project / NRL Official Archives (nrl.com)
88,NRL_1980_4422,1980,1980,NSWRFL,Regular Season,Round 16,1980-07-13,Sunday,15:00:00,St George Dragons,Penrith Panthers,Penrith Panthers,St George Dragons,20,24,14,7,2,4,7,6,0,0,44,4,St George Dragons,Penrith Panthers,Away Win (24-20),20-24,Two 40-minute halves / 80 min,No,BlueBet Stadium,Sydney,9683,Kevin Roberts,"Penrith Panthers: John Ryan (1T), Henry Foster (1T) | St George Dragons: Brian Johnson (1T), Steve Morris (1T) | Ref: Kevin Roberts",St George Dragons defeated Penrith Panthers 24-20 in Round 16 at BlueBet Stadium (Sydney).,Rugby League Project / NRL Official Archives (nrl.com)
89,NRL_1980_4423,1980,1980,NSWRFL,Regular Season,Round 16,1980-07-13,Sunday,15:00:00,North Sydney Bears,Canterbury Bankstown Bulldogs,Canterbury Bankstown Bulldogs,North Sydney Bears,23,2,7,2,5,0,4,1,0,0,25,21,Canterbury Bankstown Bulldogs,North Sydney Bears,Home Win (23-2),23-2,Two 40-minute halves / 80 min,No,Belmore Sports Ground,Sydney,9323,Martin Weekes,"Canterbury Bankstown Bulldogs: Steve Gearin (3T 4G), Chris Anderson (1T) | North Sydney Bears: Rod Henniker (0T 1G) | Ref: Martin Weekes",Canterbury Bankstown Bulldogs defeated North Sydney Bears 23-2 in Round 16 at Belmore Sports Ground (Sydney).,Rugby League Project / NRL Official Archives (nrl.com)
90,NRL_1980_4424,1980,1980,NSWRFL,Regular Season,Round 16,1980-07-13,Sunday,15:00:00,Newtown Jets,Parramatta Eels,Parramatta Eels,Newtown Jets,37,6,3,6,7,0,8,3,0,0,43,31,Parramatta Eels,Newtown Jets,Home Win (37-6),37-6,Two 40-minute halves / 80 min,No,Cumberland Oval,Sydney,11511,John Gocher,"Parramatta Eels: Neville Glover (2T), Steve Edge (2T) | Newtown Jets: Ken Wilson (0T 3G) | Ref: John Gocher",Parramatta Eels defeated Newtown Jets 37-6 in Round 16 at Cumberland Oval (Sydney).,Rugby League Project / NRL Official Archives (nrl.com)
91,NRL_1980_4425,1980,1980,NSWRFL,Regular Season,Round 16,1980-07-13,Sunday,15:00:00,Eastern Suburbs Roosters,South Sydney Rabbitohs,South Sydney Rabbitohs,Eastern Suburbs Roosters,7,5,7,0,1,1,2,1,0,0,12,2,South Sydney Rabbitohs,Eastern Suburbs Roosters,Home Win (7-5),7-5,Two 40-minute halves / 80 min,No,Redfern Oval,Sydney,12611,Jack Danzey Jnr,"South Sydney Rabbitohs: Gary Hambly (1T), Steve Walsh (0T 2G) | Eastern Suburbs Roosters: Noel Cleal (1T), Ken Wright (0T 1G) | Ref: Jack Danzey Jnr",South Sydney Rabbitohs defeated Eastern Suburbs Roosters 7-5 in Round 16 at Redfern Oval (Sydney).,Rugby League Project / NRL Official Archives (nrl.com)
92,NRL_1980_4426,1980,1980,NSWRFL,Regular Season,Round 17,1980-07-19,Saturday,15:00:00,South Sydney Rabbitohs,Newtown Jets,Newtown Jets,South Sydney Rabbitohs,12,15,7,3,2,3,3,3,0,0,27,3,South Sydney Rabbitohs,Newtown Jets,Away Win (15-12),12-15,Two 40-minute halves / 80 min,No,Henson Park,Sydney,5724,Martin Weekes,"Newtown Jets: Chris Doyle (1T), Geoff Bugden (1T) | South Sydney Rabbitohs: Joe Squadrito (2T), Nathan Gibbs (1T) | Ref: Martin Weekes",South Sydney Rabbitohs defeated Newtown Jets 15-12 in Round 17 at Henson Park (Sydney).,Rugby League Project / NRL Official Archives (nrl.com)
93,NRL_1980_4427,1980,1980,NSWRFL,Regular Season,Round 17,1980-07-20,Sunday,15:00:00,Manly Warringah Sea Eagles,Canterbury Bankstown Bulldogs,Canterbury Bankstown Bulldogs,Manly Warringah Sea Eagles,11,10,2,7,1,2,4,2,0,0,21,1,Canterbury Bankstown Bulldogs,Manly Warringah Sea Eagles,Home Win (11-10),11-10,Two 40-minute halves / 80 min,No,Belmore Sports Ground,Sydney,16047,John Gocher,"Canterbury Bankstown Bulldogs: Steve Gearin (1T 4G) | Manly Warringah Sea Eagles: Simon Booth (1T), Steve Martin (1T) | Ref: John Gocher",Canterbury Bankstown Bulldogs defeated Manly Warringah Sea Eagles 11-10 in Round 17 at Belmore Sports Ground (Sydney).,Rugby League Project / NRL Official Archives (nrl.com)
94,NRL_1980_4428,1980,1980,NSWRFL,Regular Season,Round 17,1980-07-20,Sunday,15:00:00,Parramatta Eels,Cronulla Sutherland Sharks,Cronulla Sutherland Sharks,Parramatta Eels,7,32,2,17,1,6,2,7,0,0,39,25,Parramatta Eels,Cronulla Sutherland Sharks,Away Win (32-7),7-32,Two 40-minute halves / 80 min,No,Ocean Protect Stadium,Sydney,11742,Jack Danzey Jnr,"Cronulla Sutherland Sharks: Steve Rogers (1T 2G) | Parramatta Eels: Michael Cronin (1T 7G), Neville Glover (1T) | Ref: Jack Danzey Jnr",Parramatta Eels defeated Cronulla Sutherland Sharks 32-7 in Round 17 at Ocean Protect Stadium (Sydney).,Rugby League Project / NRL Official Archives (nrl.com)
95,NRL_1980_4429,1980,1980,NSWRFL,Regular Season,Round 17,1980-07-20,Sunday,15:00:00,North Sydney Bears,St George Dragons,St George Dragons,North Sydney Bears,18,10,10,5,4,2,3,2,0,0,28,8,St George Dragons,North Sydney Bears,Home Win (18-10),18-10,Two 40-minute halves / 80 min,No,Jubilee Stadium,Sydney,6291,Kevin Roberts,"St George Dragons: Philip Graham (2T), Brian Johnson (1T) | North Sydney Bears: Larry Kelly (1T 2G), Keith Harris (1T) | Ref: Kevin Roberts",St George Dragons defeated North Sydney Bears 18-10 in Round 17 at Jubilee Stadium (Sydney).,Rugby League Project / NRL Official Archives (nrl.com)
96,NRL_1980_4430,1980,1980,NSWRFL,Regular Season,Round 17,1980-07-20,Sunday,15:00:00,Balmain Tigers,Penrith Panthers,Penrith Panthers,Balmain Tigers,5,46,0,31,1,10,1,8,0,0,51,41,Balmain Tigers,Penrith Panthers,Away Win (46-5),5-46,Two 40-minute halves / 80 min,No,BlueBet Stadium,Sydney,5450,Barry Goldsworthy,"Penrith Panthers: John Ryan (1T), Graeme Jennings (0T 1G) | Balmain Tigers: Olsen Filipaina (3T), Wayne Wigham (2T) | Ref: Barry Goldsworthy",Balmain Tigers defeated Penrith Panthers 46-5 in Round 17 at BlueBet Stadium (Sydney).,Rugby League Project / NRL Official Archives (nrl.com)
97,NRL_1980_4431,1980,1980,NSWRFL,Regular Season,Round 17,1980-07-20,Sunday,15:00:00,Eastern Suburbs Roosters,Western Suburbs Magpies,Western Suburbs Magpies,Eastern Suburbs Roosters,14,26,12,14,2,4,4,7,0,0,40,12,Eastern Suburbs Roosters,Western Suburbs Magpies,Away Win (26-14),14-26,Two 40-minute halves / 80 min,No,Lidcombe Oval,Sydney,10531,Greg Hartley,"Western Suburbs Magpies: John Ribot (1T), Alan Neil (1T) | Eastern Suburbs Roosters: Kevin Hastings (2T), Russell Fairfax (1T) | Ref: Greg Hartley",Eastern Suburbs Roosters defeated Western Suburbs Magpies 26-14 in Round 17 at Lidcombe Oval (Sydney).,Rugby League Project / NRL Official Archives (nrl.com)
98,NRL_1980_4397,1980,1980,NSWRFL,Regular Season,Round 12,1980-07-26,Saturday,15:00:00,North Sydney Bears,Balmain Tigers,Balmain Tigers,North Sydney Bears,37,14,17,6,7,4,8,1,0,0,51,23,Balmain Tigers,North Sydney Bears,Home Win (37-14),37-14,Two 40-minute halves / 80 min,No,Leichhardt Oval,Sydney,3546,Kevin Roberts,"Balmain Tigers: Lloyd Martin (2T), Allan McMahon (1T) | North Sydney Bears: Larry Kelly (2T 1G), Kevin Wilson (1T) | Ref: Kevin Roberts",Balmain Tigers defeated North Sydney Bears 37-14 in Round 12 at Leichhardt Oval (Sydney).,Rugby League Project / NRL Official Archives (nrl.com)
99,NRL_1980_4398,1980,1980,NSWRFL,Regular Season,Round 12,1980-07-27,Sunday,15:00:00,Western Suburbs Magpies,Canterbury Bankstown Bulldogs,Canterbury Bankstown Bulldogs,Western Suburbs Magpies,9,29,2,10,1,6,3,5,0,1,38,20,Western Suburbs Magpies,Canterbury Bankstown Bulldogs,Away Win (29-9),9-29,Two 40-minute halves / 80 min,No,Belmore Sports Ground,Sydney,16439,Jack Danzey Jnr,"Canterbury Bankstown Bulldogs: Lee Pomfret (1T), Steve Gearin (0T 3G) | Western Suburbs Magpies: Wayne Smith (2T), John Ribot (2T) | Ref: Jack Danzey Jnr",Western Suburbs Magpies defeated Canterbury Bankstown Bulldogs 29-9 in Round 12 at Belmore Sports Ground (Sydney).,Rugby League Project / NRL Official Archives (nrl.com)
100,NRL_1980_4399,1980,1980,NSWRFL,Regular Season,Round 12,1980-07-27,Sunday,15:00:00,Manly Warringah Sea Eagles,St George Dragons,St George Dragons,Manly Warringah Sea Eagles,19,19,4,9,3,3,5,5,0,0,38,0,Draw,Draw,Draw (19-19),19-19,Two 40-minute halves / 80 min,No (Draw),Jubilee Stadium,Sydney,18153,Greg Hartley,"St George Dragons: Mitch Brennan (1T), Brian Johnston (1T) | Manly Warringah Sea Eagles: Graham Eadie (1T 5G), Simon Booth (1T) | Ref: Greg Hartley",St George Dragons and Manly Warringah Sea Eagles played to a 19-19 draw in Round 12 at Jubilee Stadium (Sydney).,Rugby League Project / NRL Official Archives (nrl.com)
101,NRL_1980_4400,1980,1980,NSWRFL,Regular Season,Round 12,1980-07-27,Sunday,15:00:00,Cronulla Sutherland Sharks,South Sydney Rabbitohs,South Sydney Rabbitohs,Cronulla Sutherland Sharks,6,6,4,3,0,2,3,0,0,0,12,0,Draw,Draw,Draw (6-6),6-6,Two 40-minute halves / 80 min,No (Draw),Redfern Oval,Sydney,7604,John Gocher,"South Sydney Rabbitohs: Eric Ferguson (0T 3G) | Cronulla Sutherland Sharks: Mick Mullane Jnr (1T), Rick Bourke (1T) | Ref: John Gocher",South Sydney Rabbitohs and Cronulla Sutherland Sharks played to a 6-6 draw in Round 12 at Redfern Oval (Sydney).,Rugby League Project / NRL Official Archives (nrl.com)
102,NRL_1980_4401,1980,1980,NSWRFL,Regular Season,Round 12,1980-07-27,Sunday,15:00:00,Eastern Suburbs Roosters,Newtown Jets,Newtown Jets,Eastern Suburbs Roosters,5,19,5,6,1,3,1,5,0,0,24,14,Eastern Suburbs Roosters,Newtown Jets,Away Win (19-5),5-19,Two 40-minute halves / 80 min,No,Henson Park,Sydney,4769,Barry Goldsworthy,"Newtown Jets: Mick Ryan (1T), Ken Wilson (0T 1G) | Eastern Suburbs Roosters: Marty Gurr (1T), Steve McFarlane (1T) | Ref: Barry Goldsworthy",Eastern Suburbs Roosters defeated Newtown Jets 19-5 in Round 12 at Henson Park (Sydney).,Rugby League Project / NRL Official Archives (nrl.com)
103,NRL_1980_4432,1980,1980,NSWRFL,Regular Season,Round 18,1980-08-02,Saturday,15:00:00,St George Dragons,Western Suburbs Magpies,Western Suburbs Magpies,St George Dragons,15,10,7,5,2,2,4,2,1,0,25,5,Western Suburbs Magpies,St George Dragons,Home Win (15-10),15-10,Two 40-minute halves / 80 min,No,Lidcombe Oval,Sydney,17492,Jack Danzey Jnr,"Western Suburbs Magpies: Jim Leis (1T), Alan Neil (1T) | St George Dragons: Brian Johnston (1T), Grahame Buckley (1T) | Ref: Jack Danzey Jnr",Western Suburbs Magpies defeated St George Dragons 15-10 in Round 18 at Lidcombe Oval (Sydney).,Rugby League Project / NRL Official Archives (nrl.com)
104,NRL_1980_4433,1980,1980,NSWRFL,Regular Season,Round 18,1980-08-03,Sunday,15:00:00,Parramatta Eels,North Sydney Bears,North Sydney Bears,Parramatta Eels,18,27,7,18,4,5,3,6,0,0,45,9,Parramatta Eels,North Sydney Bears,Away Win (27-18),18-27,Two 40-minute halves / 80 min,No,North Sydney Oval,Sydney,6006,Barry Goldsworthy,"North Sydney Bears: Mark Harris (2T), Don McKinnon (1T) | Parramatta Eels: Neville Glover (2T), Michael Cronin (1T 6G) | Ref: Barry Goldsworthy",Parramatta Eels defeated North Sydney Bears 27-18 in Round 18 at North Sydney Oval (Sydney).,Rugby League Project / NRL Official Archives (nrl.com)
105,NRL_1980_4434,1980,1980,NSWRFL,Regular Season,Round 18,1980-08-03,Sunday,15:00:00,South Sydney Rabbitohs,Penrith Panthers,Penrith Panthers,South Sydney Rabbitohs,17,22,12,8,3,4,4,5,0,0,39,5,South Sydney Rabbitohs,Penrith Panthers,Away Win (22-17),17-22,Two 40-minute halves / 80 min,No,BlueBet Stadium,Sydney,5965,Denis Braybrook,"Penrith Panthers: Ken Wolffe (1T), Bruce Trudgett (1T) | South Sydney Rabbitohs: Joe Squadrito (1T), Gary Wright (1T) | Ref: Denis Braybrook",South Sydney Rabbitohs defeated Penrith Panthers 22-17 in Round 18 at BlueBet Stadium (Sydney).,Rugby League Project / NRL Official Archives (nrl.com)
106,NRL_1980_4435,1980,1980,NSWRFL,Regular Season,Round 18,1980-08-03,Sunday,15:00:00,Manly Warringah Sea Eagles,Balmain Tigers,Balmain Tigers,Manly Warringah Sea Eagles,10,18,5,9,2,2,2,6,0,0,28,8,Manly Warringah Sea Eagles,Balmain Tigers,Away Win (18-10),10-18,Two 40-minute halves / 80 min,No,Leichhardt Oval,Sydney,8662,Kevin Roberts,"Balmain Tigers: Wayne Wigham (1T), Neil Whittaker (1T) | Manly Warringah Sea Eagles: Martin Meredith (1T), Les Boyd (1T) | Ref: Kevin Roberts",Manly Warringah Sea Eagles defeated Balmain Tigers 18-10 in Round 18 at Leichhardt Oval (Sydney).,Rugby League Project / NRL Official Archives (nrl.com)
107,NRL_1980_4436,1980,1980,NSWRFL,Regular Season,Round 18,1980-08-03,Sunday,15:00:00,Newtown Jets,Cronulla Sutherland Sharks,Cronulla Sutherland Sharks,Newtown Jets,11,11,5,4,1,1,4,4,0,0,22,0,Draw,Draw,Draw (11-11),11-11,Two 40-minute halves / 80 min,No (Draw),Ocean Protect Stadium,Sydney,4335,Martin Weekes,"Cronulla Sutherland Sharks: Dave Chamberlin (1T), Steve Rogers (0T 4G) | Newtown Jets: Trevor Ryan (1T), Ken Wilson (0T 4G) | Ref: Martin Weekes",Cronulla Sutherland Sharks and Newtown Jets played to a 11-11 draw in Round 18 at Ocean Protect Stadium (Sydney).,Rugby League Project / NRL Official Archives (nrl.com)
108,NRL_1980_4437,1980,1980,NSWRFL,Regular Season,Round 18,1980-08-03,Sunday,15:00:00,Canterbury Bankstown Bulldogs,Eastern Suburbs Roosters,Eastern Suburbs Roosters,Canterbury Bankstown Bulldogs,14,7,4,5,2,1,4,2,0,0,21,7,Eastern Suburbs Roosters,Canterbury Bankstown Bulldogs,Home Win (14-7),14-7,Two 40-minute halves / 80 min,No,Sydney Sports Ground,Sydney,11296,John Gocher,"Eastern Suburbs Roosters: John Tobin (1T), Paul McCabe (1T) | Canterbury Bankstown Bulldogs: Steve Gearin (1T 2G) | Ref: John Gocher",Eastern Suburbs Roosters defeated Canterbury Bankstown Bulldogs 14-7 in Round 18 at Sydney Sports Ground (Sydney).,Rugby League Project / NRL Official Archives (nrl.com)
109,NRL_1980_4438,1980,1980,NSWRFL,Regular Season,Round 19,1980-08-09,Saturday,15:00:00,Cronulla Sutherland Sharks,Eastern Suburbs Roosters,Eastern Suburbs Roosters,Cronulla Sutherland Sharks,35,0,25,0,7,0,7,0,0,0,35,35,Eastern Suburbs Roosters,Cronulla Sutherland Sharks,Home Win (35-0),35-0,Two 40-minute halves / 80 min,No,Sydney Sports Ground,Sydney,6804,Barry Goldsworthy,"Eastern Suburbs Roosters: Steve McFarlane (2T), Kevin Hastings (1T 6G) | Ref: Barry Goldsworthy",Eastern Suburbs Roosters defeated Cronulla Sutherland Sharks 35-0 in Round 19 at Sydney Sports Ground (Sydney).,Rugby League Project / NRL Official Archives (nrl.com)
110,NRL_1980_4439,1980,1980,NSWRFL,Regular Season,Round 19,1980-08-10,Sunday,15:00:00,Penrith Panthers,Newtown Jets,Newtown Jets,Penrith Panthers,28,22,15,15,4,4,8,5,0,0,50,6,Newtown Jets,Penrith Panthers,Home Win (28-22),28-22,Two 40-minute halves / 80 min,No,Henson Park,Sydney,3299,Ian Smith,"Newtown Jets: Brian Hetherington (1T), Mark O'Brien (1T) | Penrith Panthers: Marvin Hicks (2T), Henry Foster (1T) | Ref: Ian Smith",Newtown Jets defeated Penrith Panthers 28-22 in Round 19 at Henson Park (Sydney).,Rugby League Project / NRL Official Archives (nrl.com)
111,NRL_1980_4440,1980,1980,NSWRFL,Regular Season,Round 19,1980-08-10,Sunday,15:00:00,Western Suburbs Magpies,Balmain Tigers,Balmain Tigers,Western Suburbs Magpies,21,18,12,13,3,4,6,3,0,0,39,3,Balmain Tigers,Western Suburbs Magpies,Home Win (21-18),21-18,Two 40-minute halves / 80 min,No,Leichhardt Oval,Sydney,8160,Denis Braybrook,"Balmain Tigers: Lloyd Martin (2T), Neil Whittaker (1T) | Western Suburbs Magpies: John Ribot (2T), Warren Boland (1T) | Ref: Denis Braybrook",Balmain Tigers defeated Western Suburbs Magpies 21-18 in Round 19 at Leichhardt Oval (Sydney).,Rugby League Project / NRL Official Archives (nrl.com)
112,NRL_1980_4441,1980,1980,NSWRFL,Regular Season,Round 19,1980-08-10,Sunday,15:00:00,Manly Warringah Sea Eagles,Parramatta Eels,Parramatta Eels,Manly Warringah Sea Eagles,22,22,10,17,4,4,5,5,0,0,44,0,Draw,Draw,Draw (22-22),22-22,Two 40-minute halves / 80 min,No (Draw),Cumberland Oval,Sydney,21535,John Gocher,"Parramatta Eels: Michael Cronin (1T 5G), Brett Kenny (1T) | Manly Warringah Sea Eagles: Tom Mooney (2T), Martin Meredith (1T) | Ref: John Gocher",Parramatta Eels and Manly Warringah Sea Eagles played to a 22-22 draw in Round 19 at Cumberland Oval (Sydney).,Rugby League Project / NRL Official Archives (nrl.com)
113,NRL_1980_4442,1980,1980,NSWRFL,Regular Season,Round 19,1980-08-10,Sunday,15:00:00,North Sydney Bears,South Sydney Rabbitohs,South Sydney Rabbitohs,North Sydney Bears,21,20,13,5,5,4,3,4,0,0,41,1,South Sydney Rabbitohs,North Sydney Bears,Home Win (21-20),21-20,Two 40-minute halves / 80 min,No,Redfern Oval,Sydney,5972,Kevin Roberts,"South Sydney Rabbitohs: Eric Ferguson (1T 3G), Steve Walsh (1T) | North Sydney Bears: Paul McCaffery (3T), John Adam (1T) | Ref: Kevin Roberts",South Sydney Rabbitohs defeated North Sydney Bears 21-20 in Round 19 at Redfern Oval (Sydney).,Rugby League Project / NRL Official Archives (nrl.com)
114,NRL_1980_4443,1980,1980,NSWRFL,Regular Season,Round 19,1980-08-10,Sunday,15:00:00,Canterbury Bankstown Bulldogs,St George Dragons,St George Dragons,Canterbury Bankstown Bulldogs,7,15,7,7,1,3,2,3,0,0,22,8,Canterbury Bankstown Bulldogs,St George Dragons,Away Win (15-7),7-15,Two 40-minute halves / 80 min,No,Jubilee Stadium,Sydney,16598,Greg Hartley,"St George Dragons: Brian Johnston (1T), Graeme Wynn (0T 2G) | Canterbury Bankstown Bulldogs: Steve Gearin (1T 3G), Stan Cutler (1T) | Ref: Greg Hartley",Canterbury Bankstown Bulldogs defeated St George Dragons 15-7 in Round 19 at Jubilee Stadium (Sydney).,Rugby League Project / NRL Official Archives (nrl.com)
115,NRL_1980_4444,1980,1980,NSWRFL,Regular Season,Round 20,1980-08-16,Saturday,15:00:00,South Sydney Rabbitohs,Manly Warringah Sea Eagles,Manly Warringah Sea Eagles,South Sydney Rabbitohs,17,26,12,13,3,6,4,4,0,0,43,9,South Sydney Rabbitohs,Manly Warringah Sea Eagles,Away Win (26-17),17-26,Two 40-minute halves / 80 min,No,4 Pines Park,Sydney,12354,Greg Hartley,"Manly Warringah Sea Eagles: Simon Booth (1T), Ray Brown (1T) | South Sydney Rabbitohs: Robert Laurie (2T), Steve Walsh (1T) | Ref: Greg Hartley",South Sydney Rabbitohs defeated Manly Warringah Sea Eagles 26-17 in Round 20 at 4 Pines Park (Sydney).,Rugby League Project / NRL Official Archives (nrl.com)
116,NRL_1980_4445,1980,1980,NSWRFL,Regular Season,Round 20,1980-08-17,Sunday,15:00:00,North Sydney Bears,Newtown Jets,Newtown Jets,North Sydney Bears,25,5,10,0,5,1,5,1,0,0,30,20,Newtown Jets,North Sydney Bears,Home Win (25-5),25-5,Two 40-minute halves / 80 min,No,Henson Park,Sydney,2395,Jack Danzey Jnr,"Newtown Jets: Brian Hetherington (1T), Trevor Ryan (1T) | North Sydney Bears: Steve Mayoh (1T), Larry Kelly (0T 1G) | Ref: Jack Danzey Jnr",Newtown Jets defeated North Sydney Bears 25-5 in Round 20 at Henson Park (Sydney).,Rugby League Project / NRL Official Archives (nrl.com)
117,NRL_1980_4446,1980,1980,NSWRFL,Regular Season,Round 20,1980-08-17,Sunday,15:00:00,Western Suburbs Magpies,Parramatta Eels,Parramatta Eels,Western Suburbs Magpies,9,34,4,25,1,6,3,8,0,0,43,25,Western Suburbs Magpies,Parramatta Eels,Away Win (34-9),9-34,Two 40-minute halves / 80 min,No,Cumberland Oval,Sydney,17897,John Gocher,"Parramatta Eels: Ron Hilditch (1T), Michael Cronin (0T 2G) | Western Suburbs Magpies: John Ribot (1T), Warren Boland (1T) | Ref: John Gocher",Western Suburbs Magpies defeated Parramatta Eels 34-9 in Round 20 at Cumberland Oval (Sydney).,Rugby League Project / NRL Official Archives (nrl.com)
118,NRL_1980_4447,1980,1980,NSWRFL,Regular Season,Round 20,1980-08-17,Sunday,15:00:00,Penrith Panthers,Cronulla Sutherland Sharks,Cronulla Sutherland Sharks,Penrith Panthers,19,15,17,8,3,3,5,3,0,0,34,4,Cronulla Sutherland Sharks,Penrith Panthers,Home Win (19-15),19-15,Two 40-minute halves / 80 min,No,Ocean Protect Stadium,Sydney,3015,Ian Smith,"Cronulla Sutherland Sharks: Greg Mullane (2T), Ossie Welsh (1T) | Penrith Panthers: Graeme Jennings (1T 3G), John Ryan (1T) | Ref: Ian Smith",Cronulla Sutherland Sharks defeated Penrith Panthers 19-15 in Round 20 at Ocean Protect Stadium (Sydney).,Rugby League Project / NRL Official Archives (nrl.com)
119,NRL_1980_4448,1980,1980,NSWRFL,Regular Season,Round 20,1980-08-17,Sunday,15:00:00,St George Dragons,Eastern Suburbs Roosters,Eastern Suburbs Roosters,St George Dragons,10,4,8,4,1,0,3,2,1,0,14,6,Eastern Suburbs Roosters,St George Dragons,Home Win (10-4),10-4,Two 40-minute halves / 80 min,No,Sydney Sports Ground,Sydney,19716,Barry Goldsworthy,"Eastern Suburbs Roosters: Kerry Boustead (1T), Kevin Hastings (0T 3G) | St George Dragons: Graeme Wynn (0T 2G) | Ref: Barry Goldsworthy",Eastern Suburbs Roosters defeated St George Dragons 10-4 in Round 20 at Sydney Sports Ground (Sydney).,Rugby League Project / NRL Official Archives (nrl.com)
120,NRL_1980_4449,1980,1980,NSWRFL,Regular Season,Round 20,1980-08-17,Sunday,15:00:00,Balmain Tigers,Canterbury Bankstown Bulldogs,Canterbury Bankstown Bulldogs,Balmain Tigers,19,15,7,8,3,3,5,3,0,0,34,4,Canterbury Bankstown Bulldogs,Balmain Tigers,Home Win (19-15),19-15,Two 40-minute halves / 80 min,No,Belmore Sports Ground,Sydney,11125,Denis Braybrook,"Canterbury Bankstown Bulldogs: Chris Anderson (1T), Graeme Hughes (1T) | Balmain Tigers: John Davidson (1T), Lindsay Delpech (1T) | Ref: Denis Braybrook",Canterbury Bankstown Bulldogs defeated Balmain Tigers 19-15 in Round 20 at Belmore Sports Ground (Sydney).,Rugby League Project / NRL Official Archives (nrl.com)
121,NRL_1980_4450,1980,1980,NSWRFL,Regular Season,Round 21,1980-08-23,Saturday,15:00:00,South Sydney Rabbitohs,Western Suburbs Magpies,Western Suburbs Magpies,South Sydney Rabbitohs,15,21,10,5,3,3,3,6,0,0,36,6,South Sydney Rabbitohs,Western Suburbs Magpies,Away Win (21-15),15-21,Two 40-minute halves / 80 min,No,Lidcombe Oval,Sydney,14007,Greg Hartley,"Western Suburbs Magpies: Wayne Smith (1T), John Ribot (1T) | South Sydney Rabbitohs: David Sinclair (1T), Shane Arneil (1T) | Ref: Greg Hartley",South Sydney Rabbitohs defeated Western Suburbs Magpies 21-15 in Round 21 at Lidcombe Oval (Sydney).,Rugby League Project / NRL Official Archives (nrl.com)
122,NRL_1980_4451,1980,1980,NSWRFL,Regular Season,Round 21,1980-08-24,Sunday,15:00:00,Newtown Jets,Manly Warringah Sea Eagles,Manly Warringah Sea Eagles,Newtown Jets,9,19,7,10,1,3,3,5,0,0,28,10,Newtown Jets,Manly Warringah Sea Eagles,Away Win (19-9),9-19,Two 40-minute halves / 80 min,No,4 Pines Park,Sydney,9452,John Gocher,"Manly Warringah Sea Eagles: Tom Mooney (1T), Graham Eadie (0T 3G) | Newtown Jets: Graeme O'Grady (1T), Jim Walters (1T) | Ref: John Gocher",Newtown Jets defeated Manly Warringah Sea Eagles 19-9 in Round 21 at 4 Pines Park (Sydney).,Rugby League Project / NRL Official Archives (nrl.com)
123,NRL_1980_4452,1980,1980,NSWRFL,Regular Season,Round 21,1980-08-24,Sunday,15:00:00,Parramatta Eels,Canterbury Bankstown Bulldogs,Canterbury Bankstown Bulldogs,Parramatta Eels,15,14,5,4,3,2,3,4,0,0,29,1,Canterbury Bankstown Bulldogs,Parramatta Eels,Home Win (15-14),15-14,Two 40-minute halves / 80 min,No,Belmore Sports Ground,Sydney,20076,Jack Danzey Jnr,"Canterbury Bankstown Bulldogs: Steve Gearin (1T 3G), Chris Anderson (1T) | Parramatta Eels: Neville Glover (1T), Geoff Gerard (1T) | Ref: Jack Danzey Jnr",Canterbury Bankstown Bulldogs defeated Parramatta Eels 15-14 in Round 21 at Belmore Sports Ground (Sydney).,Rugby League Project / NRL Official Archives (nrl.com)
124,NRL_1980_4453,1980,1980,NSWRFL,Regular Season,Round 21,1980-08-24,Sunday,15:00:00,Balmain Tigers,St George Dragons,St George Dragons,Balmain Tigers,11,7,9,3,1,1,4,2,0,0,18,4,St George Dragons,Balmain Tigers,Home Win (11-7),11-7,Two 40-minute halves / 80 min,No,Jubilee Stadium,Sydney,8700,Denis Braybrook,"St George Dragons: Steve Morris (1T), Graeme Wynn (0T 4G) | Balmain Tigers: Wayne Wigham (1T), Wayne Miranda (0T 2G) | Ref: Denis Braybrook",St George Dragons defeated Balmain Tigers 11-7 in Round 21 at Jubilee Stadium (Sydney).,Rugby League Project / NRL Official Archives (nrl.com)
125,NRL_1980_4454,1980,1980,NSWRFL,Regular Season,Round 21,1980-08-24,Sunday,15:00:00,Cronulla Sutherland Sharks,North Sydney Bears,North Sydney Bears,Cronulla Sutherland Sharks,20,11,14,3,4,3,4,1,0,0,31,9,North Sydney Bears,Cronulla Sutherland Sharks,Home Win (20-11),20-11,Two 40-minute halves / 80 min,No,North Sydney Oval,Sydney,2179,Kevin Roberts,"North Sydney Bears: Rod Henniker (1T 4G), Mark Harris (1T) | Cronulla Sutherland Sharks: Dave Chamberlin (2T), Mick Mullane Jnr (1T) | Ref: Kevin Roberts",North Sydney Bears defeated Cronulla Sutherland Sharks 20-11 in Round 21 at North Sydney Oval (Sydney).,Rugby League Project / NRL Official Archives (nrl.com)
126,NRL_1980_4455,1980,1980,NSWRFL,Regular Season,Round 21,1980-08-24,Sunday,15:00:00,Eastern Suburbs Roosters,Penrith Panthers,Penrith Panthers,Eastern Suburbs Roosters,10,15,7,10,2,3,2,3,0,0,25,5,Eastern Suburbs Roosters,Penrith Panthers,Away Win (15-10),10-15,Two 40-minute halves / 80 min,No,BlueBet Stadium,Sydney,6968,Barry Goldsworthy,"Penrith Panthers: Marvin Hicks (1T), Darryl Brohman (1T) | Eastern Suburbs Roosters: Ian Schubert (1T), Noel Cleal (1T) | Ref: Barry Goldsworthy",Eastern Suburbs Roosters defeated Penrith Panthers 15-10 in Round 21 at BlueBet Stadium (Sydney).,Rugby League Project / NRL Official Archives (nrl.com)
127,NRL_1980_4456,1980,1980,NSWRFL,Regular Season,Round 22,1980-08-30,Saturday,15:00:00,Canterbury Bankstown Bulldogs,South Sydney Rabbitohs,South Sydney Rabbitohs,Canterbury Bankstown Bulldogs,18,27,11,14,2,5,6,6,0,0,45,9,Canterbury Bankstown Bulldogs,South Sydney Rabbitohs,Away Win (27-18),18-27,Two 40-minute halves / 80 min,No,Redfern Oval,Sydney,21002,Greg Hartley,"South Sydney Rabbitohs: David Sinclair (1T), Nathan Gibbs (1T) | Canterbury Bankstown Bulldogs: Steve Gearin (2T 6G), Steve Mortimer (1T) | Ref: Greg Hartley",Canterbury Bankstown Bulldogs defeated South Sydney Rabbitohs 27-18 in Round 22 at Redfern Oval (Sydney).,Rugby League Project / NRL Official Archives (nrl.com)
128,NRL_1980_4457,1980,1980,NSWRFL,Regular Season,Round 22,1980-08-31,Sunday,15:00:00,Western Suburbs Magpies,Newtown Jets,Newtown Jets,Western Suburbs Magpies,23,20,7,15,4,4,5,4,1,0,43,3,Newtown Jets,Western Suburbs Magpies,Home Win (23-20),23-20,Two 40-minute halves / 80 min,No,Henson Park,Sydney,6095,Jack Danzey Jnr,"Newtown Jets: Ken Wilson (1T 5G), Brian Hetherington (1T) | Western Suburbs Magpies: John Ribot (3T 4G), Jim Leis (1T) | Ref: Jack Danzey Jnr",Newtown Jets defeated Western Suburbs Magpies 23-20 in Round 22 at Henson Park (Sydney).,Rugby League Project / NRL Official Archives (nrl.com)
129,NRL_1980_4458,1980,1980,NSWRFL,Regular Season,Round 22,1980-08-31,Sunday,15:00:00,Penrith Panthers,North Sydney Bears,North Sydney Bears,Penrith Panthers,7,15,2,5,1,3,2,3,0,0,22,8,Penrith Panthers,North Sydney Bears,Away Win (15-7),7-15,Two 40-minute halves / 80 min,No,North Sydney Oval,Sydney,2247,Barry Goldsworthy,"North Sydney Bears: Peter Parsons (1T), Rod Henniker (0T 2G) | Penrith Panthers: Graeme Jennings (1T 3G), Ken Wolffe (1T) | Ref: Barry Goldsworthy",Penrith Panthers defeated North Sydney Bears 15-7 in Round 22 at North Sydney Oval (Sydney).,Rugby League Project / NRL Official Archives (nrl.com)
130,NRL_1980_4459,1980,1980,NSWRFL,Regular Season,Round 22,1980-08-31,Sunday,15:00:00,St George Dragons,Parramatta Eels,Parramatta Eels,St George Dragons,11,20,4,12,1,4,4,4,0,0,31,9,St George Dragons,Parramatta Eels,Away Win (20-11),11-20,Two 40-minute halves / 80 min,No,Cumberland Oval,Sydney,19849,Denis Braybrook,"Parramatta Eels: Steve Edge (1T), Mark Levy (0T 4G) | St George Dragons: Philip Graham (1T), Grahame Buckley (1T) | Ref: Denis Braybrook",St George Dragons defeated Parramatta Eels 20-11 in Round 22 at Cumberland Oval (Sydney).,Rugby League Project / NRL Official Archives (nrl.com)
131,NRL_1980_4460,1980,1980,NSWRFL,Regular Season,Round 22,1980-08-31,Sunday,15:00:00,Eastern Suburbs Roosters,Balmain Tigers,Balmain Tigers,Eastern Suburbs Roosters,10,15,5,10,2,3,2,3,0,0,25,5,Eastern Suburbs Roosters,Balmain Tigers,Away Win (15-10),10-15,Two 40-minute halves / 80 min,No,Leichhardt Oval,Sydney,6740,John Gocher,"Balmain Tigers: Wayne Wigham (1T), Ron Pilon (1T) | Eastern Suburbs Roosters: Steve McFarlane (1T), Gary Warnecke (1T) | Ref: John Gocher",Eastern Suburbs Roosters defeated Balmain Tigers 15-10 in Round 22 at Leichhardt Oval (Sydney).,Rugby League Project / NRL Official Archives (nrl.com)
132,NRL_1980_4461,1980,1980,NSWRFL,Regular Season,Round 22,1980-08-31,Sunday,15:00:00,Manly Warringah Sea Eagles,Cronulla Sutherland Sharks,Cronulla Sutherland Sharks,Manly Warringah Sea Eagles,35,12,12,2,7,2,7,3,0,0,47,23,Cronulla Sutherland Sharks,Manly Warringah Sea Eagles,Home Win (35-12),35-12,Two 40-minute halves / 80 min,No,Ocean Protect Stadium,Sydney,5667,Kevin Roberts,"Cronulla Sutherland Sharks: Greg Mullane (2T), Dane Sorensen (1T 2G) | Manly Warringah Sea Eagles: Tom Mooney (1T), John Gibbs (1T) | Ref: Kevin Roberts",Cronulla Sutherland Sharks defeated Manly Warringah Sea Eagles 35-12 in Round 22 at Ocean Protect Stadium (Sydney).,Rugby League Project / NRL Official Archives (nrl.com)
133,NRL_1980_4462,1980,1980,NSWRFL,Semi-Final,Major Prelim Semi,1980-09-06,Saturday,15:00:00,Western Suburbs Magpies,Canterbury Bankstown Bulldogs,Canterbury Bankstown Bulldogs,Western Suburbs Magpies,22,17,12,2,4,3,5,4,0,0,39,5,Canterbury Bankstown Bulldogs,Western Suburbs Magpies,Home Win (22-17),22-17,Two 40-minute halves / 80 min,No,Sydney Cricket Ground,Sydney,21948,Greg Hartley,"Canterbury Bankstown Bulldogs: Peter Mortimer (1T), Greg Brentnall (1T) | Western Suburbs Magpies: John Ribot (1T), John McLeod (1T) | Ref: Greg Hartley",Canterbury Bankstown Bulldogs defeated Western Suburbs Magpies 22-17 in Major Prelim Semi at Sydney Cricket Ground (Sydney).,Rugby League Project / NRL Official Archives (nrl.com)
134,NRL_1980_4463,1980,1980,NSWRFL,Semi-Final,Minor Prelim Semi,1980-09-07,Sunday,15:00:00,South Sydney Rabbitohs,St George Dragons,St George Dragons,South Sydney Rabbitohs,16,5,10,2,4,1,2,1,0,0,21,11,St George Dragons,South Sydney Rabbitohs,Home Win (16-5),16-5,Two 40-minute halves / 80 min,No,Sydney Cricket Ground,Sydney,33552,Jack Danzey Jnr,"St George Dragons: Graham Quinn (1T), Robert Finch (1T) | South Sydney Rabbitohs: Robert Laurie (1T), Eric Ferguson (0T 1G) | Ref: Jack Danzey Jnr",St George Dragons defeated South Sydney Rabbitohs 16-5 in Minor Prelim Semi at Sydney Cricket Ground (Sydney).,Rugby League Project / NRL Official Archives (nrl.com)
135,NRL_1980_4464,1980,1980,NSWRFL,Semi-Final,Major Semi,1980-09-13,Saturday,15:00:00,Eastern Suburbs Roosters,Canterbury Bankstown Bulldogs,Canterbury Bankstown Bulldogs,Eastern Suburbs Roosters,13,7,4,5,3,1,2,2,0,0,20,6,Canterbury Bankstown Bulldogs,Eastern Suburbs Roosters,Home Win (13-7),13-7,Two 40-minute halves / 80 min,No,Sydney Cricket Ground,Sydney,28883,Greg Hartley,"Canterbury Bankstown Bulldogs: Steve Gearin (1T 2G), Chris Mortimer (1T) | Eastern Suburbs Roosters: Royce Ayliffe (1T), Ken Wright (0T 2G) | Ref: Greg Hartley",Canterbury Bankstown Bulldogs defeated Eastern Suburbs Roosters 13-7 in Major Semi at Sydney Cricket Ground (Sydney).,Rugby League Project / NRL Official Archives (nrl.com)
136,NRL_1980_4465,1980,1980,NSWRFL,Semi-Final,Minor Semi,1980-09-14,Sunday,15:00:00,St George Dragons,Western Suburbs Magpies,Western Suburbs Magpies,St George Dragons,13,7,2,2,1,1,5,2,0,0,20,6,Western Suburbs Magpies,St George Dragons,Home Win (13-7),13-7,Two 40-minute halves / 80 min,No,Sydney Cricket Ground,Sydney,28451,Jack Danzey Jnr,"Western Suburbs Magpies: John Ribot (1T), Ron Giteau (0T 5G) | St George Dragons: Brian Johnson (1T), Graeme Wynn (0T 2G) | Ref: Jack Danzey Jnr",Western Suburbs Magpies defeated St George Dragons 13-7 in Minor Semi at Sydney Cricket Ground (Sydney).,Rugby League Project / NRL Official Archives (nrl.com)
137,NRL_1980_4466,1980,1980,NSWRFL,Preliminary Final,Prelim Final,1980-09-20,Saturday,15:00:00,Western Suburbs Magpies,Eastern Suburbs Roosters,Eastern Suburbs Roosters,Western Suburbs Magpies,41,5,17,0,8,1,8,1,1,0,46,36,Eastern Suburbs Roosters,Western Suburbs Magpies,Home Win (41-5),41-5,Two 40-minute halves / 80 min,No,Sydney Cricket Ground,Sydney,28596,Greg Hartley,"Eastern Suburbs Roosters: Ken Wright (1T 8G), Kevin Hastings (1T) | Western Suburbs Magpies: Alan Neil (1T), Ron Giteau (0T 1G) | Ref: Greg Hartley",Eastern Suburbs Roosters defeated Western Suburbs Magpies 41-5 in Prelim Final at Sydney Cricket Ground (Sydney).,Rugby League Project / NRL Official Archives (nrl.com)
138,NRL_1980_4467,1980,1980,NSWRFL,Grand Final,Grand Final,1980-09-27,Saturday,15:00:00,Eastern Suburbs Roosters,Canterbury Bankstown Bulldogs,Canterbury Bankstown Bulldogs,Eastern Suburbs Roosters,18,4,7,4,2,0,6,2,0,0,22,14,Canterbury Bankstown Bulldogs,Eastern Suburbs Roosters,Home Win (18-4),18-4,Two 40-minute halves / 80 min,No,Sydney Cricket Ground,Sydney,52881,Greg Hartley,"Canterbury Bankstown Bulldogs: Steve Gearin (1T 6G), Chris Anderson (1T) | Eastern Suburbs Roosters: Ken Wright (0T 2G) | Ref: Greg Hartley",Canterbury Bankstown Bulldogs defeated Eastern Suburbs Roosters 18-4 in the Grand Final at Sydney Cricket Ground (Sydney).,Rugby League Project / NRL Official Archives (nrl.com)
