Match Number,Match ID,Season,Season Year,Competition,"Match Type (Regular Season / Group Stage, Eliminator, Qualifier 1, Qualifier 2, Semi-Final, 3rd Place Play-Off, Final, Not applicable)",Match Stage,Date,Day of Week,Team A,Team B,Home,Away,Toss Winner,Toss Decision,First Innings Team,Second Innings Team,First Innings Score,First Innings Runs,First Innings Wickets,First Innings Overs,Second Innings Score,Second Innings Runs,Second Innings Wickets,Second Innings Overs,Target Runs,Total Runs,Total Wickets,Match Score,Winner,Loser,Winning Margin,Margin Value,Margin Type,Super Over,Method,Player of the Match,Notable Players,Venue,City,Country,Umpires,TV Umpire,Match Referee,A Succint one line match comment to summarise that match,Primary Data Source
1,IPL_1136561,2018,2018,Indian Premier League,Regular Season / Group Stage,Match 1,2018-04-07,Saturday,Mumbai Indians,Chennai Super Kings,Mumbai Indians,Chennai Super Kings,Chennai Super Kings,field,Mumbai Indians,Chennai Super Kings,165/4 (20.0 ov),165,4,20.0 ov,169/9 (20.0 ov),169,9,20.0 ov,166,334,13,165/4 - 169/9,Chennai Super Kings,Mumbai Indians,1 wickets,1,wickets,No,Normal,DJ Bravo,"Mumbai Indians: SA Yadav 43 (29b), M Markande 3/23 (4.0 ov) | Chennai Super Kings: DJ Bravo 68 (30b), SR Watson 2/29 (4.0 ov)",Wankhede Stadium,Mumbai,India,CB Gaffaney; A Nand Kishore,AK Chaudhary,RB Richardson,Chennai Super Kings defeated Mumbai Indians by 1 wickets at Wankhede Stadium (Mumbai).,Cricsheet JSON v1.2.0 / BCCI Official API
2,IPL_1136562,2018,2018,Indian Premier League,Regular Season / Group Stage,Match 2,2018-04-08,Sunday,Delhi Daredevils,Kings XI Punjab,Delhi Daredevils,Kings XI Punjab,Kings XI Punjab,field,Delhi Daredevils,Kings XI Punjab,166/7 (20.1 ov),166,7,20.1 ov,167/4 (19.0 ov),167,4,19.0 ov,167,333,11,166/7 - 167/4,Kings XI Punjab,Delhi Daredevils,6 wickets,6,wickets,No,Normal,KL Rahul,"Delhi Daredevils: G Gambhir 55 (42b), DT Christian 1/12 (2.0 ov) | Kings XI Punjab: KL Rahul 51 (16b), Mujeeb Ur Rahman 2/28 (4.0 ov)",Punjab Cricket Association IS Bindra Stadium,Chandigarh,India,KN Ananthapadmanabhan; RJ Tucker,Nitin Menon,J Srinath,Kings XI Punjab defeated Delhi Daredevils by 6 wickets at Punjab Cricket Association IS Bindra Stadium (Chandigarh).,Cricsheet JSON v1.2.0 / BCCI Official API
3,IPL_1136563,2018,2018,Indian Premier League,Regular Season / Group Stage,Match 3,2018-04-08,Sunday,Royal Challengers Bangalore,Kolkata Knight Riders,Kolkata Knight Riders,Royal Challengers Bangalore,Kolkata Knight Riders,field,Royal Challengers Bangalore,Kolkata Knight Riders,176/7 (20.0 ov),176,7,20.0 ov,177/6 (18.5 ov),177,6,18.5 ov,177,353,13,176/7 - 177/6,Kolkata Knight Riders,Royal Challengers Bangalore,4 wickets,4,wickets,No,Normal,SP Narine,"Royal Challengers Bangalore: AB de Villiers 44 (23b), CR Woakes 3/36 (4.0 ov) | Kolkata Knight Riders: SP Narine 50 (19b), N Rana 2/11 (1.0 ov)",Eden Gardens,Kolkata,India,A Deshmukh; C Shamshuddin,S Ravi,V Narayan Kutty,Kolkata Knight Riders defeated Royal Challengers Bangalore by 4 wickets at Eden Gardens (Kolkata).,Cricsheet JSON v1.2.0 / BCCI Official API
4,IPL_1136564,2018,2018,Indian Premier League,Regular Season / Group Stage,Match 4,2018-04-09,Monday,Rajasthan Royals,Sunrisers Hyderabad,Sunrisers Hyderabad,Rajasthan Royals,Sunrisers Hyderabad,field,Rajasthan Royals,Sunrisers Hyderabad,125/9 (20.0 ov),125,9,20.0 ov,127/1 (16.1 ov),127,1,16.1 ov,126,252,10,125/9 - 127/1,Sunrisers Hyderabad,Rajasthan Royals,9 wickets,9,wickets,No,Normal,S Dhawan,"Rajasthan Royals: SV Samson 49 (42b), JD Unadkat 1/28 (3.0 ov) | Sunrisers Hyderabad: S Dhawan 78* (57b), S Kaul 2/17 (4.0 ov)",Rajiv Gandhi International Stadium,Hyderabad,India,NJ Llong; VA Kulkarni,CK Nandan,S Chaturvedi,Sunrisers Hyderabad defeated Rajasthan Royals by 9 wickets at Rajiv Gandhi International Stadium (Hyderabad).,Cricsheet JSON v1.2.0 / BCCI Official API
5,IPL_1136565,2018,2018,Indian Premier League,Regular Season / Group Stage,Match 5,2018-04-10,Tuesday,Kolkata Knight Riders,Chennai Super Kings,Chennai Super Kings,Kolkata Knight Riders,Chennai Super Kings,field,Kolkata Knight Riders,Chennai Super Kings,202/6 (20.0 ov),202,6,20.0 ov,205/5 (20.0 ov),205,5,20.0 ov,203,407,11,202/6 - 205/5,Chennai Super Kings,Kolkata Knight Riders,5 wickets,5,wickets,No,Normal,SW Billings,"Kolkata Knight Riders: AD Russell 88* (36b), TK Curran 2/39 (3.0 ov) | Chennai Super Kings: SW Billings 56 (23b), SR Watson 2/39 (4.0 ov)",MA Chidambaram Stadium,Chennai,India,AK Chaudhary; CB Gaffaney,A Nand Kishore,RB Richardson,Chennai Super Kings defeated Kolkata Knight Riders by 5 wickets at MA Chidambaram Stadium (Chennai).,Cricsheet JSON v1.2.0 / BCCI Official API
6,IPL_1136566,2018,2018,Indian Premier League,Regular Season / Group Stage,Match 6,2018-04-11,Wednesday,Rajasthan Royals,Delhi Daredevils,Rajasthan Royals,Delhi Daredevils,Delhi Daredevils,field,Rajasthan Royals,Delhi Daredevils,153/5 (17.5 ov),153,5,17.5 ov,60/4 (6.0 ov),60,4,6.0 ov,71,213,9,153/5 - 60/4,Rajasthan Royals,Delhi Daredevils,10 runs,10,runs,No,DLS,SV Samson,"Rajasthan Royals: AM Rahane 45 (40b), B Laughlin 2/20 (2.0 ov) | Delhi Daredevils: RR Pant 20 (14b), S Nadeem 2/34 (4.0 ov)",Sawai Mansingh Stadium,Jaipur,India,KN Ananthapadmanabhan; Nitin Menon,RJ Tucker,J Srinath,Rajasthan Royals defeated Delhi Daredevils by 10 runs (DLS method) at Sawai Mansingh Stadium (Jaipur).,Cricsheet JSON v1.2.0 / BCCI Official API
7,IPL_1136567,2018,2018,Indian Premier League,Regular Season / Group Stage,Match 7,2018-04-12,Thursday,Mumbai Indians,Sunrisers Hyderabad,Sunrisers Hyderabad,Mumbai Indians,Sunrisers Hyderabad,field,Mumbai Indians,Sunrisers Hyderabad,147/8 (20.1 ov),147,8,20.1 ov,151/9 (20.0 ov),151,9,20.0 ov,148,298,17,147/8 - 151/9,Sunrisers Hyderabad,Mumbai Indians,1 wickets,1,wickets,No,Normal,Rashid Khan,"Mumbai Indians: E Lewis 29 (17b), M Markande 4/23 (4.0 ov) | Sunrisers Hyderabad: S Dhawan 45 (28b), Sandeep Sharma 2/25 (4.0 ov)",Rajiv Gandhi International Stadium,Hyderabad,India,CK Nandan; NJ Llong,VA Kulkarni,S Chaturvedi,Sunrisers Hyderabad defeated Mumbai Indians by 1 wickets at Rajiv Gandhi International Stadium (Hyderabad).,Cricsheet JSON v1.2.0 / BCCI Official API
8,IPL_1136568,2018,2018,Indian Premier League,Regular Season / Group Stage,Match 8,2018-04-13,Friday,Kings XI Punjab,Royal Challengers Bangalore,Royal Challengers Bangalore,Kings XI Punjab,Royal Challengers Bangalore,field,Kings XI Punjab,Royal Challengers Bangalore,155/10 (19.2 ov),155,10,19.2 ov,159/6 (19.3 ov),159,6,19.3 ov,156,314,16,155/10 - 159/6,Royal Challengers Bangalore,Kings XI Punjab,4 wickets,4,wickets,No,Normal,UT Yadav,"Kings XI Punjab: KL Rahul 47 (30b), R Ashwin 2/30 (4.0 ov) | Royal Challengers Bangalore: AB de Villiers 57 (40b), UT Yadav 3/23 (4.0 ov)",M.Chinnaswamy Stadium,Bengaluru,India,A Deshmukh; S Ravi,C Shamshuddin,V Narayan Kutty,Royal Challengers Bangalore defeated Kings XI Punjab by 4 wickets at M.Chinnaswamy Stadium (Bengaluru).,Cricsheet JSON v1.2.0 / BCCI Official API
9,IPL_1136569,2018,2018,Indian Premier League,Regular Season / Group Stage,Match 9,2018-04-14,Saturday,Mumbai Indians,Delhi Daredevils,Mumbai Indians,Delhi Daredevils,Delhi Daredevils,field,Mumbai Indians,Delhi Daredevils,194/7 (20.0 ov),194,7,20.0 ov,195/3 (20.0 ov),195,3,20.0 ov,195,389,10,194/7 - 195/3,Delhi Daredevils,Mumbai Indians,7 wickets,7,wickets,No,Normal,JJ Roy,"Mumbai Indians: SA Yadav 53 (32b), KH Pandya 2/21 (3.0 ov) | Delhi Daredevils: JJ Roy 91* (53b), DT Christian 2/35 (3.0 ov)",Wankhede Stadium,Mumbai,India,KN Ananthapadmanabhan; Nitin Menon,RJ Tucker,J Srinath,Delhi Daredevils defeated Mumbai Indians by 7 wickets at Wankhede Stadium (Mumbai).,Cricsheet JSON v1.2.0 / BCCI Official API
10,IPL_1136570,2018,2018,Indian Premier League,Regular Season / Group Stage,Match 10,2018-04-14,Saturday,Kolkata Knight Riders,Sunrisers Hyderabad,Kolkata Knight Riders,Sunrisers Hyderabad,Sunrisers Hyderabad,field,Kolkata Knight Riders,Sunrisers Hyderabad,138/8 (20.2 ov),138,8,20.2 ov,139/5 (19.0 ov),139,5,19.0 ov,139,277,13,138/8 - 139/5,Sunrisers Hyderabad,Kolkata Knight Riders,5 wickets,5,wickets,No,Normal,B Stanlake,"Kolkata Knight Riders: CA Lynn 49 (34b), SP Narine 2/17 (4.0 ov) | Sunrisers Hyderabad: KS Williamson 50 (44b), B Kumar 3/26 (4.0 ov)",Eden Gardens,Kolkata,India,AK Chaudhary; A Nand Kishore,CB Gaffaney,RB Richardson,Sunrisers Hyderabad defeated Kolkata Knight Riders by 5 wickets at Eden Gardens (Kolkata).,Cricsheet JSON v1.2.0 / BCCI Official API
11,IPL_1136571,2018,2018,Indian Premier League,Regular Season / Group Stage,Match 11,2018-04-15,Sunday,Rajasthan Royals,Royal Challengers Bangalore,Royal Challengers Bangalore,Rajasthan Royals,Royal Challengers Bangalore,field,Rajasthan Royals,Royal Challengers Bangalore,217/4 (20.2 ov),217,4,20.2 ov,198/6 (20.0 ov),198,6,20.0 ov,218,415,10,217/4 - 198/6,Rajasthan Royals,Royal Challengers Bangalore,19 runs,19,runs,No,Normal,SV Samson,"Rajasthan Royals: SV Samson 92* (45b), S Gopal 2/22 (4.0 ov) | Royal Challengers Bangalore: V Kohli 57 (30b), YS Chahal 2/22 (4.0 ov)",M.Chinnaswamy Stadium,Bengaluru,India,C Shamshuddin; S Ravi,A Deshmukh,M Nayyar,Rajasthan Royals defeated Royal Challengers Bangalore by 19 runs at M.Chinnaswamy Stadium (Bengaluru).,Cricsheet JSON v1.2.0 / BCCI Official API
12,IPL_1136572,2018,2018,Indian Premier League,Regular Season / Group Stage,Match 12,2018-04-15,Sunday,Kings XI Punjab,Chennai Super Kings,Kings XI Punjab,Chennai Super Kings,Chennai Super Kings,field,Kings XI Punjab,Chennai Super Kings,197/7 (20.0 ov),197,7,20.0 ov,193/5 (20.0 ov),193,5,20.0 ov,198,390,12,197/7 - 193/5,Kings XI Punjab,Chennai Super Kings,4 runs,4,runs,No,Normal,CH Gayle,"Kings XI Punjab: CH Gayle 63 (33b), AJ Tye 2/47 (4.0 ov) | Chennai Super Kings: MS Dhoni 79* (44b), SN Thakur 2/33 (3.0 ov)",Punjab Cricket Association IS Bindra Stadium,Chandigarh,India,CK Nandan; VA Kulkarni,NJ Llong,S Chaturvedi,Kings XI Punjab defeated Chennai Super Kings by 4 runs at Punjab Cricket Association IS Bindra Stadium (Chandigarh).,Cricsheet JSON v1.2.0 / BCCI Official API
13,IPL_1136573,2018,2018,Indian Premier League,Regular Season / Group Stage,Match 13,2018-04-16,Monday,Kolkata Knight Riders,Delhi Daredevils,Kolkata Knight Riders,Delhi Daredevils,Delhi Daredevils,field,Kolkata Knight Riders,Delhi Daredevils,200/9 (20.0 ov),200,9,20.0 ov,129/10 (14.2 ov),129,10,14.2 ov,201,329,19,200/9 - 129/10,Kolkata Knight Riders,Delhi Daredevils,71 runs,71,runs,No,Normal,N Rana,"Kolkata Knight Riders: N Rana 59 (35b), SP Narine 3/18 (3.0 ov) | Delhi Daredevils: GJ Maxwell 47 (22b), R Tewatia 3/18 (3.0 ov)",Eden Gardens,Kolkata,India,AK Chaudhary; A Nand Kishore,CB Gaffaney,RB Richardson,Kolkata Knight Riders defeated Delhi Daredevils by 71 runs at Eden Gardens (Kolkata).,Cricsheet JSON v1.2.0 / BCCI Official API
14,IPL_1136574,2018,2018,Indian Premier League,Regular Season / Group Stage,Match 14,2018-04-17,Tuesday,Mumbai Indians,Royal Challengers Bangalore,Mumbai Indians,Royal Challengers Bangalore,Royal Challengers Bangalore,field,Mumbai Indians,Royal Challengers Bangalore,213/6 (20.0 ov),213,6,20.0 ov,167/8 (20.1 ov),167,8,20.1 ov,214,380,14,213/6 - 167/8,Mumbai Indians,Royal Challengers Bangalore,46 runs,46,runs,No,Normal,RG Sharma,"Mumbai Indians: RG Sharma 94 (52b), KH Pandya 3/28 (4.0 ov) | Royal Challengers Bangalore: V Kohli 92* (62b), UT Yadav 2/36 (4.0 ov)",Wankhede Stadium,Mumbai,India,Nitin Menon; RJ Tucker,KN Ananthapadmanabhan,J Srinath,Mumbai Indians defeated Royal Challengers Bangalore by 46 runs at Wankhede Stadium (Mumbai).,Cricsheet JSON v1.2.0 / BCCI Official API
15,IPL_1136575,2018,2018,Indian Premier League,Regular Season / Group Stage,Match 15,2018-04-18,Wednesday,Rajasthan Royals,Kolkata Knight Riders,Rajasthan Royals,Kolkata Knight Riders,Kolkata Knight Riders,field,Rajasthan Royals,Kolkata Knight Riders,160/8 (20.1 ov),160,8,20.1 ov,163/3 (18.5 ov),163,3,18.5 ov,161,323,11,160/8 - 163/3,Kolkata Knight Riders,Rajasthan Royals,7 wickets,7,wickets,No,Normal,N Rana,"Rajasthan Royals: DJM Short 44 (43b), K Gowtham 2/23 (4.0 ov) | Kolkata Knight Riders: RV Uthappa 48 (36b), N Rana 2/11 (2.0 ov)",Sawai Mansingh Stadium,Jaipur,India,A Deshmukh; S Ravi,C Shamshuddin,M Nayyar,Kolkata Knight Riders defeated Rajasthan Royals by 7 wickets at Sawai Mansingh Stadium (Jaipur).,Cricsheet JSON v1.2.0 / BCCI Official API
16,IPL_1136576,2018,2018,Indian Premier League,Regular Season / Group Stage,Match 16,2018-04-19,Thursday,Kings XI Punjab,Sunrisers Hyderabad,Kings XI Punjab,Sunrisers Hyderabad,Kings XI Punjab,bat,Kings XI Punjab,Sunrisers Hyderabad,193/3 (20.0 ov),193,3,20.0 ov,178/5 (20.1 ov),178,5,20.1 ov,194,371,8,193/3 - 178/5,Kings XI Punjab,Sunrisers Hyderabad,15 runs,15,runs,No,Normal,CH Gayle,"Kings XI Punjab: CH Gayle 104* (63b), AJ Tye 2/23 (4.0 ov) | Sunrisers Hyderabad: MK Pandey 57* (42b), B Kumar 1/25 (4.0 ov)",Punjab Cricket Association IS Bindra Stadium,Chandigarh,India,AK Chaudhary; NJ Llong,VA Kulkarni,S Chaturvedi,Kings XI Punjab defeated Sunrisers Hyderabad by 15 runs at Punjab Cricket Association IS Bindra Stadium (Chandigarh).,Cricsheet JSON v1.2.0 / BCCI Official API
17,IPL_1136577,2018,2018,Indian Premier League,Regular Season / Group Stage,Match 17,2018-04-20,Friday,Chennai Super Kings,Rajasthan Royals,Chennai Super Kings,Rajasthan Royals,Rajasthan Royals,field,Chennai Super Kings,Rajasthan Royals,204/5 (20.1 ov),204,5,20.1 ov,140/10 (18.3 ov),140,10,18.3 ov,205,344,15,204/5 - 140/10,Chennai Super Kings,Rajasthan Royals,64 runs,64,runs,No,Normal,SR Watson,"Chennai Super Kings: SR Watson 106 (57b), KV Sharma 2/13 (1.3 ov) | Rajasthan Royals: BA Stokes 45 (37b), S Gopal 3/20 (4.0 ov)",Maharashtra Cricket Association Stadium,Pune,India,KN Ananthapadmanabhan; Nitin Menon,RJ Tucker,J Srinath,Chennai Super Kings defeated Rajasthan Royals by 64 runs at Maharashtra Cricket Association Stadium (Pune).,Cricsheet JSON v1.2.0 / BCCI Official API
18,IPL_1136578,2018,2018,Indian Premier League,Regular Season / Group Stage,Match 18,2018-04-21,Saturday,Kolkata Knight Riders,Kings XI Punjab,Kolkata Knight Riders,Kings XI Punjab,Kings XI Punjab,field,Kolkata Knight Riders,Kings XI Punjab,191/7 (20.1 ov),191,7,20.1 ov,126/1 (11.1 ov),126,1,11.1 ov,125,317,8,191/7 - 126/1,Kings XI Punjab,Kolkata Knight Riders,9 wickets,9,wickets,No,DLS,KL Rahul,"Kolkata Knight Riders: CA Lynn 74 (41b), SP Narine 1/23 (3.0 ov) | Kings XI Punjab: CH Gayle 62* (38b), AJ Tye 2/30 (4.0 ov)",Eden Gardens,Kolkata,India,A Deshmukh; C Shamshuddin,S Ravi,M Nayyar,Kings XI Punjab defeated Kolkata Knight Riders by 9 wickets (DLS method) at Eden Gardens (Kolkata).,Cricsheet JSON v1.2.0 / BCCI Official API
19,IPL_1136579,2018,2018,Indian Premier League,Regular Season / Group Stage,Match 19,2018-04-21,Saturday,Delhi Daredevils,Royal Challengers Bangalore,Royal Challengers Bangalore,Delhi Daredevils,Royal Challengers Bangalore,field,Delhi Daredevils,Royal Challengers Bangalore,174/5 (20.0 ov),174,5,20.0 ov,176/4 (18.0 ov),176,4,18.0 ov,175,350,9,174/5 - 176/4,Royal Challengers Bangalore,Delhi Daredevils,6 wickets,6,wickets,No,Normal,AB de Villiers,"Delhi Daredevils: RR Pant 85 (48b), GJ Maxwell 1/13 (2.0 ov) | Royal Challengers Bangalore: AB de Villiers 90* (39b), YS Chahal 2/22 (3.0 ov)",M.Chinnaswamy Stadium,Bengaluru,India,CB Gaffaney; CK Nandan,A Nand Kishore,RB Richardson,Royal Challengers Bangalore defeated Delhi Daredevils by 6 wickets at M.Chinnaswamy Stadium (Bengaluru).,Cricsheet JSON v1.2.0 / BCCI Official API
20,IPL_1136580,2018,2018,Indian Premier League,Regular Season / Group Stage,Match 20,2018-04-22,Sunday,Chennai Super Kings,Sunrisers Hyderabad,Sunrisers Hyderabad,Chennai Super Kings,Sunrisers Hyderabad,field,Chennai Super Kings,Sunrisers Hyderabad,182/3 (20.0 ov),182,3,20.0 ov,178/6 (20.0 ov),178,6,20.0 ov,183,360,9,182/3 - 178/6,Chennai Super Kings,Sunrisers Hyderabad,4 runs,4,runs,No,Normal,AT Rayudu,"Chennai Super Kings: AT Rayudu 79 (37b), DL Chahar 3/15 (4.0 ov) | Sunrisers Hyderabad: KS Williamson 84 (51b), B Kumar 1/22 (3.0 ov)",Rajiv Gandhi International Stadium,Hyderabad,India,AK Chaudhary; VA Kulkarni,NJ Llong,S Chaturvedi,Chennai Super Kings defeated Sunrisers Hyderabad by 4 runs at Rajiv Gandhi International Stadium (Hyderabad).,Cricsheet JSON v1.2.0 / BCCI Official API
21,IPL_1136581,2018,2018,Indian Premier League,Regular Season / Group Stage,Match 21,2018-04-22,Sunday,Mumbai Indians,Rajasthan Royals,Rajasthan Royals,Mumbai Indians,Mumbai Indians,bat,Mumbai Indians,Rajasthan Royals,167/7 (20.1 ov),167,7,20.1 ov,168/7 (20.0 ov),168,7,20.0 ov,168,335,14,167/7 - 168/7,Rajasthan Royals,Mumbai Indians,3 wickets,3,wickets,No,Normal,JC Archer,"Mumbai Indians: SA Yadav 72 (47b), HH Pandya 2/25 (2.4 ov) | Rajasthan Royals: SV Samson 52 (39b), JC Archer 3/22 (4.0 ov)",Sawai Mansingh Stadium,Jaipur,India,KN Ananthapadmanabhan; RJ Tucker,Nitin Menon,J Srinath,Rajasthan Royals defeated Mumbai Indians by 3 wickets at Sawai Mansingh Stadium (Jaipur).,Cricsheet JSON v1.2.0 / BCCI Official API
22,IPL_1136582,2018,2018,Indian Premier League,Regular Season / Group Stage,Match 22,2018-04-23,Monday,Kings XI Punjab,Delhi Daredevils,Delhi Daredevils,Kings XI Punjab,Delhi Daredevils,field,Kings XI Punjab,Delhi Daredevils,143/8 (20.0 ov),143,8,20.0 ov,139/8 (20.0 ov),139,8,20.0 ov,144,282,16,143/8 - 139/8,Kings XI Punjab,Delhi Daredevils,4 runs,4,runs,No,Normal,AS Rajpoot,"Kings XI Punjab: KK Nair 34 (32b), AS Rajpoot 2/23 (4.0 ov) | Delhi Daredevils: SS Iyer 57 (45b), LE Plunkett 3/17 (4.0 ov)",Arun Jaitley Stadium,Delhi,India,A Nand Kishore; CK Nandan,CB Gaffaney,RB Richardson,Kings XI Punjab defeated Delhi Daredevils by 4 runs at Arun Jaitley Stadium (Delhi).,Cricsheet JSON v1.2.0 / BCCI Official API
23,IPL_1136583,2018,2018,Indian Premier League,Regular Season / Group Stage,Match 23,2018-04-24,Tuesday,Sunrisers Hyderabad,Mumbai Indians,Mumbai Indians,Sunrisers Hyderabad,Mumbai Indians,field,Sunrisers Hyderabad,Mumbai Indians,118/10 (18.4 ov),118,10,18.4 ov,87/10 (18.5 ov),87,10,18.5 ov,119,205,20,118/10 - 87/10,Sunrisers Hyderabad,Mumbai Indians,31 runs,31,runs,No,Normal,Rashid Khan,"Sunrisers Hyderabad: KS Williamson 29 (21b), S Kaul 3/23 (4.0 ov) | Mumbai Indians: SA Yadav 34 (38b), M Markande 2/15 (3.0 ov)",Wankhede Stadium,Mumbai,India,C Shamshuddin; S Ravi,A Deshmukh,V Narayan Kutty,Sunrisers Hyderabad defeated Mumbai Indians by 31 runs at Wankhede Stadium (Mumbai).,Cricsheet JSON v1.2.0 / BCCI Official API
24,IPL_1136584,2018,2018,Indian Premier League,Regular Season / Group Stage,Match 24,2018-04-25,Wednesday,Royal Challengers Bangalore,Chennai Super Kings,Royal Challengers Bangalore,Chennai Super Kings,Chennai Super Kings,field,Royal Challengers Bangalore,Chennai Super Kings,205/8 (20.0 ov),205,8,20.0 ov,207/5 (19.5 ov),207,5,19.5 ov,206,412,13,205/8 - 207/5,Chennai Super Kings,Royal Challengers Bangalore,5 wickets,5,wickets,No,Normal,MS Dhoni,"Royal Challengers Bangalore: AB de Villiers 68 (30b), YS Chahal 2/26 (4.0 ov) | Chennai Super Kings: AT Rayudu 82 (53b), DJ Bravo 2/33 (4.0 ov)",M.Chinnaswamy Stadium,Bengaluru,India,NJ Llong; VK Sharma,AK Chaudhary,S Chaturvedi,Chennai Super Kings defeated Royal Challengers Bangalore by 5 wickets at M.Chinnaswamy Stadium (Bengaluru).,Cricsheet JSON v1.2.0 / BCCI Official API
25,IPL_1136585,2018,2018,Indian Premier League,Regular Season / Group Stage,Match 25,2018-04-26,Thursday,Sunrisers Hyderabad,Kings XI Punjab,Sunrisers Hyderabad,Kings XI Punjab,Kings XI Punjab,field,Sunrisers Hyderabad,Kings XI Punjab,132/6 (20.1 ov),132,6,20.1 ov,119/10 (19.2 ov),119,10,19.2 ov,133,251,16,132/6 - 119/10,Sunrisers Hyderabad,Kings XI Punjab,13 runs,13,runs,No,Normal,AS Rajpoot,"Sunrisers Hyderabad: MK Pandey 54 (51b), Rashid Khan 3/19 (4.0 ov) | Kings XI Punjab: KL Rahul 32 (26b), AS Rajpoot 5/14 (4.0 ov)",Rajiv Gandhi International Stadium,Hyderabad,India,CK Nandan; YC Barde,RJ Tucker,J Srinath,Sunrisers Hyderabad defeated Kings XI Punjab by 13 runs at Rajiv Gandhi International Stadium (Hyderabad).,Cricsheet JSON v1.2.0 / BCCI Official API
26,IPL_1136586,2018,2018,Indian Premier League,Regular Season / Group Stage,Match 26,2018-04-27,Friday,Delhi Daredevils,Kolkata Knight Riders,Delhi Daredevils,Kolkata Knight Riders,Kolkata Knight Riders,field,Delhi Daredevils,Kolkata Knight Riders,219/4 (20.1 ov),219,4,20.1 ov,164/9 (20.0 ov),164,9,20.0 ov,220,383,13,219/4 - 164/9,Delhi Daredevils,Kolkata Knight Riders,55 runs,55,runs,No,Normal,SS Iyer,"Delhi Daredevils: SS Iyer 93* (40b), GJ Maxwell 2/22 (2.0 ov) | Kolkata Knight Riders: AD Russell 44 (30b), AD Russell 1/28 (3.0 ov)",Arun Jaitley Stadium,Delhi,India,C Shamshuddin; S Ravi,A Nand Kishore,RB Richardson,Delhi Daredevils defeated Kolkata Knight Riders by 55 runs at Arun Jaitley Stadium (Delhi).,Cricsheet JSON v1.2.0 / BCCI Official API
27,IPL_1136587,2018,2018,Indian Premier League,Regular Season / Group Stage,Match 27,2018-04-28,Saturday,Chennai Super Kings,Mumbai Indians,Chennai Super Kings,Mumbai Indians,Mumbai Indians,field,Chennai Super Kings,Mumbai Indians,169/5 (20.0 ov),169,5,20.0 ov,170/2 (19.4 ov),170,2,19.4 ov,170,339,7,169/5 - 170/2,Mumbai Indians,Chennai Super Kings,8 wickets,8,wickets,No,Normal,RG Sharma,"Chennai Super Kings: SK Raina 75* (47b), Harbhajan Singh 1/20 (3.5 ov) | Mumbai Indians: RG Sharma 56* (33b), MJ McClenaghan 2/26 (4.0 ov)",Maharashtra Cricket Association Stadium,Pune,India,CB Gaffaney; Nitin Menon,AY Dandekar,V Narayan Kutty,Mumbai Indians defeated Chennai Super Kings by 8 wickets at Maharashtra Cricket Association Stadium (Pune).,Cricsheet JSON v1.2.0 / BCCI Official API
28,IPL_1136588,2018,2018,Indian Premier League,Regular Season / Group Stage,Match 28,2018-04-29,Sunday,Sunrisers Hyderabad,Rajasthan Royals,Rajasthan Royals,Sunrisers Hyderabad,Sunrisers Hyderabad,bat,Sunrisers Hyderabad,Rajasthan Royals,151/7 (20.0 ov),151,7,20.0 ov,140/6 (20.0 ov),140,6,20.0 ov,152,291,13,151/7 - 140/6,Sunrisers Hyderabad,Rajasthan Royals,11 runs,11,runs,No,Normal,KS Williamson,"Sunrisers Hyderabad: KS Williamson 63 (43b), S Kaul 2/23 (4.0 ov) | Rajasthan Royals: AM Rahane 65* (53b), JC Archer 3/26 (4.0 ov)",Sawai Mansingh Stadium,Jaipur,India,BNJ Oxenford; A Nand Kishore,S Ravi,AJ Pycroft,Sunrisers Hyderabad defeated Rajasthan Royals by 11 runs at Sawai Mansingh Stadium (Jaipur).,Cricsheet JSON v1.2.0 / BCCI Official API
29,IPL_1136589,2018,2018,Indian Premier League,Regular Season / Group Stage,Match 29,2018-04-29,Sunday,Royal Challengers Bangalore,Kolkata Knight Riders,Royal Challengers Bangalore,Kolkata Knight Riders,Kolkata Knight Riders,field,Royal Challengers Bangalore,Kolkata Knight Riders,175/4 (20.0 ov),175,4,20.0 ov,176/5 (19.1 ov),176,5,19.1 ov,176,351,9,175/4 - 176/5,Kolkata Knight Riders,Royal Challengers Bangalore,6 wickets,6,wickets,No,Normal,CA Lynn,"Royal Challengers Bangalore: V Kohli 68* (44b), M Ashwin 2/36 (4.0 ov) | Kolkata Knight Riders: CA Lynn 62* (52b), AD Russell 3/31 (3.0 ov)",M.Chinnaswamy Stadium,Bengaluru,India,AK Chaudhary; NJ Llong,VK Sharma,M Nayyar,Kolkata Knight Riders defeated Royal Challengers Bangalore by 6 wickets at M.Chinnaswamy Stadium (Bengaluru).,Cricsheet JSON v1.2.0 / BCCI Official API
30,IPL_1136590,2018,2018,Indian Premier League,Regular Season / Group Stage,Match 30,2018-04-30,Monday,Chennai Super Kings,Delhi Daredevils,Chennai Super Kings,Delhi Daredevils,Delhi Daredevils,field,Chennai Super Kings,Delhi Daredevils,211/4 (20.1 ov),211,4,20.1 ov,198/5 (20.0 ov),198,5,20.0 ov,212,409,9,211/4 - 198/5,Chennai Super Kings,Delhi Daredevils,13 runs,13,runs,No,Normal,SR Watson,"Chennai Super Kings: SR Watson 78 (40b), KM Asif 2/43 (3.0 ov) | Delhi Daredevils: RR Pant 79 (45b), GJ Maxwell 1/5 (1.0 ov)",Maharashtra Cricket Association Stadium,Pune,India,AY Dandekar; C Shamshuddin,CK Nandan,V Narayan Kutty,Chennai Super Kings defeated Delhi Daredevils by 13 runs at Maharashtra Cricket Association Stadium (Pune).,Cricsheet JSON v1.2.0 / BCCI Official API
31,IPL_1136591,2018,2018,Indian Premier League,Regular Season / Group Stage,Match 31,2018-05-01,Tuesday,Royal Challengers Bangalore,Mumbai Indians,Royal Challengers Bangalore,Mumbai Indians,Mumbai Indians,field,Royal Challengers Bangalore,Mumbai Indians,167/7 (20.2 ov),167,7,20.2 ov,153/7 (20.0 ov),153,7,20.0 ov,168,320,14,167/7 - 153/7,Royal Challengers Bangalore,Mumbai Indians,14 runs,14,runs,No,Normal,TG Southee,"Royal Challengers Bangalore: M Vohra 45 (31b), TG Southee 2/25 (4.0 ov) | Mumbai Indians: HH Pandya 50 (42b), HH Pandya 3/28 (3.0 ov)",M.Chinnaswamy Stadium,Bengaluru,India,M Erasmus; Nitin Menon,YC Barde,J Srinath,Royal Challengers Bangalore defeated Mumbai Indians by 14 runs at M.Chinnaswamy Stadium (Bengaluru).,Cricsheet JSON v1.2.0 / BCCI Official API
32,IPL_1136592,2018,2018,Indian Premier League,Regular Season / Group Stage,Match 32,2018-05-02,Wednesday,Delhi Daredevils,Rajasthan Royals,Delhi Daredevils,Rajasthan Royals,Rajasthan Royals,field,Delhi Daredevils,Rajasthan Royals,196/6 (17.1 ov),196,6,17.1 ov,146/5 (12.0 ov),146,5,12.0 ov,151,342,11,196/6 - 146/5,Delhi Daredevils,Rajasthan Royals,4 runs,4,runs,No,DLS,RR Pant,"Delhi Daredevils: RR Pant 69 (29b), TA Boult 2/26 (3.0 ov) | Rajasthan Royals: JC Buttler 67 (26b), JD Unadkat 3/46 (4.0 ov)",Arun Jaitley Stadium,Delhi,India,CK Nandan; VK Sharma,BNJ Oxenford,AJ Pycroft,Delhi Daredevils defeated Rajasthan Royals by 4 runs (DLS method) at Arun Jaitley Stadium (Delhi).,Cricsheet JSON v1.2.0 / BCCI Official API
33,IPL_1136593,2018,2018,Indian Premier League,Regular Season / Group Stage,Match 33,2018-05-03,Thursday,Chennai Super Kings,Kolkata Knight Riders,Kolkata Knight Riders,Chennai Super Kings,Kolkata Knight Riders,field,Chennai Super Kings,Kolkata Knight Riders,177/5 (20.0 ov),177,5,20.0 ov,180/4 (17.4 ov),180,4,17.4 ov,178,357,9,177/5 - 180/4,Kolkata Knight Riders,Chennai Super Kings,6 wickets,6,wickets,No,Normal,SP Narine,"Chennai Super Kings: MS Dhoni 43* (25b), Harbhajan Singh 1/20 (3.0 ov) | Kolkata Knight Riders: Shubman Gill 57* (36b), SP Narine 2/20 (4.0 ov)",Eden Gardens,Kolkata,India,A Deshmukh; HDPK Dharmasena,AK Chaudhary,V Narayan Kutty,Kolkata Knight Riders defeated Chennai Super Kings by 6 wickets at Eden Gardens (Kolkata).,Cricsheet JSON v1.2.0 / BCCI Official API
34,IPL_1136594,2018,2018,Indian Premier League,Regular Season / Group Stage,Match 34,2018-05-04,Friday,Kings XI Punjab,Mumbai Indians,Kings XI Punjab,Mumbai Indians,Mumbai Indians,field,Kings XI Punjab,Mumbai Indians,174/6 (20.0 ov),174,6,20.0 ov,176/4 (19.0 ov),176,4,19.0 ov,175,350,10,174/6 - 176/4,Mumbai Indians,Kings XI Punjab,6 wickets,6,wickets,No,Normal,SA Yadav,"Kings XI Punjab: CH Gayle 50 (40b), Mujeeb Ur Rahman 2/37 (4.0 ov) | Mumbai Indians: SA Yadav 57 (42b), JJ Bumrah 1/19 (4.0 ov)",Holkar Cricket Stadium,Indore,India,AY Dandekar; S Ravi,C Shamshuddin,M Nayyar,Mumbai Indians defeated Kings XI Punjab by 6 wickets at Holkar Cricket Stadium (Indore).,Cricsheet JSON v1.2.0 / BCCI Official API
35,IPL_1136595,2018,2018,Indian Premier League,Regular Season / Group Stage,Match 35,2018-05-05,Saturday,Royal Challengers Bangalore,Chennai Super Kings,Royal Challengers Bangalore,Chennai Super Kings,Chennai Super Kings,field,Royal Challengers Bangalore,Chennai Super Kings,127/9 (20.0 ov),127,9,20.0 ov,128/4 (18.1 ov),128,4,18.1 ov,128,255,13,127/9 - 128/4,Chennai Super Kings,Royal Challengers Bangalore,6 wickets,6,wickets,No,Normal,RA Jadeja,"Royal Challengers Bangalore: PA Patel 53 (41b), UT Yadav 2/15 (3.0 ov) | Chennai Super Kings: AT Rayudu 32 (25b), RA Jadeja 3/18 (4.0 ov)",Maharashtra Cricket Association Stadium,Pune,India,Nitin Menon; YC Barde,M Erasmus,J Srinath,Chennai Super Kings defeated Royal Challengers Bangalore by 6 wickets at Maharashtra Cricket Association Stadium (Pune).,Cricsheet JSON v1.2.0 / BCCI Official API
36,IPL_1136596,2018,2018,Indian Premier League,Regular Season / Group Stage,Match 36,2018-05-05,Saturday,Delhi Daredevils,Sunrisers Hyderabad,Sunrisers Hyderabad,Delhi Daredevils,Delhi Daredevils,bat,Delhi Daredevils,Sunrisers Hyderabad,163/5 (20.0 ov),163,5,20.0 ov,164/3 (20.0 ov),164,3,20.0 ov,164,327,8,163/5 - 164/3,Sunrisers Hyderabad,Delhi Daredevils,7 wickets,7,wickets,No,Normal,Rashid Khan,"Delhi Daredevils: PP Shaw 65 (36b), A Mishra 2/19 (4.0 ov) | Sunrisers Hyderabad: AD Hales 45 (31b), Rashid Khan 2/23 (4.0 ov)",Rajiv Gandhi International Stadium,Hyderabad,India,BNJ Oxenford; CK Nandan,VK Sharma,AJ Pycroft,Sunrisers Hyderabad defeated Delhi Daredevils by 7 wickets at Rajiv Gandhi International Stadium (Hyderabad).,Cricsheet JSON v1.2.0 / BCCI Official API
37,IPL_1136597,2018,2018,Indian Premier League,Regular Season / Group Stage,Match 37,2018-05-06,Sunday,Mumbai Indians,Kolkata Knight Riders,Mumbai Indians,Kolkata Knight Riders,Kolkata Knight Riders,field,Mumbai Indians,Kolkata Knight Riders,181/4 (20.0 ov),181,4,20.0 ov,168/6 (20.0 ov),168,6,20.0 ov,182,349,10,181/4 - 168/6,Mumbai Indians,Kolkata Knight Riders,13 runs,13,runs,No,Normal,HH Pandya,"Mumbai Indians: SA Yadav 59 (39b), HH Pandya 2/19 (4.0 ov) | Kolkata Knight Riders: RV Uthappa 54 (35b), AD Russell 2/12 (2.0 ov)",Wankhede Stadium,Mumbai,India,A Deshmukh; HDPK Dharmasena,AK Chaudhary,V Narayan Kutty,Mumbai Indians defeated Kolkata Knight Riders by 13 runs at Wankhede Stadium (Mumbai).,Cricsheet JSON v1.2.0 / BCCI Official API
38,IPL_1136598,2018,2018,Indian Premier League,Regular Season / Group Stage,Match 38,2018-05-06,Sunday,Rajasthan Royals,Kings XI Punjab,Kings XI Punjab,Rajasthan Royals,Kings XI Punjab,field,Rajasthan Royals,Kings XI Punjab,152/9 (20.0 ov),152,9,20.0 ov,155/4 (18.4 ov),155,4,18.4 ov,153,307,13,152/9 - 155/4,Kings XI Punjab,Rajasthan Royals,6 wickets,6,wickets,No,Normal,Mujeeb Ur Rahman,"Rajasthan Royals: JC Buttler 51 (39b), K Gowtham 1/18 (3.0 ov) | Kings XI Punjab: KL Rahul 84* (54b), Mujeeb Ur Rahman 3/27 (4.0 ov)",Holkar Cricket Stadium,Indore,India,C Shamshuddin; S Ravi,AY Dandekar,M Nayyar,Kings XI Punjab defeated Rajasthan Royals by 6 wickets at Holkar Cricket Stadium (Indore).,Cricsheet JSON v1.2.0 / BCCI Official API
39,IPL_1136599,2018,2018,Indian Premier League,Regular Season / Group Stage,Match 39,2018-05-07,Monday,Sunrisers Hyderabad,Royal Challengers Bangalore,Sunrisers Hyderabad,Royal Challengers Bangalore,Royal Challengers Bangalore,field,Sunrisers Hyderabad,Royal Challengers Bangalore,146/10 (20.1 ov),146,10,20.1 ov,141/6 (20.0 ov),141,6,20.0 ov,147,287,16,146/10 - 141/6,Sunrisers Hyderabad,Royal Challengers Bangalore,5 runs,5,runs,No,Normal,KS Williamson,"Sunrisers Hyderabad: KS Williamson 56 (39b), Shakib Al Hasan 2/36 (4.0 ov) | Royal Challengers Bangalore: V Kohli 39 (30b), Mohammed Siraj 3/25 (4.0 ov)",Rajiv Gandhi International Stadium,Hyderabad,India,BNJ Oxenford; VK Sharma,CK Nandan,AJ Pycroft,Sunrisers Hyderabad defeated Royal Challengers Bangalore by 5 runs at Rajiv Gandhi International Stadium (Hyderabad).,Cricsheet JSON v1.2.0 / BCCI Official API
40,IPL_1136600,2018,2018,Indian Premier League,Regular Season / Group Stage,Match 40,2018-05-08,Tuesday,Rajasthan Royals,Kings XI Punjab,Rajasthan Royals,Kings XI Punjab,Rajasthan Royals,bat,Rajasthan Royals,Kings XI Punjab,158/8 (20.1 ov),158,8,20.1 ov,143/7 (20.1 ov),143,7,20.1 ov,159,301,15,158/8 - 143/7,Rajasthan Royals,Kings XI Punjab,15 runs,15,runs,No,Normal,JC Buttler,"Rajasthan Royals: JC Buttler 82 (58b), K Gowtham 2/12 (3.0 ov) | Kings XI Punjab: KL Rahul 95* (70b), AJ Tye 4/34 (4.0 ov)",Sawai Mansingh Stadium,Jaipur,India,M Erasmus; Nitin Menon,YC Barde,J Srinath,Rajasthan Royals defeated Kings XI Punjab by 15 runs at Sawai Mansingh Stadium (Jaipur).,Cricsheet JSON v1.2.0 / BCCI Official API
41,IPL_1136601,2018,2018,Indian Premier League,Regular Season / Group Stage,Match 41,2018-05-09,Wednesday,Mumbai Indians,Kolkata Knight Riders,Kolkata Knight Riders,Mumbai Indians,Kolkata Knight Riders,field,Mumbai Indians,Kolkata Knight Riders,210/6 (20.1 ov),210,6,20.1 ov,108/10 (18.1 ov),108,10,18.1 ov,211,318,16,210/6 - 108/10,Mumbai Indians,Kolkata Knight Riders,102 runs,102,runs,No,Normal,Ishan Kishan,"Mumbai Indians: Ishan Kishan 62 (21b), KH Pandya 2/12 (3.1 ov) | Kolkata Knight Riders: CA Lynn 21 (15b), PP Chawla 3/48 (4.0 ov)",Eden Gardens,Kolkata,India,KN Ananthapadmanabhan; AK Chaudhary,HDPK Dharmasena,Prakash Bhatt,Mumbai Indians defeated Kolkata Knight Riders by 102 runs at Eden Gardens (Kolkata).,Cricsheet JSON v1.2.0 / BCCI Official API
42,IPL_1136602,2018,2018,Indian Premier League,Regular Season / Group Stage,Match 42,2018-05-10,Thursday,Delhi Daredevils,Sunrisers Hyderabad,Delhi Daredevils,Sunrisers Hyderabad,Delhi Daredevils,bat,Delhi Daredevils,Sunrisers Hyderabad,187/5 (20.0 ov),187,5,20.0 ov,191/1 (18.5 ov),191,1,18.5 ov,188,378,6,187/5 - 191/1,Sunrisers Hyderabad,Delhi Daredevils,9 wickets,9,wickets,No,Normal,S Dhawan,"Delhi Daredevils: RR Pant 128* (63b), HV Patel 1/32 (4.0 ov) | Sunrisers Hyderabad: S Dhawan 92* (50b), Shakib Al Hasan 2/27 (4.0 ov)",Arun Jaitley Stadium,Delhi,India,AY Dandekar; C Shamshuddin,S Ravi,M Nayyar,Sunrisers Hyderabad defeated Delhi Daredevils by 9 wickets at Arun Jaitley Stadium (Delhi).,Cricsheet JSON v1.2.0 / BCCI Official API
43,IPL_1136603,2018,2018,Indian Premier League,Regular Season / Group Stage,Match 43,2018-05-11,Friday,Chennai Super Kings,Rajasthan Royals,Rajasthan Royals,Chennai Super Kings,Chennai Super Kings,bat,Chennai Super Kings,Rajasthan Royals,176/4 (20.1 ov),176,4,20.1 ov,177/6 (19.5 ov),177,6,19.5 ov,177,353,10,176/4 - 177/6,Rajasthan Royals,Chennai Super Kings,4 wickets,4,wickets,No,Normal,JC Buttler,"Chennai Super Kings: SK Raina 52 (35b), SN Thakur 1/22 (4.0 ov) | Rajasthan Royals: JC Buttler 95* (60b), JC Archer 2/42 (4.0 ov)",Sawai Mansingh Stadium,Jaipur,India,M Erasmus; YC Barde,Nitin Menon,J Srinath,Rajasthan Royals defeated Chennai Super Kings by 4 wickets at Sawai Mansingh Stadium (Jaipur).,Cricsheet JSON v1.2.0 / BCCI Official API
44,IPL_1136604,2018,2018,Indian Premier League,Regular Season / Group Stage,Match 44,2018-05-12,Saturday,Kolkata Knight Riders,Kings XI Punjab,Kings XI Punjab,Kolkata Knight Riders,Kings XI Punjab,field,Kolkata Knight Riders,Kings XI Punjab,245/6 (20.0 ov),245,6,20.0 ov,214/8 (20.0 ov),214,8,20.0 ov,246,459,14,245/6 - 214/8,Kolkata Knight Riders,Kings XI Punjab,31 runs,31,runs,No,Normal,SP Narine,"Kolkata Knight Riders: SP Narine 75 (36b), AD Russell 3/41 (4.0 ov) | Kings XI Punjab: KL Rahul 66 (29b), AJ Tye 4/41 (4.0 ov)",Holkar Cricket Stadium,Indore,India,CK Nandan; VK Sharma,BNJ Oxenford,AJ Pycroft,Kolkata Knight Riders defeated Kings XI Punjab by 31 runs at Holkar Cricket Stadium (Indore).,Cricsheet JSON v1.2.0 / BCCI Official API
45,IPL_1136605,2018,2018,Indian Premier League,Regular Season / Group Stage,Match 45,2018-05-12,Saturday,Delhi Daredevils,Royal Challengers Bangalore,Delhi Daredevils,Royal Challengers Bangalore,Royal Challengers Bangalore,field,Delhi Daredevils,Royal Challengers Bangalore,181/4 (20.1 ov),181,4,20.1 ov,187/5 (19.0 ov),187,5,19.0 ov,182,368,9,181/4 - 187/5,Royal Challengers Bangalore,Delhi Daredevils,5 wickets,5,wickets,No,Normal,AB de Villiers,"Delhi Daredevils: RR Pant 61 (34b), TA Boult 2/40 (4.0 ov) | Royal Challengers Bangalore: AB de Villiers 72* (37b), YS Chahal 2/28 (4.0 ov)",Arun Jaitley Stadium,Delhi,India,KN Ananthapadmanabhan; HDPK Dharmasena,AK Chaudhary,Prakash Bhatt,Royal Challengers Bangalore defeated Delhi Daredevils by 5 wickets at Arun Jaitley Stadium (Delhi).,Cricsheet JSON v1.2.0 / BCCI Official API
46,IPL_1136606,2018,2018,Indian Premier League,Regular Season / Group Stage,Match 46,2018-05-13,Sunday,Sunrisers Hyderabad,Chennai Super Kings,Sunrisers Hyderabad,Chennai Super Kings,Chennai Super Kings,field,Sunrisers Hyderabad,Chennai Super Kings,179/4 (20.0 ov),179,4,20.0 ov,180/2 (19.0 ov),180,2,19.0 ov,180,359,6,179/4 - 180/2,Chennai Super Kings,Sunrisers Hyderabad,8 wickets,8,wickets,No,Normal,AT Rayudu,"Sunrisers Hyderabad: S Dhawan 79 (49b), Sandeep Sharma 1/36 (4.0 ov) | Chennai Super Kings: AT Rayudu 100* (62b), SN Thakur 2/32 (4.0 ov)",Maharashtra Cricket Association Stadium,Pune,India,M Erasmus; YC Barde,AY Dandekar,M Nayyar,Chennai Super Kings defeated Sunrisers Hyderabad by 8 wickets at Maharashtra Cricket Association Stadium (Pune).,Cricsheet JSON v1.2.0 / BCCI Official API
47,IPL_1136607,2018,2018,Indian Premier League,Regular Season / Group Stage,Match 47,2018-05-13,Sunday,Mumbai Indians,Rajasthan Royals,Mumbai Indians,Rajasthan Royals,Rajasthan Royals,field,Mumbai Indians,Rajasthan Royals,168/6 (20.0 ov),168,6,20.0 ov,171/3 (18.0 ov),171,3,18.0 ov,169,339,9,168/6 - 171/3,Rajasthan Royals,Mumbai Indians,7 wickets,7,wickets,No,Normal,JC Buttler,"Mumbai Indians: E Lewis 60 (42b), HH Pandya 2/52 (4.0 ov) | Rajasthan Royals: JC Buttler 94* (53b), JC Archer 2/16 (4.0 ov)",Wankhede Stadium,Mumbai,India,Nitin Menon; S Ravi,C Shamshuddin,J Srinath,Rajasthan Royals defeated Mumbai Indians by 7 wickets at Wankhede Stadium (Mumbai).,Cricsheet JSON v1.2.0 / BCCI Official API
48,IPL_1136608,2018,2018,Indian Premier League,Regular Season / Group Stage,Match 48,2018-05-14,Monday,Kings XI Punjab,Royal Challengers Bangalore,Kings XI Punjab,Royal Challengers Bangalore,Royal Challengers Bangalore,field,Kings XI Punjab,Royal Challengers Bangalore,88/10 (15.1 ov),88,10,15.1 ov,92/0 (8.2 ov),92,0,8.2 ov,89,180,10,88/10 - 92/0,Royal Challengers Bangalore,Kings XI Punjab,10 wickets,10,wickets,No,Normal,UT Yadav,"Kings XI Punjab: AJ Finch 26 (23b), R Ashwin 0/9 (1.0 ov) | Royal Challengers Bangalore: V Kohli 48* (28b), UT Yadav 3/23 (4.0 ov)",Holkar Cricket Stadium,Indore,India,BNJ Oxenford; VK Sharma,CK Nandan,AJ Pycroft,Royal Challengers Bangalore defeated Kings XI Punjab by 10 wickets at Holkar Cricket Stadium (Indore).,Cricsheet JSON v1.2.0 / BCCI Official API
49,IPL_1136609,2018,2018,Indian Premier League,Regular Season / Group Stage,Match 49,2018-05-15,Tuesday,Rajasthan Royals,Kolkata Knight Riders,Kolkata Knight Riders,Rajasthan Royals,Kolkata Knight Riders,field,Rajasthan Royals,Kolkata Knight Riders,142/10 (19.0 ov),142,10,19.0 ov,145/4 (18.0 ov),145,4,18.0 ov,143,287,14,142/10 - 145/4,Kolkata Knight Riders,Rajasthan Royals,6 wickets,6,wickets,No,Normal,Kuldeep Yadav,"Rajasthan Royals: JC Buttler 39 (22b), BA Stokes 3/15 (4.0 ov) | Kolkata Knight Riders: CA Lynn 45 (42b), Kuldeep Yadav 4/20 (4.0 ov)",Eden Gardens,Kolkata,India,AK Chaudhary; HDPK Dharmasena,VA Kulkarni,M Nayyar,Kolkata Knight Riders defeated Rajasthan Royals by 6 wickets at Eden Gardens (Kolkata).,Cricsheet JSON v1.2.0 / BCCI Official API
50,IPL_1136610,2018,2018,Indian Premier League,Regular Season / Group Stage,Match 50,2018-05-16,Wednesday,Mumbai Indians,Kings XI Punjab,Mumbai Indians,Kings XI Punjab,Kings XI Punjab,field,Mumbai Indians,Kings XI Punjab,186/8 (20.1 ov),186,8,20.1 ov,183/5 (20.0 ov),183,5,20.0 ov,187,369,13,186/8 - 183/5,Mumbai Indians,Kings XI Punjab,3 runs,3,runs,No,Normal,JJ Bumrah,"Mumbai Indians: KA Pollard 50 (23b), JJ Bumrah 3/15 (4.0 ov) | Kings XI Punjab: KL Rahul 94 (60b), AJ Tye 4/16 (4.0 ov)",Wankhede Stadium,Mumbai,India,M Erasmus; Nitin Menon,YC Barde,J Srinath,Mumbai Indians defeated Kings XI Punjab by 3 runs at Wankhede Stadium (Mumbai).,Cricsheet JSON v1.2.0 / BCCI Official API
51,IPL_1136611,2018,2018,Indian Premier League,Regular Season / Group Stage,Match 51,2018-05-17,Thursday,Royal Challengers Bangalore,Sunrisers Hyderabad,Royal Challengers Bangalore,Sunrisers Hyderabad,Sunrisers Hyderabad,field,Royal Challengers Bangalore,Sunrisers Hyderabad,218/6 (20.0 ov),218,6,20.0 ov,204/3 (20.0 ov),204,3,20.0 ov,219,422,9,218/6 - 204/3,Royal Challengers Bangalore,Sunrisers Hyderabad,14 runs,14,runs,No,Normal,AB de Villiers,"Royal Challengers Bangalore: AB de Villiers 69 (39b), MM Ali 1/21 (2.0 ov) | Sunrisers Hyderabad: KS Williamson 81 (42b), Rashid Khan 3/27 (4.0 ov)",M.Chinnaswamy Stadium,Bengaluru,India,AY Dandekar; S Ravi,C Shamshuddin,Prakash Bhatt,Royal Challengers Bangalore defeated Sunrisers Hyderabad by 14 runs at M.Chinnaswamy Stadium (Bengaluru).,Cricsheet JSON v1.2.0 / BCCI Official API
52,IPL_1136612,2018,2018,Indian Premier League,Regular Season / Group Stage,Match 52,2018-05-18,Friday,Delhi Daredevils,Chennai Super Kings,Delhi Daredevils,Chennai Super Kings,Chennai Super Kings,field,Delhi Daredevils,Chennai Super Kings,162/5 (20.0 ov),162,5,20.0 ov,128/6 (20.0 ov),128,6,20.0 ov,163,290,11,162/5 - 128/6,Delhi Daredevils,Chennai Super Kings,34 runs,34,runs,No,Normal,HV Patel,"Delhi Daredevils: RR Pant 38 (26b), TA Boult 2/20 (4.0 ov) | Chennai Super Kings: AT Rayudu 50 (29b), L Ngidi 2/14 (3.0 ov)",Arun Jaitley Stadium,Delhi,India,HDPK Dharmasena; VA Kulkarni,CK Nandan,M Nayyar,Delhi Daredevils defeated Chennai Super Kings by 34 runs at Arun Jaitley Stadium (Delhi).,Cricsheet JSON v1.2.0 / BCCI Official API
53,IPL_1136613,2018,2018,Indian Premier League,Regular Season / Group Stage,Match 53,2018-05-19,Saturday,Rajasthan Royals,Royal Challengers Bangalore,Rajasthan Royals,Royal Challengers Bangalore,Rajasthan Royals,bat,Rajasthan Royals,Royal Challengers Bangalore,164/5 (20.0 ov),164,5,20.0 ov,134/10 (19.2 ov),134,10,19.2 ov,165,298,15,164/5 - 134/10,Rajasthan Royals,Royal Challengers Bangalore,30 runs,30,runs,No,Normal,S Gopal,"Rajasthan Royals: RA Tripathi 80* (58b), S Gopal 4/16 (4.0 ov) | Royal Challengers Bangalore: AB de Villiers 53 (35b), UT Yadav 3/25 (4.0 ov)",Sawai Mansingh Stadium,Jaipur,India,BNJ Oxenford; VK Sharma,C Shamshuddin,AJ Pycroft,Rajasthan Royals defeated Royal Challengers Bangalore by 30 runs at Sawai Mansingh Stadium (Jaipur).,Cricsheet JSON v1.2.0 / BCCI Official API
54,IPL_1136614,2018,2018,Indian Premier League,Regular Season / Group Stage,Match 54,2018-05-19,Saturday,Sunrisers Hyderabad,Kolkata Knight Riders,Sunrisers Hyderabad,Kolkata Knight Riders,Sunrisers Hyderabad,bat,Sunrisers Hyderabad,Kolkata Knight Riders,172/9 (20.1 ov),172,9,20.1 ov,173/5 (19.4 ov),173,5,19.4 ov,173,345,14,172/9 - 173/5,Kolkata Knight Riders,Sunrisers Hyderabad,5 wickets,5,wickets,No,Normal,CA Lynn,"Sunrisers Hyderabad: S Dhawan 50 (39b), CR Brathwaite 2/21 (2.4 ov) | Kolkata Knight Riders: CA Lynn 55 (43b), M Prasidh Krishna 4/30 (4.0 ov)",Rajiv Gandhi International Stadium,Hyderabad,India,AK Chaudhary; S Ravi,AY Dandekar,Prakash Bhatt,Kolkata Knight Riders defeated Sunrisers Hyderabad by 5 wickets at Rajiv Gandhi International Stadium (Hyderabad).,Cricsheet JSON v1.2.0 / BCCI Official API
55,IPL_1136615,2018,2018,Indian Premier League,Regular Season / Group Stage,Match 55,2018-05-20,Sunday,Delhi Daredevils,Mumbai Indians,Delhi Daredevils,Mumbai Indians,Delhi Daredevils,bat,Delhi Daredevils,Mumbai Indians,174/4 (20.0 ov),174,4,20.0 ov,163/10 (19.3 ov),163,10,19.3 ov,175,337,14,174/4 - 163/10,Delhi Daredevils,Mumbai Indians,11 runs,11,runs,No,Normal,A Mishra,"Delhi Daredevils: RR Pant 64 (44b), A Mishra 3/19 (4.0 ov) | Mumbai Indians: E Lewis 48 (31b), KH Pandya 1/11 (2.0 ov)",Arun Jaitley Stadium,Delhi,India,HDPK Dharmasena; CK Nandan,VA Kulkarni,M Nayyar,Delhi Daredevils defeated Mumbai Indians by 11 runs at Arun Jaitley Stadium (Delhi).,Cricsheet JSON v1.2.0 / BCCI Official API
56,IPL_1136616,2018,2018,Indian Premier League,Regular Season / Group Stage,Match 56,2018-05-20,Sunday,Kings XI Punjab,Chennai Super Kings,Kings XI Punjab,Chennai Super Kings,Chennai Super Kings,field,Kings XI Punjab,Chennai Super Kings,153/10 (19.5 ov),153,10,19.5 ov,159/5 (19.2 ov),159,5,19.2 ov,154,312,15,153/10 - 159/5,Chennai Super Kings,Kings XI Punjab,5 wickets,5,wickets,No,Normal,L Ngidi,"Kings XI Punjab: KK Nair 54 (26b), AS Rajpoot 2/19 (4.0 ov) | Chennai Super Kings: SK Raina 61* (48b), L Ngidi 4/10 (4.0 ov)",Maharashtra Cricket Association Stadium,Pune,India,Nitin Menon; YC Barde,M Erasmus,J Srinath,Chennai Super Kings defeated Kings XI Punjab by 5 wickets at Maharashtra Cricket Association Stadium (Pune).,Cricsheet JSON v1.2.0 / BCCI Official API
57,IPL_1136617,2018,2018,Indian Premier League,Qualifier 1,Playoffs,2018-05-22,Tuesday,Sunrisers Hyderabad,Chennai Super Kings,Sunrisers Hyderabad,Chennai Super Kings,Chennai Super Kings,field,Sunrisers Hyderabad,Chennai Super Kings,139/7 (20.0 ov),139,7,20.0 ov,140/8 (19.1 ov),140,8,19.1 ov,140,279,15,139/7 - 140/8,Chennai Super Kings,Sunrisers Hyderabad,2 wickets,2,wickets,No,Normal,F du Plessis,"Sunrisers Hyderabad: CR Brathwaite 43* (29b), Rashid Khan 2/11 (4.0 ov) | Chennai Super Kings: F du Plessis 67* (42b), DJ Bravo 2/25 (4.0 ov)",Wankhede Stadium,Mumbai,India,C Shamshuddin; M Erasmus,S Ravi,AJ Pycroft,Chennai Super Kings defeated Sunrisers Hyderabad by 2 wickets at Wankhede Stadium (Mumbai).,Cricsheet JSON v1.2.0 / BCCI Official API
58,IPL_1136618,2018,2018,Indian Premier League,Eliminator,Playoffs,2018-05-23,Wednesday,Kolkata Knight Riders,Rajasthan Royals,Kolkata Knight Riders,Rajasthan Royals,Rajasthan Royals,field,Kolkata Knight Riders,Rajasthan Royals,169/7 (20.1 ov),169,7,20.1 ov,144/4 (20.0 ov),144,4,20.0 ov,170,313,11,169/7 - 144/4,Kolkata Knight Riders,Rajasthan Royals,25 runs,25,runs,No,Normal,AD Russell,"Kolkata Knight Riders: KD Karthik 52 (38b), PP Chawla 2/24 (4.0 ov) | Rajasthan Royals: SV Samson 50 (38b), K Gowtham 2/15 (3.0 ov)",Eden Gardens,Kolkata,India,AK Chaudhary; Nitin Menon,HDPK Dharmasena,J Srinath,Kolkata Knight Riders defeated Rajasthan Royals by 25 runs at Eden Gardens (Kolkata).,Cricsheet JSON v1.2.0 / BCCI Official API
59,IPL_1136619,2018,2018,Indian Premier League,Qualifier 2,Playoffs,2018-05-25,Friday,Sunrisers Hyderabad,Kolkata Knight Riders,Kolkata Knight Riders,Sunrisers Hyderabad,Kolkata Knight Riders,field,Sunrisers Hyderabad,Kolkata Knight Riders,174/7 (20.0 ov),174,7,20.0 ov,160/9 (20.0 ov),160,9,20.0 ov,175,334,16,174/7 - 160/9,Sunrisers Hyderabad,Kolkata Knight Riders,14 runs,14,runs,No,Normal,Rashid Khan,"Sunrisers Hyderabad: WP Saha 35 (27b), Rashid Khan 3/19 (4.0 ov) | Kolkata Knight Riders: CA Lynn 48 (31b), Kuldeep Yadav 2/29 (4.0 ov)",Eden Gardens,Kolkata,India,HDPK Dharmasena; Nitin Menon,AK Chaudhary,J Srinath,Sunrisers Hyderabad defeated Kolkata Knight Riders by 14 runs at Eden Gardens (Kolkata).,Cricsheet JSON v1.2.0 / BCCI Official API
60,IPL_1136620,2018,2018,Indian Premier League,Final,Playoffs,2018-05-27,Sunday,Sunrisers Hyderabad,Chennai Super Kings,Sunrisers Hyderabad,Chennai Super Kings,Chennai Super Kings,field,Sunrisers Hyderabad,Chennai Super Kings,178/6 (20.1 ov),178,6,20.1 ov,181/2 (18.3 ov),181,2,18.3 ov,179,359,8,178/6 - 181/2,Chennai Super Kings,Sunrisers Hyderabad,8 wickets,8,wickets,No,Normal,SR Watson,"Sunrisers Hyderabad: KS Williamson 47 (36b), CR Brathwaite 1/27 (2.3 ov) | Chennai Super Kings: SR Watson 117* (57b), RA Jadeja 1/24 (2.0 ov)",Wankhede Stadium,Mumbai,India,M Erasmus; S Ravi,Nitin Menon,AJ Pycroft,Chennai Super Kings defeated Sunrisers Hyderabad by 8 wickets at Wankhede Stadium (Mumbai).,Cricsheet JSON v1.2.0 / BCCI Official API
