Game Number,Game ID,Tournament Year,Tournament Edition,Host Country(ies),Season Phase,Game Type,Round / Pool,Date,Day of Week,Start Time,Team A,Team B,Home,Away,Venue,City,Attendance,Home Score,Away Score,Total Points,Winning Margin,Winning Team,Losing Team,Result,Game Score,Overtime,Period Format,Half 1 / Q1 Home,Half 1 / Q1 Away,Half 2 / Q2 Home,Half 2 / Q2 Away,Q3 Home,Q3 Away,Q4 Home,Q4 Away,OT Home,OT Away,Game Status,Cycle Note / Cancellation Reason,Referees,Notable Players,A Succint one line game comment to summarise that game,Primary Data Source
1,EB1983_G01,1983,23rd FIBA EuroBasket,France,Group A,Group Stage,Group A,26 May,,14:30,Sweden,Greece,Sweden,Greece,Nantes Arena,Nantes,,66,69,135,3,Greece,Sweden,Away Win (69-66),66-69,No,2 Halves,,,,,,,,,,,Played,,,Pts:,Greece defeated Sweden 66-69 in Group A.,FIBA Europe Historical Archive / EuroBasket Official Records
2,EB1983_G02,1983,23rd FIBA EuroBasket,France,Group A,Group Stage,Group A,26 May,,17:30,Italy,Spain,Italy,Spain,Nantes Arena,Nantes,,75,74,149,1,Italy,Spain,Home Win (75-74),75-74,No,2 Halves,,,,,,,,,,,Played,,,Pts:,Italy defeated Spain 75-74 in Group A.,FIBA Europe Historical Archive / EuroBasket Official Records
3,EB1983_G03,1983,23rd FIBA EuroBasket,France,Group A,Group Stage,Group A,26 May,,20:45,France,Yugoslavia,France,Yugoslavia,Nantes Arena,Nantes,,76,80,156,4,Yugoslavia,France,Away Win (80-76),76-80,No,2 Halves,,,,,,,,,,,Played,,,Pts:,Yugoslavia defeated France 76-80 in Group A.,FIBA Europe Historical Archive / EuroBasket Official Records
4,EB1983_G04,1983,23rd FIBA EuroBasket,France,Group A,Group Stage,Group A,27 May,,14:30,Sweden,Italy,Sweden,Italy,Nantes Arena,Nantes,,74,89,163,15,Italy,Sweden,Away Win (89-74),74-89,No,2 Halves,,,,,,,,,,,Played,,,Pts:,Italy defeated Sweden 74-89 in Group A.,FIBA Europe Historical Archive / EuroBasket Official Records
5,EB1983_G05,1983,23rd FIBA EuroBasket,France,Group A,Group Stage,Group A,27 May,,18:00,France,Greece,France,Greece,Nantes Arena,Nantes,,79,77,156,2,France,Greece,Home Win (79-77),79-77,No,2 Halves,,,,,,,,,,,Played,,,Pts:,France defeated Greece 79-77 in Group A.,FIBA Europe Historical Archive / EuroBasket Official Records
6,EB1983_G06,1983,23rd FIBA EuroBasket,France,Group A,Group Stage,Group A,27 May,,20:30,Yugoslavia,Spain,Yugoslavia,Spain,Nantes Arena,Nantes,,90,91,181,1,Spain,Yugoslavia,Away Win (91-90),90-91,No,2 Halves,,,,,,,,,,,Played,,,Pts:,Spain defeated Yugoslavia 90-91 in Group A.,FIBA Europe Historical Archive / EuroBasket Official Records
7,EB1983_G07,1983,23rd FIBA EuroBasket,France,Group A,Group Stage,Group A,28 May,,14:30,Greece,Italy,Greece,Italy,Nantes Arena,Nantes,,83,108,191,25,Italy,Greece,Away Win (108-83),83-108,No,2 Halves,,,,,,,,,,,Played,,,Pts:,Italy defeated Greece 83-108 in Group A.,FIBA Europe Historical Archive / EuroBasket Official Records
8,EB1983_G08,1983,23rd FIBA EuroBasket,France,Group A,Group Stage,Group A,28 May,,18:00,Yugoslavia,Sweden,Yugoslavia,Sweden,Nantes Arena,Nantes,,103,84,187,19,Yugoslavia,Sweden,Home Win (103-84),103-84,No,2 Halves,,,,,,,,,,,Played,,,Pts:,Yugoslavia defeated Sweden 103-84 in Group A.,FIBA Europe Historical Archive / EuroBasket Official Records
9,EB1983_G09,1983,23rd FIBA EuroBasket,France,Group A,Group Stage,Group A,28 May,,20:30,France,Spain,France,Spain,Nantes Arena,Nantes,,73,75,148,2,Spain,France,Away Win (75-73),73-75,No,2 Halves,,,,,,,,,,,Played,,,Pts:,Spain defeated France 73-75 in Group A.,FIBA Europe Historical Archive / EuroBasket Official Records
10,EB1983_G10,1983,23rd FIBA EuroBasket,France,Group A,Group Stage,Group A,29 May,,14:30,Yugoslavia,Greece,Yugoslavia,Greece,Nantes Arena,Nantes,,77,76,153,1,Yugoslavia,Greece,Home Win (77-76),77-76,No,2 Halves,,,,,,,,,,,Played,,,Pts:,Yugoslavia defeated Greece 77-76 in Group A.,FIBA Europe Historical Archive / EuroBasket Official Records
11,EB1983_G11,1983,23rd FIBA EuroBasket,France,Group A,Group Stage,Group A,29 May,,17:00,France,Italy,France,Italy,Nantes Arena,Nantes,,80,105,185,25,Italy,France,Away Win (105-80),80-105,No,2 Halves,,,,,,,,,,,Played,,,Pts:,Italy defeated France 80-105 in Group A.,FIBA Europe Historical Archive / EuroBasket Official Records
12,EB1983_G12,1983,23rd FIBA EuroBasket,France,Group A,Group Stage,Group A,29 May,,19:30,Spain,Sweden,Spain,Sweden,Nantes Arena,Nantes,,81,76,157,5,Spain,Sweden,Home Win (81-76),81-76,No,2 Halves,,,,,,,,,,,Played,,,Pts:,Spain defeated Sweden 81-76 in Group A.,FIBA Europe Historical Archive / EuroBasket Official Records
13,EB1983_G13,1983,23rd FIBA EuroBasket,France,Group A,Group Stage,Group A,30 May,,14:30,France,Sweden,France,Sweden,Nantes Arena,Nantes,,91,71,162,20,France,Sweden,Home Win (91-71),91-71,No,2 Halves,,,,,,,,,,,Played,,,Pts:,France defeated Sweden 91-71 in Group A.,FIBA Europe Historical Archive / EuroBasket Official Records
14,EB1983_G14,1983,23rd FIBA EuroBasket,France,Group A,Group Stage,Group A,30 May,,18:00,Italy,Yugoslavia,Italy,Yugoslavia,Nantes Arena,Nantes,,91,76,167,15,Italy,Yugoslavia,Home Win (91-76),91-76,No,2 Halves,,,,,,,,,,,Played,,,Pts:,Italy defeated Yugoslavia 91-76 in Group A.,FIBA Europe Historical Archive / EuroBasket Official Records
15,EB1983_G15,1983,23rd FIBA EuroBasket,France,Group A,Group Stage,Group A,30 May,,20:30,Spain,Greece,Spain,Greece,Nantes Arena,Nantes,,100,79,179,21,Spain,Greece,Home Win (100-79),100-79,No,2 Halves,,,,,,,,,,,Played,,,Pts:,Spain defeated Greece 100-79 in Group A.,FIBA Europe Historical Archive / EuroBasket Official Records
16,EB1983_G16,1983,23rd FIBA EuroBasket,France,Group B,Group Stage,Group B,26 May,,14:30,Israel,Netherlands,Israel,Netherlands,Nantes Arena,Nantes,,72,78,150,6,Netherlands,Israel,Away Win (78-72),72-78,No,2 Halves,,,,,,,,,,,Played,,,Pts:,Netherlands defeated Israel 72-78 in Group B.,FIBA Europe Historical Archive / EuroBasket Official Records
17,EB1983_G17,1983,23rd FIBA EuroBasket,France,Group B,Group Stage,Group B,26 May,,18:00,Czechoslovakia,West Germany,Czechoslovakia,West Germany,Nantes Arena,Nantes,,74,86,160,12,West Germany,Czechoslovakia,Away Win (86-74),74-86,No,2 Halves,,,,,,,,,,,Played,,,Pts:,West Germany defeated Czechoslovakia 74-86 in Group B.,FIBA Europe Historical Archive / EuroBasket Official Records
18,EB1983_G18,1983,23rd FIBA EuroBasket,France,Group B,Group Stage,Group B,26 May,,20:30,Soviet Union,Poland,Soviet Union,Poland,Nantes Arena,Nantes,,88,76,164,12,Soviet Union,Poland,Home Win (88-76),88-76,No,2 Halves,,,,,,,,,,,Played,,,Pts:,Soviet Union defeated Poland 88-76 in Group B.,FIBA Europe Historical Archive / EuroBasket Official Records
19,EB1983_G19,1983,23rd FIBA EuroBasket,France,Group B,Group Stage,Group B,27 May,,14:30,West Germany,Netherlands,West Germany,Netherlands,Nantes Arena,Nantes,,67,79,146,12,Netherlands,West Germany,Away Win (79-67),67-79,No,2 Halves,,,,,,,,,,,Played,,,Pts:,Netherlands defeated West Germany 67-79 in Group B.,FIBA Europe Historical Archive / EuroBasket Official Records
20,EB1983_G20,1983,23rd FIBA EuroBasket,France,Group B,Group Stage,Group B,27 May,,20:30,Czechoslovakia,Poland,Czechoslovakia,Poland,Nantes Arena,Nantes,,72,75,147,3,Poland,Czechoslovakia,Away Win (75-72),72-75,No,2 Halves,,,,,,,,,,,Played,,,Pts:,Poland defeated Czechoslovakia 72-75 in Group B.,FIBA Europe Historical Archive / EuroBasket Official Records
21,EB1983_G21,1983,23rd FIBA EuroBasket,France,Group B,Group Stage,Group B,27 May,,20:30,Soviet Union,Israel,Soviet Union,Israel,Nantes Arena,Nantes,,92,87,179,5,Soviet Union,Israel,Home Win (92-87),92-87,No,2 Halves,,,,,,,,,,,Played,,,Pts:,Soviet Union defeated Israel 92-87 in Group B.,FIBA Europe Historical Archive / EuroBasket Official Records
22,EB1983_G22,1983,23rd FIBA EuroBasket,France,Group B,Group Stage,Group B,28 May,,14:30,Poland,Israel,Poland,Israel,Nantes Arena,Nantes,,62,64,126,2,Israel,Poland,Away Win (64-62),62-64,No,2 Halves,,,,,,,,,,,Played,,,Pts:,Israel defeated Poland 62-64 in Group B.,FIBA Europe Historical Archive / EuroBasket Official Records
23,EB1983_G23,1983,23rd FIBA EuroBasket,France,Group B,Group Stage,Group B,28 May,,16:30,Soviet Union,West Germany,Soviet Union,West Germany,Nantes Arena,Nantes,,90,69,159,21,Soviet Union,West Germany,Home Win (90-69),90-69,No,2 Halves,,,,,,,,,,,Played,,,Pts:,Soviet Union defeated West Germany 90-69 in Group B.,FIBA Europe Historical Archive / EuroBasket Official Records
24,EB1983_G24,1983,23rd FIBA EuroBasket,France,Group B,Group Stage,Group B,28 May,,20:30,Czechoslovakia,Netherlands,Czechoslovakia,Netherlands,Nantes Arena,Nantes,,90,63,153,27,Czechoslovakia,Netherlands,Home Win (90-63),90-63,No,2 Halves,,,,,,,,,,,Played,,,Pts:,Czechoslovakia defeated Netherlands 90-63 in Group B.,FIBA Europe Historical Archive / EuroBasket Official Records
25,EB1983_G25,1983,23rd FIBA EuroBasket,France,Group B,Group Stage,Group B,29 May,,14:30,West Germany,Poland,West Germany,Poland,Nantes Arena,Nantes,,85,82,167,3,West Germany,Poland,Home Win (85-82),85-82,No,2 Halves,,,,,,,,,,,Played,,,Pts:,West Germany defeated Poland 85-82 in Group B.,FIBA Europe Historical Archive / EuroBasket Official Records
26,EB1983_G26,1983,23rd FIBA EuroBasket,France,Group B,Group Stage,Group B,29 May,,16:30,Soviet Union,Netherlands,Soviet Union,Netherlands,Nantes Arena,Nantes,,112,63,175,49,Soviet Union,Netherlands,Home Win (112-63),112-63,No,2 Halves,,,,,,,,,,,Played,,,Pts:,Soviet Union defeated Netherlands 112-63 in Group B.,FIBA Europe Historical Archive / EuroBasket Official Records
27,EB1983_G27,1983,23rd FIBA EuroBasket,France,Group B,Group Stage,Group B,29 May,,20:30,Czechoslovakia,Israel,Czechoslovakia,Israel,Nantes Arena,Nantes,,89,93,182,4,Israel,Czechoslovakia,Away Win (93-89),89-93,No,2 Halves,,,,,,,,,,,Played,,,Pts:,Israel defeated Czechoslovakia 89-93 in Group B.,FIBA Europe Historical Archive / EuroBasket Official Records
28,EB1983_G28,1983,23rd FIBA EuroBasket,France,Group B,Group Stage,Group B,30 May,,14:30,Netherlands,Poland,Netherlands,Poland,Nantes Arena,Nantes,,73,62,135,11,Netherlands,Poland,Home Win (73-62),73-62,No,2 Halves,,,,,,,,,,,Played,,,Pts:,Netherlands defeated Poland 73-62 in Group B.,FIBA Europe Historical Archive / EuroBasket Official Records
29,EB1983_G29,1983,23rd FIBA EuroBasket,France,Group B,Group Stage,Group B,30 May,,18:00,Czechoslovakia,Soviet Union,Czechoslovakia,Soviet Union,Nantes Arena,Nantes,,80,100,180,20,Soviet Union,Czechoslovakia,Away Win (100-80),80-100,No,2 Halves,,,,,,,,,,,Played,,,Pts:,Soviet Union defeated Czechoslovakia 80-100 in Group B.,FIBA Europe Historical Archive / EuroBasket Official Records
30,EB1983_G30,1983,23rd FIBA EuroBasket,France,Group B,Group Stage,Group B,30 May,,20:30,West Germany,Israel,West Germany,Israel,Nantes Arena,Nantes,,77,70,147,7,West Germany,Israel,Home Win (77-70),77-70,No,2 Halves,,,,,,,,,,,Played,,,Pts:,West Germany defeated Israel 77-70 in Group B.,FIBA Europe Historical Archive / EuroBasket Official Records
31,EB1983_G31,1983,23rd FIBA EuroBasket,France,9th to 12th place,Second Round,9th to 12th place,1 June,,14:30,Greece,Czechoslovakia,Greece,Czechoslovakia,Nantes Arena,Nantes,,85,88,173,3,Czechoslovakia,Greece,Away Win (88-85),85-88,No,2 Halves,,,,,,,,,,,Played,,,Pts:,Czechoslovakia defeated Greece 85-88 in 9th to 12th place.,FIBA Europe Historical Archive / EuroBasket Official Records
32,EB1983_G32,1983,23rd FIBA EuroBasket,France,9th to 12th place,Second Round,9th to 12th place,2 June,,15:30,Poland,Sweden,Poland,Sweden,Nantes Arena,Nantes,,82,70,152,12,Poland,Sweden,Home Win (82-70),82-70,No,2 Halves,,,,,,,,,,,Played,,,Pts:,Poland defeated Sweden 82-70 in 9th to 12th place.,FIBA Europe Historical Archive / EuroBasket Official Records
33,EB1983_G33,1983,23rd FIBA EuroBasket,France,9th to 12th place,Second Round,9th to 12th place,3 June,,15:30,Greece,Sweden,Greece,Sweden,Nantes Arena,Nantes,,102,97,199,5,Greece,Sweden,Home Win (102-97),102-97,No,2 Halves,,,,,,,,,,,Played,,,Pts:,Greece defeated Sweden 102-97 in 9th to 12th place.,FIBA Europe Historical Archive / EuroBasket Official Records
34,EB1983_G34,1983,23rd FIBA EuroBasket,France,9th to 12th place,Second Round,9th to 12th place,4 June,,18:00,Poland,Czechoslovakia,Poland,Czechoslovakia,Nantes Arena,Nantes,,77,73,150,4,Poland,Czechoslovakia,Home Win (77-73),77-73,No,2 Halves,,,,,,,,,,,Played,,,Pts:,Poland defeated Czechoslovakia 77-73 in 9th to 12th place.,FIBA Europe Historical Archive / EuroBasket Official Records
35,EB1983_G35,1983,23rd FIBA EuroBasket,France,5th to 8th place,Second Round,5th to 8th place,1 June,,18:00,Israel,Yugoslavia,Israel,Yugoslavia,Nantes Arena,Nantes,,99,88,187,11,Israel,Yugoslavia,Home Win (99-88),99-88,No,2 Halves,,,,,,,,,,,Played,,,Pts:,Israel defeated Yugoslavia 99-88 in 5th to 8th place.,FIBA Europe Historical Archive / EuroBasket Official Records
36,EB1983_G36,1983,23rd FIBA EuroBasket,France,5th to 8th place,Second Round,5th to 8th place,2 June,,18:00,France,West Germany,France,West Germany,Nantes Arena,Nantes,,90,82,172,8,France,West Germany,Home Win (90-82),90-82,No,2 Halves,,,,,,,,,,,Played,,,Pts:,France defeated West Germany 90-82 in 5th to 8th place.,FIBA Europe Historical Archive / EuroBasket Official Records
37,EB1983_G37,1983,23rd FIBA EuroBasket,France,5th to 8th place,Second Round,5th to 8th place,3 June,,18:00,Yugoslavia,West Germany,Yugoslavia,West Germany,Nantes Arena,Nantes,,104,88,192,16,Yugoslavia,West Germany,Home Win (104-88),104-88,No,2 Halves,,,,,,,,,,,Played,,,Pts:,Yugoslavia defeated West Germany 104-88 in 5th to 8th place.,FIBA Europe Historical Archive / EuroBasket Official Records
38,EB1983_G38,1983,23rd FIBA EuroBasket,France,5th to 8th place,Second Round,5th to 8th place,4 June,,18:00,France,Israel,France,Israel,Nantes Arena,Nantes,,92,88,180,4,France,Israel,Home Win (92-88),92-88,No,2 Halves,,,,,,,,,,,Played,,,Pts:,France defeated Israel 92-88 in 5th to 8th place.,FIBA Europe Historical Archive / EuroBasket Official Records
39,EB1983_G39,1983,23rd FIBA EuroBasket,France,Championship bracket,Group Stage,Championship bracket,1 June,,20:30,Soviet Union,Spain,Soviet Union,Spain,Nantes Arena,Nantes,,94,95,189,1,Spain,Soviet Union,Away Win (95-94),94-95,No,2 Halves,,,,,,,,,,,Played,,,Pts:,Spain defeated Soviet Union 94-95 in Championship bracket.,FIBA Europe Historical Archive / EuroBasket Official Records
40,EB1983_G40,1983,23rd FIBA EuroBasket,France,Championship bracket,Group Stage,Championship bracket,2 June,,20:30,Italy,Netherlands,Italy,Netherlands,Nantes Arena,Nantes,,88,69,157,19,Italy,Netherlands,Home Win (88-69),88-69,No,2 Halves,,,,,,,,,,,Played,,,Pts:,Italy defeated Netherlands 88-69 in Championship bracket.,FIBA Europe Historical Archive / EuroBasket Official Records
41,EB1983_G41,1983,23rd FIBA EuroBasket,France,Championship bracket,Group Stage,Championship bracket,3 June,,20:30,Soviet Union,Netherlands,Soviet Union,Netherlands,Nantes Arena,Nantes,,105,70,175,35,Soviet Union,Netherlands,Home Win (105-70),105-70,No,2 Halves,,,,,,,,,,,Played,,,Pts:,Soviet Union defeated Netherlands 105-70 in Championship bracket.,FIBA Europe Historical Archive / EuroBasket Official Records
42,EB1983_G42,1983,23rd FIBA EuroBasket,France,Championship bracket,Group Stage,Championship bracket,4 June,,20:30,Spain,Italy,Spain,Italy,Nantes Arena,Nantes,,96,105,201,9,Italy,Spain,Away Win (105-96),96-105,No,2 Halves,,,,,,,,,,,Played,,,Pts:,Italy defeated Spain 96-105 in Championship bracket.,FIBA Europe Historical Archive / EuroBasket Official Records
