card,rank,occurrences,reason,source_locations,contracts,results,ps,qs,baseline_ps
P-008,1,1,MISSING_CONTRACT_IDENTITY,PREDICTION_LOG_COMBINED.md:1869,,W,,,
P-008,2,1,MISSING_CONTRACT_IDENTITY,PREDICTION_LOG_COMBINED.md:1870,,L,,,
P-010,1,1,MISSING_CONTRACT_IDENTITY,PREDICTION_LOG_COMBINED.md:2439,,W,,,
P-010,4,1,MISSING_CONTRACT_IDENTITY,PREDICTION_LOG_COMBINED.md:2442,,L,,,
P-014,1,1,MISSING_CONTRACT_IDENTITY,PREDICTION_LOG_COMBINED.md:3391,,W,,,
P-014,3,1,MISSING_CONTRACT_IDENTITY,PREDICTION_LOG_COMBINED.md:3393,,L,,,
P-016,2,1,MISSING_CONTRACT_IDENTITY,PREDICTION_LOG_COMBINED.md:3749,,L,,,
P-016,3,1,MISSING_CONTRACT_IDENTITY,PREDICTION_LOG_COMBINED.md:3750,,W,,,
P-022,2,1,MISSING_CONTRACT_IDENTITY,PREDICTION_LOG_COMBINED.md:4977,,W,,,
P-022,3,1,MISSING_CONTRACT_IDENTITY,PREDICTION_LOG_COMBINED.md:4978,,W,,,
P-035,1,3,CONFLICTING_RESULT;MULTIPLE_CONTRACTS_FOR_CARD_RANK,PREDICTION_LOG_COMBINED.md:8015 ; PREDICTION_LOG_COMBINED.md:8021 ; PREDICTION_LOG_COMBINED.md:8027,H1 Over 84.5 // Q1 Over 42.5 // Q1 Over 42.5,L/W/W,//,//,//
P-035,2,3,CONFLICTING_RESULT;MULTIPLE_CONTRACTS_FOR_CARD_RANK,PREDICTION_LOG_COMBINED.md:8016 ; PREDICTION_LOG_COMBINED.md:8022 ; PREDICTION_LOG_COMBINED.md:8028,Full Under 174.5 // H1 Over 84.5 // H1 Over 84.5,W/L/L,//,//,//
P-035,3,3,MULTIPLE_CONTRACTS_FOR_CARD_RANK,PREDICTION_LOG_COMBINED.md:8017 ; PREDICTION_LOG_COMBINED.md:8023 ; PREDICTION_LOG_COMBINED.md:8029,Q1 Over 42.5 // Full Under 174.5 // Full Under 174.5,W/W/W,//,//,//
P-035,4,3,MULTIPLE_CONTRACTS_FOR_CARD_RANK,PREDICTION_LOG_COMBINED.md:8018 ; PREDICTION_LOG_COMBINED.md:8024 ; PREDICTION_LOG_COMBINED.md:8030,Q1 Under 42.5 // Full Over 174.5 // Full Over 174.5,L/L/L,//,//,//
P-035,5,3,MULTIPLE_CONTRACTS_FOR_CARD_RANK,PREDICTION_LOG_COMBINED.md:8019 ; PREDICTION_LOG_COMBINED.md:8025 ; PREDICTION_LOG_COMBINED.md:8031,Full Over 174.5 // Q1 Under 42.5 // Q1 Under 42.5,L/L/L,//,//,//
P-036,1,3,CONFLICTING_RESULT;MULTIPLE_CONTRACTS_FOR_CARD_RANK,PREDICTION_LOG_COMBINED.md:8053 ; PREDICTION_LOG_COMBINED.md:8057 ; PREDICTION_LOG_COMBINED.md:8061,Twins ML // Phillies ML // Phillies ML,L/W/W,//,//,//
P-036,2,3,CONFLICTING_RESULT;MULTIPLE_CONTRACTS_FOR_CARD_RANK,PREDICTION_LOG_COMBINED.md:8054 ; PREDICTION_LOG_COMBINED.md:8058 ; PREDICTION_LOG_COMBINED.md:8062,Under 8.5 // Twins ML // Twins ML,W/L/L,//,//,//
P-036,3,3,MULTIPLE_CONTRACTS_FOR_CARD_RANK,PREDICTION_LOG_COMBINED.md:8055 ; PREDICTION_LOG_COMBINED.md:8059 ; PREDICTION_LOG_COMBINED.md:8063,Phillies ML // Under 8.5 // Under 8.5,W/W/W,//,//,//
P-040,1,2,MULTIPLE_CONTRACTS_FOR_CARD_RANK,PREDICTION_LOG_COMBINED.md:8937 ; PREDICTION_LOG_COMBINED.md:8941,Adelaide Crows +23.5 // Combined Total Under 176.5,L/L,/,/,/
P-040,3,2,CONFLICTING_RESULT;MULTIPLE_CONTRACTS_FOR_CARD_RANK,PREDICTION_LOG_COMBINED.md:8939 ; PREDICTION_LOG_COMBINED.md:8942,Combined Total Under 168.5 // Adelaide Crows -23.5,L/V,/,/,/
P-171,2,2,MULTIPLE_CONTRACTS_FOR_CARD_RANK,PREDICTION_LOG_COMBINED.md:51321 ; PREDICTION_LOG_COMBINED.md:55779,Cosmic first 6 overs Under 48.5 // Glasgow first 6 overs Under 48.5,W/W,/,/,/
P-171,3,2,MULTIPLE_CONTRACTS_FOR_CARD_RANK,PREDICTION_LOG_COMBINED.md:51322 ; PREDICTION_LOG_COMBINED.md:55780,Cosmic first 6 overs Over 48.5 // Glasgow first 6 overs Over 48.5,L/L,/,/,/
P-239,7,1,MISSING_CONTRACT_IDENTITY,PREDICTION_LOG_COMBINED.md:68234,,W,,,
P-240,1,2,MISSING_CONTRACT_IDENTITY;MULTIPLE_CONTRACTS_FOR_CARD_RANK,PREDICTION_LOG_COMBINED.md:68066 ; PREDICTION_LOG_COMBINED.md:68235,White Sox +1.5 // ,W/W,/,/,/
P-244,1,2,MISSING_CONTRACT_IDENTITY;MULTIPLE_CONTRACTS_FOR_CARD_RANK,PREDICTION_LOG_COMBINED.md:68086 ; PREDICTION_LOG_COMBINED.md:68236,Rockies +1.5 // ,W/W,/,/,/
P-245,6,1,MISSING_CONTRACT_IDENTITY,PREDICTION_LOG_COMBINED.md:68237,,W,,,
P-247,1,2,MISSING_CONTRACT_IDENTITY;MULTIPLE_CONTRACTS_FOR_CARD_RANK,PREDICTION_LOG_COMBINED.md:68144 ; PREDICTION_LOG_COMBINED.md:68239,Diamondbacks +1.5 // ,L/L,/,/,/
P-248,1,2,MISSING_CONTRACT_IDENTITY;MULTIPLE_CONTRACTS_FOR_CARD_RANK,PREDICTION_LOG_COMBINED.md:68214 ; PREDICTION_LOG_COMBINED.md:68240,Cardinals +1.5 // ,W/W,/,/,/
P-288,1,1,MISSING_CONTRACT_IDENTITY,PREDICTION_LOG_COMBINED_2.md:7305,,W,,,
P-291,5,1,MISSING_CONTRACT_IDENTITY,PREDICTION_LOG_COMBINED_2.md:7307,,W,,,
P-300,5,1,MISSING_CONTRACT_IDENTITY,PREDICTION_LOG_COMBINED_2.md:7316,,W,,,
P-311,5,1,MISSING_CONTRACT_IDENTITY,PREDICTION_LOG_COMBINED_2.md:7684,,W,,,
P-315,5,1,MISSING_CONTRACT_IDENTITY,PREDICTION_LOG_COMBINED_2.md:7688,,W,,,
P-325,5,1,MISSING_CONTRACT_IDENTITY,PREDICTION_LOG_COMBINED_2.md:7844,,W,,,
P-341,4,2,MULTIPLE_CONTRACTS_FOR_CARD_RANK,PREDICTION_LOG_COMBINED_3.md:228 ; PREDICTION_LOG_COMBINED_3.md:1498,"Over 2.5 // R1 W, R2 L, R4 W, R5 L; winner W; 4-row Brier 0.2443",W/W,0.420000/,/,/
P-342,4,2,CONFLICTING_RESULT;MULTIPLE_CONTRACTS_FOR_CARD_RANK,PREDICTION_LOG_COMBINED_3.md:229 ; PREDICTION_LOG_COMBINED_3.md:1499,"Under 2.5 // R1 L, R2 L, R4 W, R5 W; winner W; 4-row Brier 0.3880",W/L,0.440000/,/,/
P-345,2,2,MISSING_CONTRACT_IDENTITY;MULTIPLE_CONTRACTS_FOR_CARD_RANK,PREDICTION_LOG_COMBINED_3.md:571 ; PREDICTION_LOG_COMBINED_3.md:1607,Club Brugge team total Over 0.5 // ,W/W,0.700000/0.700000,/,/
P-346,2,2,MISSING_CONTRACT_IDENTITY;MULTIPLE_CONTRACTS_FOR_CARD_RANK,PREDICTION_LOG_COMBINED_3.md:605 ; PREDICTION_LOG_COMBINED_3.md:1608,AEK team total Over 0.5 // ,W/W,0.780000/0.780000,/,/
P-347,2,2,MISSING_CONTRACT_IDENTITY;MULTIPLE_CONTRACTS_FOR_CARD_RANK,PREDICTION_LOG_COMBINED_3.md:625 ; PREDICTION_LOG_COMBINED_3.md:1609,Mariners team total Under 4.5 // ,L/L,0.710000/0.710000,/,/
P-348,1,2,MISSING_CONTRACT_IDENTITY;MULTIPLE_CONTRACTS_FOR_CARD_RANK,PREDICTION_LOG_COMBINED_3.md:643 ; PREDICTION_LOG_COMBINED_3.md:1610,Blue Jays team total Over 3.5 // ,W/W,0.730000/0.730000,/,/
P-349,2,2,MISSING_CONTRACT_IDENTITY;MULTIPLE_CONTRACTS_FOR_CARD_RANK,PREDICTION_LOG_COMBINED_3.md:663 ; PREDICTION_LOG_COMBINED_3.md:1611,Giants team total Under 4.5 // ,W/W,0.660000/0.660000,/,/
P-350,2,2,MISSING_CONTRACT_IDENTITY;MULTIPLE_CONTRACTS_FOR_CARD_RANK,PREDICTION_LOG_COMBINED_3.md:682 ; PREDICTION_LOG_COMBINED_3.md:1612,Over 3.5 sets // ,W/W,0.660000/0.660000,/,/
P-351,1,2,MISSING_CONTRACT_IDENTITY;MULTIPLE_CONTRACTS_FOR_CARD_RANK,PREDICTION_LOG_COMBINED_3.md:714 ; PREDICTION_LOG_COMBINED_3.md:1613,Reds team total Under 4.5 // ,W/W,0.740000/0.740000,/,/
P-352,1,2,MISSING_CONTRACT_IDENTITY;MULTIPLE_CONTRACTS_FOR_CARD_RANK,PREDICTION_LOG_COMBINED_3.md:733 ; PREDICTION_LOG_COMBINED_3.md:1614,SA 1st innings Under 305.5 // ,L/L,0.680000/0.680000,/,/
P-353,1,2,MISSING_CONTRACT_IDENTITY;MULTIPLE_CONTRACTS_FOR_CARD_RANK,PREDICTION_LOG_COMBINED_3.md:766 ; PREDICTION_LOG_COMBINED_3.md:1615,Chunichi team total Under 4.5 // ,W/W,0.750000/0.750000,/,/
P-354,1,2,MISSING_CONTRACT_IDENTITY;MULTIPLE_CONTRACTS_FOR_CARD_RANK,PREDICTION_LOG_COMBINED_3.md:789 ; PREDICTION_LOG_COMBINED_3.md:1616,Hiroshima team total Under 3.5 // ,W/W,0.760000/0.760000,/,/
P-355,1,2,MISSING_CONTRACT_IDENTITY;MULTIPLE_CONTRACTS_FOR_CARD_RANK,PREDICTION_LOG_COMBINED_3.md:812 ; PREDICTION_LOG_COMBINED_3.md:1617,1st-half Under 1.5 // ,W/W,0.820000/0.820000,/,/
P-356,1,2,MISSING_CONTRACT_IDENTITY;MULTIPLE_CONTRACTS_FOR_CARD_RANK,PREDICTION_LOG_COMBINED_3.md:832 ; PREDICTION_LOG_COMBINED_3.md:1618,Samsung team total Over 3.5 // ,L/L,0.700000/0.700000,/,/
P-357,1,2,MISSING_CONTRACT_IDENTITY;MULTIPLE_CONTRACTS_FOR_CARD_RANK,PREDICTION_LOG_COMBINED_3.md:865 ; PREDICTION_LOG_COMBINED_3.md:1619,Belfast 1st innings 150+ // ,L/L,0.720000/0.720000,/,/
P-358,1,2,MISSING_CONTRACT_IDENTITY;MULTIPLE_CONTRACTS_FOR_CARD_RANK,PREDICTION_LOG_COMBINED_3.md:902 ; PREDICTION_LOG_COMBINED_3.md:1620,Under 141.5 // ,L/L,0.640000/0.640000,/,/
P-359,2,2,MISSING_CONTRACT_IDENTITY;MULTIPLE_CONTRACTS_FOR_CARD_RANK,PREDICTION_LOG_COMBINED_3.md:936 ; PREDICTION_LOG_COMBINED_3.md:1621,Under 162.5 // ,L/L,0.620000/0.620000,/,/
P-360,1,2,MISSING_CONTRACT_IDENTITY;MULTIPLE_CONTRACTS_FOR_CARD_RANK,PREDICTION_LOG_COMBINED_3.md:958 ; PREDICTION_LOG_COMBINED_3.md:1622,Under 160.5 // ,W/W,0.590000/0.590000,/,/
P-361,2,2,MISSING_CONTRACT_IDENTITY;MULTIPLE_CONTRACTS_FOR_CARD_RANK,PREDICTION_LOG_COMBINED_3.md:982 ; PREDICTION_LOG_COMBINED_3.md:1623,Under 5.5 // ,L/L,0.560000/0.560000,/,/
P-362,1,2,MISSING_CONTRACT_IDENTITY;MULTIPLE_CONTRACTS_FOR_CARD_RANK,PREDICTION_LOG_COMBINED_3.md:1004 ; PREDICTION_LOG_COMBINED_3.md:1624,Under 9.5 // ,W/W,0.580000/0.580000,/,/
P-363,2,2,MISSING_CONTRACT_IDENTITY;MULTIPLE_CONTRACTS_FOR_CARD_RANK,PREDICTION_LOG_COMBINED_3.md:1024 ; PREDICTION_LOG_COMBINED_3.md:1625,Under 59.5 // ,W/W,0.550000/0.550000,/,/
P-364,1,2,MISSING_CONTRACT_IDENTITY;MULTIPLE_CONTRACTS_FOR_CARD_RANK,PREDICTION_LOG_COMBINED_3.md:1046 ; PREDICTION_LOG_COMBINED_3.md:1626,England Under 179.5 after 45 overs // ,L/L,0.610000/0.610000,/,/
P-365,2,2,MISSING_CONTRACT_IDENTITY;MULTIPLE_CONTRACTS_FOR_CARD_RANK,PREDICTION_LOG_COMBINED_3.md:1084 ; PREDICTION_LOG_COMBINED_3.md:1627,Under 6.5 // ,W/W,0.560000/0.560000,/,/
P-366,1,2,MISSING_CONTRACT_IDENTITY;MULTIPLE_CONTRACTS_FOR_CARD_RANK,PREDICTION_LOG_COMBINED_3.md:1116 ; PREDICTION_LOG_COMBINED_3.md:1628,Dockers first 6 overs Under 50.5 // ,W/W,0.560000/0.560000,/,/
P-367,2,2,MISSING_CONTRACT_IDENTITY;MULTIPLE_CONTRACTS_FOR_CARD_RANK,PREDICTION_LOG_COMBINED_3.md:1136 ; PREDICTION_LOG_COMBINED_3.md:1629,Under 153.5 // ,W/W,0.540000/0.540000,/,/
P-368,1,2,MISSING_CONTRACT_IDENTITY;MULTIPLE_CONTRACTS_FOR_CARD_RANK,PREDICTION_LOG_COMBINED_3.md:1158 ; PREDICTION_LOG_COMBINED_3.md:1630,1st-half Over 0.5 // ,W/W,0.680000/0.680000,/,/
P-368,4,2,MULTIPLE_CONTRACTS_FOR_CARD_RANK,PREDICTION_LOG_COMBINED_3.md:1161 ; PREDICTION_LOG_COMBINED_3.md:1533,Under 2.5 goals // W P L W L; winner L (draw); Brier 0.1917 (4 rows),W/W,0.470000/,/,/
P-369,2,2,MISSING_CONTRACT_IDENTITY;MULTIPLE_CONTRACTS_FOR_CARD_RANK,PREDICTION_LOG_COMBINED_3.md:1179 ; PREDICTION_LOG_COMBINED_3.md:1631,1st-half Over 0.5 // ,L/L,0.640000/0.640000,/,/
P-369,4,2,CONFLICTING_RESULT;MULTIPLE_CONTRACTS_FOR_CARD_RANK,PREDICTION_LOG_COMBINED_3.md:1181 ; PREDICTION_LOG_COMBINED_3.md:1534,Under 2.5 goals // P L L W W; winner L (draw); Brier 0.3909 (4 rows),W/P,0.390000/,/,/
P-371,2,2,MISSING_CONTRACT_IDENTITY;MULTIPLE_CONTRACTS_FOR_CARD_RANK,PREDICTION_LOG_COMBINED_3.md:1217 ; PREDICTION_LOG_COMBINED_3.md:1632,Under 144.5 // ,L/L,0.530000/0.530000,/,/
P-442,1,2,MISSING_CONTRACT_IDENTITY;MULTIPLE_CONTRACTS_FOR_CARD_RANK,PREDICTION_LOG_COMBINED_4.md:303 ; PREDICTION_LOG_COMBINED_4.md:336, // White Sox +1.5,L/L,0.650000/0.650000,/,/
P-443,1,2,MISSING_CONTRACT_IDENTITY;MULTIPLE_CONTRACTS_FOR_CARD_RANK,PREDICTION_LOG_COMBINED_4.md:304 ; PREDICTION_LOG_COMBINED_4.md:365, // Giants +1.5,W/W,0.610000/0.610000,/,/
P-444,1,2,MISSING_CONTRACT_IDENTITY;MULTIPLE_CONTRACTS_FOR_CARD_RANK,PREDICTION_LOG_COMBINED_4.md:300 ; PREDICTION_LOG_COMBINED_4.md:382, // Yankees −1.5,L/L,0.560000/0.560000,/,/
P-446,1,2,MISSING_CONTRACT_IDENTITY;MULTIPLE_CONTRACTS_FOR_CARD_RANK,PREDICTION_LOG_COMBINED_4.md:301 ; PREDICTION_LOG_COMBINED_4.md:411, // Cubs −1.5,W/W,0.560000/0.560000,/,/
P-447,1,2,MISSING_CONTRACT_IDENTITY;MULTIPLE_CONTRACTS_FOR_CARD_RANK,PREDICTION_LOG_COMBINED_4.md:305 ; PREDICTION_LOG_COMBINED_4.md:428, // Rangers +1.5,W/W,0.660000/0.660000,/,/
P-448,1,2,MISSING_CONTRACT_IDENTITY;MULTIPLE_CONTRACTS_FOR_CARD_RANK,PREDICTION_LOG_COMBINED_4.md:306 ; PREDICTION_LOG_COMBINED_4.md:445, // Royals +1.5,W/W,0.650000/0.650000,/,/
P-449,1,2,MISSING_CONTRACT_IDENTITY;MULTIPLE_CONTRACTS_FOR_CARD_RANK,PREDICTION_LOG_COMBINED_4.md:302 ; PREDICTION_LOG_COMBINED_4.md:462, // Padres −1.5,W/W,0.550000/0.550000,/,/
P-450,1,2,MISSING_CONTRACT_IDENTITY;MULTIPLE_CONTRACTS_FOR_CARD_RANK,PREDICTION_LOG_COMBINED_4.md:307 ; PREDICTION_LOG_COMBINED_4.md:479, // Marlins +1.5,W/W,0.630000/0.630000,/,/
P-518,1,1,ISSUE_SETTLEMENT_BASELINE_P_DISAGREEMENT,Mini logs (to be sent to actual log later)\Mini Prediction Log - P-518 onward - 2026-09-27\PREDICTION_MINI_RUNNING_LOG_P518_ONWARD.md:245,Mets +1.5,W,0.640000,0.668000,0.500000
P-518,2,1,ISSUE_SETTLEMENT_BASELINE_P_DISAGREEMENT,Mini logs (to be sent to actual log later)\Mini Prediction Log - P-518 onward - 2026-09-27\PREDICTION_MINI_RUNNING_LOG_P518_ONWARD.md:246,Nationals +1.5,L,0.635000,0.661000,0.500000
P-518,3,1,ISSUE_SETTLEMENT_BASELINE_P_DISAGREEMENT,Mini logs (to be sent to actual log later)\Mini Prediction Log - P-518 onward - 2026-09-27\PREDICTION_MINI_RUNNING_LOG_P518_ONWARD.md:247,Over 8.5,L,0.590000,0.593000,0.500000
P-518,4,1,ISSUE_SETTLEMENT_BASELINE_P_DISAGREEMENT,Mini logs (to be sent to actual log later)\Mini Prediction Log - P-518 onward - 2026-09-27\PREDICTION_MINI_RUNNING_LOG_P518_ONWARD.md:248,Under 8.5,W,0.410000,0.407000,0.500000
P-520,1,1,ISSUE_SETTLEMENT_BASELINE_P_DISAGREEMENT,Mini logs (to be sent to actual log later)\Mini Prediction Log - P-518 onward - 2026-09-27\PREDICTION_MINI_RUNNING_LOG_P518_ONWARD.md:703,Giants ML,L,0.577000,0.572000,0.500000
P-520,2,1,ISSUE_SETTLEMENT_BASELINE_P_DISAGREEMENT,Mini logs (to be sent to actual log later)\Mini Prediction Log - P-518 onward - 2026-09-27\PREDICTION_MINI_RUNNING_LOG_P518_ONWARD.md:704,Eagles +1.5,W,0.520000,0.484000,0.500000
P-520,3,1,ISSUE_SETTLEMENT_BASELINE_P_DISAGREEMENT,Mini logs (to be sent to actual log later)\Mini Prediction Log - P-518 onward - 2026-09-27\PREDICTION_MINI_RUNNING_LOG_P518_ONWARD.md:705,Over 10.5,L,0.515000,0.476000,0.500000
P-520,4,1,ISSUE_SETTLEMENT_BASELINE_P_DISAGREEMENT,Mini logs (to be sent to actual log later)\Mini Prediction Log - P-518 onward - 2026-09-27\PREDICTION_MINI_RUNNING_LOG_P518_ONWARD.md:706,Under 10.5,W,0.485000,0.524000,0.500000
P-521,1,1,ISSUE_SETTLEMENT_BASELINE_P_DISAGREEMENT,Mini logs (to be sent to actual log later)\Mini Prediction Log - P-518 onward - 2026-09-27\PREDICTION_MINI_RUNNING_LOG_P518_ONWARD.md:916,Joventut -5.5,L,0.408000,0.677000,0.500000
P-521,2,1,ISSUE_SETTLEMENT_BASELINE_P_DISAGREEMENT,Mini logs (to be sent to actual log later)\Mini Prediction Log - P-518 onward - 2026-09-27\PREDICTION_MINI_RUNNING_LOG_P518_ONWARD.md:917,Over 179.5,W,0.538000,0.513000,0.500000
P-521,3,1,ISSUE_SETTLEMENT_BASELINE_P_DISAGREEMENT,Mini logs (to be sent to actual log later)\Mini Prediction Log - P-518 onward - 2026-09-27\PREDICTION_MINI_RUNNING_LOG_P518_ONWARD.md:918,Under 179.5,L,0.462000,0.487000,0.500000
