part,line,reason,row
PREDICTION_LOG_COMBINED.md,5039,CARD_ID_NOT_UNIQUE,| 1 | Benfica to win (90 min) | Benfica won 6-1 | **WIN** |
PREDICTION_LOG_COMBINED.md,9008,CARD_ID_NOT_UNIQUE,| P-040/V01 | 1 | Under 168.5 | `LEAN` | 200 | `LOSS` (-31.5) | Incorrect | Historical view only |
PREDICTION_LOG_COMBINED.md,9009,CARD_ID_NOT_UNIQUE,"| P-040/V01 | 2 | Over 168.5 | `FORCED RANK` | 200 | `WIN` (+31.5) | Correct direction, low confidence | Historical view only |"
PREDICTION_LOG_COMBINED.md,9010,CARD_ID_NOT_UNIQUE,| P-040/V01 | 3 | Adelaide -23.5 | `AVOID` | Withdrawn wording | `VOID` | Not evaluated | Excluded |
PREDICTION_LOG_COMBINED.md,9011,CARD_ID_NOT_UNIQUE,| P-040/V01 | 4 | Fremantle -23.5 | `AVOID` | Fremantle by 24 | `WIN` (+0.5) | Incorrect avoidance | Historical view only; boundary-fragile |
PREDICTION_LOG_COMBINED.md,9012,CARD_ID_NOT_UNIQUE,| P-040/V02 | 1 | Under 168.5 | `LEAN` | 200 | `LOSS` (-31.5) | Incorrect | Historical view only |
PREDICTION_LOG_COMBINED.md,9013,CARD_ID_NOT_UNIQUE,"| P-040/V02 | 2 | Over 168.5 | `FORCED RANK` | 200 | `WIN` (+31.5) | Correct direction, low confidence | Historical view only |"
PREDICTION_LOG_COMBINED.md,9014,CARD_ID_NOT_UNIQUE,| P-040/V02 | 3 | Adelaide -23.5 | `AVOID` | Withdrawn wording | `VOID` | Not evaluated | Excluded |
PREDICTION_LOG_COMBINED.md,9015,CARD_ID_NOT_UNIQUE,| P-040/V02 | 4 | Fremantle -23.5 | `AVOID` | Fremantle by 24 | `WIN` (+0.5) | Incorrect avoidance | Historical view only; boundary-fragile |
PREDICTION_LOG_COMBINED.md,9016,CARD_ID_NOT_UNIQUE,| P-040/V03 | 1 | Under 168.5 | `LEAN` | 200 | `LOSS` (-31.5) | Incorrect | Historical view only; failed top pick |
PREDICTION_LOG_COMBINED.md,9017,CARD_ID_NOT_UNIQUE,"| P-040/V03 | 2 | Over 168.5 | `FORCED RANK` | 200 | `WIN` (+31.5) | Correct direction, low confidence | Historical view only |"
PREDICTION_LOG_COMBINED.md,9018,CARD_ID_NOT_UNIQUE,| P-040/V03 | 3 | Adelaide -23.5 | `AVOID` | Withdrawn wording | `VOID` | Not evaluated | Excluded |
PREDICTION_LOG_COMBINED.md,9019,CARD_ID_NOT_UNIQUE,| P-040/V03 | 4 | Fremantle -23.5 | `AVOID` | Fremantle by 24 | `WIN` (+0.5) | Incorrect avoidance | Historical view only; boundary-fragile |
PREDICTION_LOG_COMBINED.md,9020,CARD_ID_NOT_UNIQUE,| P-040/V04 | 1 | Under 176.5 | `AVOID` | 200 | `LOSS` (-23.5) | Correct avoidance | Superseded by V05 for ledger purposes |
PREDICTION_LOG_COMBINED.md,9021,CARD_ID_NOT_UNIQUE,| P-040/V05 | 1 | Under 176.5 | `AVOID` | 200 | `LOSS` (-23.5) | Correct avoidance | **Controlling C05 view; raw only** |
PREDICTION_LOG_COMBINED.md,9022,CARD_ID_NOT_UNIQUE,| P-040/V06 | 1 | Adelaide +23.5 | `SUPPORTED` | Adelaide lost by 24 | `LOSS` (-0.5) | Incorrect | **Controlling; primary formal; boundary-fragile** |
PREDICTION_LOG_COMBINED.md,9023,CARD_ID_NOT_UNIQUE,| P-040/V06 | 2 | Over 168.5 | `SUPPORTED` | 200 | `WIN` (+31.5) | Correct | **Controlling; primary formal** |
PREDICTION_LOG_COMBINED.md,9024,CARD_ID_NOT_UNIQUE,| P-040/V06 | 3 | Under 168.5 | `AVOID` | 200 | `LOSS` (-31.5) | Correct avoidance | **Controlling; raw correlated** |
PREDICTION_LOG_COMBINED.md,9025,CARD_ID_NOT_UNIQUE,| P-040/V06 | 4 | Fremantle -23.5 | `AVOID` | Fremantle by 24 | `WIN` (+0.5) | Incorrect avoidance | **Controlling; raw correlated; boundary-fragile** |
PREDICTION_LOG_COMBINED.md,11665,CARD_ID_NOT_UNIQUE,| P-060/V03 | C04 | 1 | Under 8.5 runs | `LEAN` | DG-P060-TOTAL | LATE_IMPORTED_DIAGNOSTIC | 7 | `WIN` | +1.5 runs | Official MLB final |
PREDICTION_LOG_COMBINED.md,11666,CARD_ID_NOT_UNIQUE,| P-060/V03 | C02 | 2 | Yankees +1.5 | `LEAN` | DG-P060-SIDE | LATE_IMPORTED_DIAGNOSTIC | NYY won by 5 | `WIN` | +6.5 runs | Official MLB final |
PREDICTION_LOG_COMBINED.md,11667,CARD_ID_NOT_UNIQUE,| P-060/V03 | C01 | 3 | Orioles +1.5 | `FORCED RANK` | DG-P060-SIDE | LATE_IMPORTED_DIAGNOSTIC | BAL lost by 5 | `LOSS` | -3.5 runs | Official MLB final |
PREDICTION_LOG_COMBINED.md,11668,CARD_ID_NOT_UNIQUE,| P-060/V03 | C03 | 4 | Over 6.5 runs | `FORCED RANK` | DG-P060-TOTAL | LATE_IMPORTED_DIAGNOSTIC | 7 | `WIN` | +0.5 run | Official MLB final |
PREDICTION_LOG_COMBINED.md,43627,CARD_ID_NOT_UNIQUE,| 1 | Sarmiento Team Total Over 0.5 | **WIN** |
PREDICTION_LOG_COMBINED.md,43628,CARD_ID_NOT_UNIQUE,| 2 | 1st Half Over 0.5 | **WIN** |
PREDICTION_LOG_COMBINED.md,43629,CARD_ID_NOT_UNIQUE,| 3 | Sarmiento or Draw — X2 | **LOSS** |
PREDICTION_LOG_COMBINED.md,43631,CARD_ID_NOT_UNIQUE,| 5 | Combined Total Over 2.5 | **WIN** |
PREDICTION_LOG_COMBINED_2.md,6896,CARD_ID_NOT_UNIQUE,| 1 | LOCAL-GEELONG-20260904-C01 | Geelong +11.5 | 107−74+11.5 = 44.5 | **WIN** | COMPLIANT | NONE — scoped side mechanism |
PREDICTION_LOG_COMBINED_2.md,6897,CARD_ID_NOT_UNIQUE,| 2 | LOCAL-GEELONG-20260904-C04 | Under 165.5 | 181 versus 165.5 | **LOSS** | INCONCLUSIVE | DEPENDENCE_TAIL |
PREDICTION_LOG_COMBINED_2.md,6898,CARD_ID_NOT_UNIQUE,| 3 | LOCAL-GEELONG-20260904-C03 | Over 165.5 | 181 versus 165.5 | **WIN** | INCONCLUSIVE | DEPENDENCE_TAIL |
PREDICTION_LOG_COMBINED_2.md,6899,CARD_ID_NOT_UNIQUE,| 4 | LOCAL-GEELONG-20260904-C02 | Carlton -11.5 | 74−107-11.5 = -44.5 | **LOSS** | COMPLIANT | NONE — scoped side mechanism |
PREDICTION_LOG_COMBINED_2.md,7170,CARD_ID_NOT_UNIQUE,| P-233-C01 / 1 | Beijing team Over 1.5 | Beijing 3 | WIN |
PREDICTION_LOG_COMBINED_2.md,7171,CARD_ID_NOT_UNIQUE,| P-233-C02 / 2 | First-half Over 0.5 | Half 1–0 | WIN |
PREDICTION_LOG_COMBINED_2.md,7172,CARD_ID_NOT_UNIQUE,| P-233-C03 / 3 | Match Over 2.5 | Four goals | WIN |
PREDICTION_LOG_COMBINED_2.md,7173,CARD_ID_NOT_UNIQUE,| P-233-C04 / 4 | BTTS No | Both scored | LOSS |
PREDICTION_LOG_COMBINED_2.md,7174,CARD_ID_NOT_UNIQUE,| P-233-C05 / 5 | Corners Over 8.5 | Prior specialist 13; no new owner | PROVISIONAL WIN |
PREDICTION_LOG_COMBINED_2.md,7175,CARD_ID_NOT_UNIQUE,| P-234-C01 / 1 | First-half Over 0.5 | Half 0–0 | LOSS |
PREDICTION_LOG_COMBINED_2.md,7176,CARD_ID_NOT_UNIQUE,| P-234-C02 / 2 | Dalian team Over 0.5 | Dalian 1 | WIN |
PREDICTION_LOG_COMBINED_2.md,7177,CARD_ID_NOT_UNIQUE,| P-234-C03 / 3 | Corners Over 8.5 | Prior specialist 10; no new owner | PROVISIONAL WIN |
PREDICTION_LOG_COMBINED_2.md,7178,CARD_ID_NOT_UNIQUE,| P-234-C04 / 4 | BTTS Yes | Dalian 1–0 Shenhua | LOSS |
PREDICTION_LOG_COMBINED_2.md,7179,CARD_ID_NOT_UNIQUE,| P-234-C05 / 5 | Match Over 2.5 | One goal | LOSS |
PREDICTION_LOG_COMBINED_2.md,7180,CARD_ID_NOT_UNIQUE,| P-235-C01 / 1 | First-half Over 0.5 | Half 0–2 | WIN |
PREDICTION_LOG_COMBINED_2.md,7181,CARD_ID_NOT_UNIQUE,| P-235-C02 / 2 | Port team Over 0.5 | Port 3 | WIN |
PREDICTION_LOG_COMBINED_2.md,7182,CARD_ID_NOT_UNIQUE,| P-235-C03 / 3 | BTTS Yes | Shandong 0–3 Port | LOSS |
PREDICTION_LOG_COMBINED_2.md,7183,CARD_ID_NOT_UNIQUE,| P-235-C04 / 4 | Match Over 2.5 | Three goals | WIN |
PREDICTION_LOG_COMBINED_2.md,7184,CARD_ID_NOT_UNIQUE,| P-235-C05 / 5 | Corners Over 8.5 | Prior specialist 14; no new owner | PROVISIONAL WIN |
PREDICTION_LOG_COMBINED_2.md,7576,CARD_ID_NOT_UNIQUE,| **Total** | **8 W / 6 L** | **6 W / 6 L** | **7 W / 5 L** |
PREDICTION_LOG_COMBINED_4.md,190,CARD_ID_NOT_UNIQUE,| 1 | First Half Under 1.5 | 0.84 | **LOSS** | 0.7056 |
PREDICTION_LOG_COMBINED_4.md,191,CARD_ID_NOT_UNIQUE,| 2 | Full Match Under 3.5 | 0.83 | **LOSS** | 0.6889 |
PREDICTION_LOG_COMBINED_4.md,192,CARD_ID_NOT_UNIQUE,| 3 | Al Wahda team total Under 2.5 | 0.82 | **LOSS** | 0.6724 |
PREDICTION_LOG_COMBINED_4.md,193,CARD_ID_NOT_UNIQUE,| 4 | Kuwait SC +1.5 | 0.75 | **WIN** | 0.0625 |
PREDICTION_LOG_COMBINED_4.md,194,CARD_ID_NOT_UNIQUE,| 5 | Full Match Under 2.5 | 0.63 | **LOSS** | 0.3969 |
PREDICTION_LOG_COMBINED_5.md,1114,CARD_ID_NOT_UNIQUE,| 1 | JackJumpers +2.5 | Lost by 6 | **LOSS** |
PREDICTION_LOG_COMBINED_5.md,1116,CARD_ID_NOT_UNIQUE,| 3 | Combined total Over 186.5 | 180 | **LOSS** |
PREDICTION_LOG_COMBINED_5.md,1117,CARD_ID_NOT_UNIQUE,| 4 | Taipans −2.5 | Won by 6 | **WIN** |
PREDICTION_LOG_COMBINED_5.md,7793,CARD_ID_NOT_UNIQUE,| #2 | Atlanta Dream -1.5 | Atlanta by 11 | WIN |
PREDICTION_LOG_COMBINED_5.md,7794,CARD_ID_NOT_UNIQUE,| #3 | New York Liberty +1.5 | Atlanta by 11 | LOSS |
PREDICTION_LOG_COMBINED_5.md,7795,CARD_ID_NOT_UNIQUE,| #4 | Over 177.5 | 179 points | WIN |
PREDICTION_LOG_COMBINED_5.md,8525,CARD_ID_NOT_UNIQUE,| #1 | Giants +6.5 | Lost by 22 | LOSS |
PREDICTION_LOG_COMBINED_5.md,8526,CARD_ID_NOT_UNIQUE,| #2 | Under 47.5 | Total 34 | WIN |
PREDICTION_LOG_COMBINED_5.md,8527,CARD_ID_NOT_UNIQUE,| #3 | Over 47.5 | Total 34 | LOSS |
PREDICTION_LOG_COMBINED_5.md,8528,CARD_ID_NOT_UNIQUE,| #4 | Rams -6.5 | Rams won by 22 | WIN |
PREDICTION_LOG_COMBINED_5.md,9260,CARD_ID_NOT_UNIQUE,| #1 | Minnesota Twins moneyline | Minnesota lost 2–5 | LOSS |
PREDICTION_LOG_COMBINED_5.md,9261,CARD_ID_NOT_UNIQUE,| #2 | San Francisco Giants +1.5 | San Francisco won | WIN |
PREDICTION_LOG_COMBINED_5.md,9967,CARD_ID_NOT_UNIQUE,| #1 | Under 20.5 total games | 20 games | WIN |
PREDICTION_LOG_COMBINED_5.md,9968,CARD_ID_NOT_UNIQUE,| #2 | Vivian Wolff +4.5 games | Lost by 6 games | LOSS |
PREDICTION_LOG_COMBINED_5.md,9969,CARD_ID_NOT_UNIQUE,| #3 | Oleksandra Oliynykova -4.5 games | Won by 6 games | WIN |
PREDICTION_LOG_COMBINED_5.md,9970,CARD_ID_NOT_UNIQUE,| #4 | Over 20.5 total games | 20 games | LOSS |
PREDICTION_LOG_COMBINED_5.md,10609,CARD_ID_NOT_UNIQUE,| #1 | Michael King 15+ pitching outs / Over 14.5 outs | 12 outs (4.0 IP) | **LOSS** |
PREDICTION_LOG_COMBINED_5.md,10610,CARD_ID_NOT_UNIQUE,| #2 | Padres +1.5 runs | Lost by 7 | **LOSS** |
PREDICTION_LOG_COMBINED_5.md,10611,CARD_ID_NOT_UNIQUE,| #3 | Dodgers moneyline | Dodgers won 7–0 | **WIN** |
PREDICTION_LOG_COMBINED_5.md,10612,CARD_ID_NOT_UNIQUE,| #4 | Combined runs Over 8.5 | 7 runs | **LOSS** |
