Match Number,Match ID,Season,Season Year,Competition,Match Type,Division / Group,Stage / Round,Date,Start Date,End Date,Duration (Days),Team A,Team B,Home,Away,Toss Winner,Toss Decision,First Innings Team,Second Innings Team,Innings 1 Team,Innings 1 Score,Innings 1 Runs,Innings 1 Wickets,Innings 1 Overs,Innings 2 Team,Innings 2 Score,Innings 2 Runs,Innings 2 Wickets,Innings 2 Overs,Follow-On Enforced,Innings 3 Team,Innings 3 Score,Innings 3 Runs,Innings 3 Wickets,Innings 3 Overs,Innings 4 Team,Innings 4 Score,Innings 4 Runs,Innings 4 Wickets,Innings 4 Overs,Total Runs,Total Wickets,Match Score,Result,Winner,Loser,Winning Margin,Margin Value,Margin Type,Player of the Match,Notable Players,Venue,City,Umpires,A Succint one line match comment to summarise that match,Primary Data Source
1,CCH_1227584,2020,2020,Bob Willis Trophy,Bob Willis Trophy,Central,Group Stage,2020-08-01,2020-08-01,2020-08-04,4,Gloucestershire,Worcestershire,Gloucestershire,Worcestershire,Gloucestershire,bat,Gloucestershire,Worcestershire,Gloucestershire,267/10 (97.4 ov),267,10,97.4 ov,Worcestershire,428/5 (121.0 ov),428,5,121.0 ov,No,Gloucestershire,270/10 (105.1 ov),270,10,105.1 ov,Worcestershire,113/2 (26.4 ov),113,2,26.4 ov,1078,27,Gloucestershire 267/10 & 270/10 - Worcestershire 428/5 & 113/2,Win,Worcestershire,Gloucestershire,8 wickets,8,wickets,,"Gloucestershire: CDJ Dent 92, GL van Buuren 60, CAJ Morris 4 wkts, JC Tongue 3 wkts | Worcestershire: BL D'Oliveira 91, DKH Mitchell 80, DA Payne 1 wkts, TJ Price 1 wkts | Gloucestershire: GT Hankins 69, CDJ Dent 67, J Leach 4 wkts, JC Tongue 3 wkts | Worcestershire: TC Fell 32, JA Haynes 28, J Shaw 2 wkts","County Ground, Bristol",Bristol,JW Lloyds; Mark Newell,"Worcestershire defeated Gloucestershire by 8 wickets at County Ground, Bristol (Bristol).",Cricsheet JSON v1.2.0 Open Data / ECB Official Scorecards
2,CCH_1227585,2020,2020,Bob Willis Trophy,Bob Willis Trophy,Central,Group Stage,2020-08-01,2020-08-01,2020-08-04,4,Somerset,Glamorgan,Somerset,Glamorgan,Somerset,bat,Somerset,Glamorgan,Somerset,296/10 (81.3 ov),296,10,81.3 ov,Glamorgan,131/10 (46.2 ov),131,10,46.2 ov,No,Somerset,290/8d (80.4 ov),290,8,80.4 ov,Glamorgan,166/10 (64.3 ov),166,10,64.3 ov,883,38,Somerset 296/10 & 290/8d - Glamorgan 131/10 & 166/10,Win,Somerset,Glamorgan,289 runs,289,runs,,"Somerset: SM Davies 81, JA Brooks 72, RAJ Smith 3 wkts, M de Lange 2 wkts | Glamorgan: GG Wagg 28, KA Bull 23, C Overton 5 wkts, J Overton 2 wkts | Somerset: TB Abell 119, BGF Green 54, KA Bull 3 wkts, DA Douthwaite 2 wkts | Glamorgan: CB Cooke 82, WT Root 26, J Overton 5 wkts, C Overton 2 wkts","The Cooper Associates County Ground, Taunton",Taunton,ID Blackwell; RJ Warren,"Somerset defeated Glamorgan by 289 runs at The Cooper Associates County Ground, Taunton (Taunton).",Cricsheet JSON v1.2.0 Open Data / ECB Official Scorecards
3,CCH_1227586,2020,2020,Bob Willis Trophy,Bob Willis Trophy,Central,Group Stage,2020-08-01,2020-08-01,2020-08-04,4,Northamptonshire,Warwickshire,Warwickshire,Northamptonshire,Warwickshire,field,Northamptonshire,Warwickshire,Northamptonshire,142/10 (51.0 ov),142,10,51.0 ov,Warwickshire,369/8 (120.3 ov),369,8,120.3 ov,No,Northamptonshire,507/6d (175.3 ov),507,6,175.3 ov,,,,,,1018,24,Northamptonshire 142/10 & 507/6d - Warwickshire 369/8,Draw,Draw,None,Draw,,draw,,"Northamptonshire: LA Procter 29, RI Keogh 26, OP Stone 4 wkts, AT Thomson 2 wkts | Warwickshire: TT Bresnan 105, RM Yates 88, NL Buck 3 wkts, CJ White 2 wkts | Northamptonshire: AM Rossington 135, LA Procter 112, TT Bresnan 3 wkts, WMH Rhodes 1 wkts","Edgbaston, Birmingham",Birmingham,Hassan Adnan; RT Robinson,"Match drawn between Northamptonshire and Warwickshire at Edgbaston, Birmingham (Birmingham).",Cricsheet JSON v1.2.0 Open Data / ECB Official Scorecards
4,CCH_1227587,2020,2020,Bob Willis Trophy,Bob Willis Trophy,North,Group Stage,2020-08-01,2020-08-01,2020-08-04,4,Nottinghamshire,Derbyshire,Nottinghamshire,Derbyshire,Derbyshire,field,Nottinghamshire,Derbyshire,Nottinghamshire,324/10 (78.2 ov),324,10,78.2 ov,Derbyshire,239/10 (71.4 ov),239,10,71.4 ov,No,Nottinghamshire,279/10 (83.3 ov),279,10,83.3 ov,Derbyshire,365/7 (121.2 ov),365,7,121.2 ov,1207,37,Nottinghamshire 324/10 & 279/10 - Derbyshire 239/10 & 365/7,Win,Derbyshire,Nottinghamshire,3 wickets,3,wickets,,"Nottinghamshire: H Hameed 68, SR Patel 63, MA Cohen 3 wkts, MH McKiernan 2 wkts | Derbyshire: JL du Plooy 130, MJJ Critchley 45, JDM Evison 3 wkts, JT Ball 3 wkts | Nottinghamshire: SR Patel 80, H Hameed 52, BW Aitchison 3 wkts, S Conners 3 wkts | Derbyshire: FJ Hudson-Prentice 91, BA Godleman 86, JT Ball 3 wkts, SJ Mullaney 1 wkts","Trent Bridge, Nottingham",Nottingham,NA Mallender; PR Pollard,"Derbyshire defeated Nottinghamshire by 3 wickets at Trent Bridge, Nottingham (Nottingham).",Cricsheet JSON v1.2.0 Open Data / ECB Official Scorecards
5,CCH_1227588,2020,2020,Bob Willis Trophy,Bob Willis Trophy,North,Group Stage,2020-08-01,2020-08-01,2020-08-04,4,Durham,Yorkshire,Durham,Yorkshire,Durham,bat,Durham,Yorkshire,Durham,103/10 (58.4 ov),103,10,58.4 ov,Yorkshire,199/10 (62.4 ov),199,10,62.4 ov,No,Durham,266/10 (109.2 ov),266,10,109.2 ov,Yorkshire,172/4 (44.4 ov),172,4,44.4 ov,740,34,Durham 103/10 & 266/10 - Yorkshire 199/10 & 172/4,Win,Yorkshire,Durham,6 wickets,6,wickets,,"Durham: GJ Harte 33, SR Dickson 11, BO Coad 4 wkts, JA Thompson 3 wkts | Yorkshire: T Kohler-Cadmore 41, HC Brook 41, P Coughlin 3 wkts, BA Raine 3 wkts | Durham: AZ Lees 106, DG Bedingham 77, MD Fisher 4 wkts, SA Patterson 3 wkts | Yorkshire: DJ Malan 73, HC Brook 66, C Rushworth 3 wkts, AZ Lees 1 wkts","Riverside Ground, Chester-le-Street",Chester-le-Street,GD Lloyd; N Pratt,"Yorkshire defeated Durham by 6 wickets at Riverside Ground, Chester-le-Street (Chester-le-Street).",Cricsheet JSON v1.2.0 Open Data / ECB Official Scorecards
6,CCH_1227589,2020,2020,Bob Willis Trophy,Bob Willis Trophy,North,Group Stage,2020-08-01,2020-08-01,2020-08-04,4,Lancashire,Leicestershire,Worcestershire,Lancashire,Lancashire,bat,Lancashire,Leicestershire,Lancashire,322/10 (108.1 ov),322,10,108.1 ov,Leicestershire,409/8d (119.4 ov),409,8,119.4 ov,No,Lancashire,236/10 (109.3 ov),236,10,109.3 ov,Leicestershire,150/3 (15.4 ov),150,3,15.4 ov,1117,31,Lancashire 322/10 & 236/10 - Leicestershire 409/8d & 150/3,Win,Leicestershire,Lancashire,7 wickets,7,wickets,,"Lancashire: DJ Vilas 90, SJ Croft 63, D Klein 3 wkts, CF Parkinson 2 wkts | Leicestershire: BT Slater 172, CN Ackermann 94, TW Hartley 3 wkts, TE Bailey 2 wkts | Lancashire: AL Davies 54, SJ Croft 52, BWM Mike 4 wkts, CF Parkinson 3 wkts | Leicestershire: CN Ackermann 73, HE Dearden 33, TE Bailey 2 wkts, DJ Lamb 1 wkts","County Ground, New Road, Worcester",Worcester,NGB Cook; Rob White,"Leicestershire defeated Lancashire by 7 wickets at County Ground, New Road, Worcester (Worcester).",Cricsheet JSON v1.2.0 Open Data / ECB Official Scorecards
7,CCH_1227590,2020,2020,Bob Willis Trophy,Bob Willis Trophy,South,Group Stage,2020-08-01,2020-08-01,2020-08-04,4,Kent,Essex,Essex,Kent,Kent,bat,Kent,Essex,Kent,387/10 (104.5 ov),387,10,104.5 ov,Essex,298/10 (109.2 ov),298,10,109.2 ov,No,Kent,112/10 (49.3 ov),112,10,49.3 ov,Essex,202/8 (70.2 ov),202,8,70.2 ov,999,38,Kent 387/10 & 112/10 - Essex 298/10 & 202/8,Win,Essex,Kent,2 wickets,2,wickets,,"Kent: HG Kuhn 140, OG Robinson 78, JA Porter 4 wkts, SJ Cook 2 wkts | Essex: RN ten Doeschate 78, NLJ Browne 61, ME Milnes 4 wkts, MK O'Riordan 3 wkts | Kent: JM Cox 29, HG Kuhn 17, SR Harmer 4 wkts, SJ Cook 3 wkts | Essex: AN Cook 66, FIN Khushi 45, IAA Thomas 4 wkts, G Stewart 3 wkts","County Ground, Chelmsford",Chelmsford,BJ Debenham; NL Bainton,"Essex defeated Kent by 2 wickets at County Ground, Chelmsford (Chelmsford).",Cricsheet JSON v1.2.0 Open Data / ECB Official Scorecards
8,CCH_1227591,2020,2020,Bob Willis Trophy,Bob Willis Trophy,South,Group Stage,2020-08-01,2020-08-01,2020-08-04,4,Middlesex,Surrey,Surrey,Middlesex,Middlesex,bat,Middlesex,Surrey,Middlesex,347/6d (111.3 ov),347,6,111.3 ov,Surrey,282/10 (101.4 ov),282,10,101.4 ov,No,Middlesex,248/6d (70.3 ov),248,6,70.3 ov,Surrey,123/10 (62.5 ov),123,10,62.5 ov,1000,32,Middlesex 347/6d & 248/6d - Surrey 282/10 & 123/10,Win,Middlesex,Surrey,190 runs,190,runs,,"Middlesex: NRT Gubbins 192, JA Simpson 53, R Clarke 3 wkts, SG Borthwick 1 wkts | Surrey: SG Borthwick 92, JL Smith 80, TJ Murtagh 5 wkts, MK Andersson 1 wkts | Middlesex: NRT Gubbins 60, MK Andersson 51, D Moriarty 5 wkts, A Virdi 1 wkts | Surrey: RS Patel 44, JL Smith 40, ML Cummins 3 wkts, SD Robson 2 wkts","Kennington Oval, London",London,NJ Llong; RJ Bailey,"Middlesex defeated Surrey by 190 runs at Kennington Oval, London (London).",Cricsheet JSON v1.2.0 Open Data / ECB Official Scorecards
9,CCH_1227592,2020,2020,Bob Willis Trophy,Bob Willis Trophy,South,Group Stage,2020-08-01,2020-08-01,2020-08-03,3,Sussex,Hampshire,Sussex,Hampshire,Sussex,bat,Sussex,Hampshire,Sussex,176/10 (61.2 ov),176,10,61.2 ov,Hampshire,153/10 (63.0 ov),153,10,63.0 ov,No,Sussex,221/10 (71.2 ov),221,10,71.2 ov,Hampshire,150/10 (43.2 ov),150,10,43.2 ov,700,40,Sussex 176/10 & 221/10 - Hampshire 153/10 & 150/10,Win,Sussex,Hampshire,94 runs,94,runs,,"Sussex: PD Salt 68, GHS Garton 54, AS Dale 3 wkts, MS Crane 3 wkts | Hampshire: HRC Came 25, TP Alsop 21, ME Claydon 3 wkts, OE Robinson 3 wkts | Sussex: PD Salt 80, BC Brown 25, FS Organ 3 wkts, MS Crane 3 wkts | Hampshire: JK Fuller 30, LD McManus 28, OE Robinson 5 wkts, JJ Carson 3 wkts","County Ground, Hove",Brighton,BV Taylor; IJ Gould,"Sussex defeated Hampshire by 94 runs at County Ground, Hove (Brighton).",Cricsheet JSON v1.2.0 Open Data / ECB Official Scorecards
10,CCH_1227593,2020,2020,Bob Willis Trophy,Bob Willis Trophy,Central,Group Stage,2020-08-08,2020-08-08,2020-08-11,4,Gloucestershire,Warwickshire,Gloucestershire,Warwickshire,Warwickshire,field,Gloucestershire,Warwickshire,Gloucestershire,210/10 (96.5 ov),210,10,96.5 ov,Warwickshire,247/10 (91.0 ov),247,10,91.0 ov,No,Gloucestershire,275/10 (95.5 ov),275,10,95.5 ov,Warwickshire,160/10 (60.4 ov),160,10,60.4 ov,892,40,Gloucestershire 210/10 & 275/10 - Warwickshire 247/10 & 160/10,Win,Gloucestershire,Warwickshire,78 runs,78,runs,,"Gloucestershire: BG Charlesworth 51, GH Roderick 39, OJ Hannon-Dalby 6 wkts, WMH Rhodes 3 wkts | Warwickshire: MJ Lamb 65, WMH Rhodes 41, RF Higgins 4 wkts, MD Taylor 3 wkts | Gloucestershire: GL van Buuren 72, RF Higgins 51, OJ Hannon-Dalby 6 wkts, HJH Brookes 2 wkts | Warwickshire: WMH Rhodes 48, TT Bresnan 22, RF Higgins 7 wkts, MD Taylor 2 wkts","County Ground, Bristol",Bristol,ID Blackwell; RJ Warren,"Gloucestershire defeated Warwickshire by 78 runs at County Ground, Bristol (Bristol).",Cricsheet JSON v1.2.0 Open Data / ECB Official Scorecards
11,CCH_1227594,2020,2020,Bob Willis Trophy,Bob Willis Trophy,Central,Group Stage,2020-08-08,2020-08-08,2020-08-09,2,Somerset,Northamptonshire,Northamptonshire,Somerset,Somerset,bat,Somerset,Northamptonshire,Somerset,166/10 (47.5 ov),166,10,47.5 ov,Northamptonshire,67/10 (32.2 ov),67,10,32.2 ov,No,Somerset,222/10 (39.1 ov),222,10,39.1 ov,Northamptonshire,154/10 (43.3 ov),154,10,43.3 ov,609,40,Somerset 166/10 & 222/10 - Northamptonshire 67/10 & 154/10,Win,Somerset,Northamptonshire,167 runs,167,runs,,"Somerset: JA Brooks 36, JC Hildreth 32, BW Sanderson 5 wkts, BD Glover 2 wkts | Northamptonshire: BJ Curran 35, AM Rossington 9, C Overton 4 wkts, JH Davey 3 wkts | Somerset: J Overton 68, C Overton 53, BW Sanderson 4 wkts, GK Berg 4 wkts | Northamptonshire: R Vasconcelos 52, CO Thurston 34, J Overton 4 wkts, JA Brooks 4 wkts","County Ground, Northampton",Northampton,NGB Cook; RJ Bailey,"Somerset defeated Northamptonshire by 167 runs at County Ground, Northampton (Northampton).",Cricsheet JSON v1.2.0 Open Data / ECB Official Scorecards
12,CCH_1227595,2020,2020,Bob Willis Trophy,Bob Willis Trophy,Central,Group Stage,2020-08-08,2020-08-08,2020-08-11,4,Worcestershire,Glamorgan,Worcestershire,Glamorgan,Worcestershire,bat,Worcestershire,Glamorgan,Worcestershire,455/8 (120.5 ov),455,8,120.5 ov,Glamorgan,374/10 (117.5 ov),374,10,117.5 ov,No,Worcestershire,276/6d (71.3 ov),276,6,71.3 ov,Glamorgan,141/7 (50.4 ov),141,7,50.4 ov,1246,31,Worcestershire 455/8 & 276/6d - Glamorgan 374/10 & 141/7,Draw,Draw,None,Draw,,draw,,"Worcestershire: JD Libby 184, BL D'Oliveira 174, MG Hogan 3 wkts, GG Wagg 3 wkts | Glamorgan: WT Root 118, KS Carlson 79, J Leach 4 wkts, EG Barnard 3 wkts | Worcestershire: DKH Mitchell 94, JD Libby 44, GG Wagg 2 wkts, KA Bull 2 wkts | Glamorgan: CB Cooke 74, WT Root 34, J Leach 2 wkts, DY Pennington 2 wkts","County Ground, New Road, Worcester",Worcester,GD Lloyd; JW Lloyds,"Match drawn between Worcestershire and Glamorgan at County Ground, New Road, Worcester (Worcester).",Cricsheet JSON v1.2.0 Open Data / ECB Official Scorecards
13,CCH_1227596,2020,2020,Bob Willis Trophy,Bob Willis Trophy,North,Group Stage,2020-08-08,2020-08-08,2020-08-10,3,Durham,Lancashire,Durham,Lancashire,Durham,bat,Durham,Lancashire,Durham,180/10 (80.2 ov),180,10,80.2 ov,Lancashire,308/10 (107.0 ov),308,10,107.0 ov,No,Durham,110/10 (42.3 ov),110,10,42.3 ov,,,,,,598,30,Durham 180/10 & 110/10 - Lancashire 308/10,Win,Lancashire,Durham,innings and 18 runs,18,innings and runs,,"Durham: AZ Lees 66, BA Raine 24, RJ Gleeson 3 wkts, LS Livingstone 1 wkts | Lancashire: JJ Bohannon 75, L Wood 46, MET Salisbury 4 wkts, BA Raine 3 wkts | Durham: JTA Burnham 27, DG Bedingham 25, LJ Hurt 4 wkts, TE Bailey 3 wkts","Riverside Ground, Chester-le-Street",Chester-le-Street,NA Mallender; N Pratt,"Lancashire defeated Durham by innings and 18 runs at Riverside Ground, Chester-le-Street (Chester-le-Street).",Cricsheet JSON v1.2.0 Open Data / ECB Official Scorecards
14,CCH_1227597,2020,2020,Bob Willis Trophy,Bob Willis Trophy,North,Group Stage,2020-08-08,2020-08-08,2020-08-10,3,Leicestershire,Derbyshire,Leicestershire,Derbyshire,Leicestershire,bat,Leicestershire,Derbyshire,Leicestershire,199/10 (68.4 ov),199,10,68.4 ov,Derbyshire,408/10 (108.3 ov),408,10,108.3 ov,No,Leicestershire,220/10 (81.3 ov),220,10,81.3 ov,Derbyshire,12/1 (4.0 ov),12,1,4.0 ov,839,31,Leicestershire 199/10 & 220/10 - Derbyshire 408/10 & 12/1,Win,Derbyshire,Leicestershire,9 wickets,9,wickets,,"Leicestershire: HE Dearden 70, HJ Swindells 21, DR Melton 4 wkts, LM Reece 3 wkts | Derbyshire: WL Madsen 103, HR Hosein 66, CN Ackermann 2 wkts, WS Davis 2 wkts | Leicestershire: HE Dearden 47, HJ Swindells 41, MJJ Critchley 6 wkts, E Barnes 2 wkts | Derbyshire: LM Reece 4, BA Godleman 4, CF Parkinson 1 wkts","Grace Road, Leicester",Leicester,PR Pollard; Tom Lungley,"Derbyshire defeated Leicestershire by 9 wickets at Grace Road, Leicester (Leicester).",Cricsheet JSON v1.2.0 Open Data / ECB Official Scorecards
15,CCH_1227598,2020,2020,Bob Willis Trophy,Bob Willis Trophy,North,Group Stage,2020-08-08,2020-08-08,2020-08-11,4,Yorkshire,Nottinghamshire,Nottinghamshire,Yorkshire,Yorkshire,bat,Yorkshire,Nottinghamshire,Yorkshire,264/10 (81.4 ov),264,10,81.4 ov,Nottinghamshire,355/10 (96.3 ov),355,10,96.3 ov,No,Yorkshire,278/10 (108.3 ov),278,10,108.3 ov,Nottinghamshire,97/10 (29.5 ov),97,10,29.5 ov,994,40,Yorkshire 264/10 & 278/10 - Nottinghamshire 355/10 & 97/10,Win,Yorkshire,Nottinghamshire,90 runs,90,runs,,"Yorkshire: JA Thompson 98, HC Brook 62, CD Nash 3 wkts, M Carter 2 wkts | Nottinghamshire: TJ Moores 106, SJ Mullaney 50, DJ Malan 2 wkts, SA Patterson 2 wkts | Yorkshire: JM Bairstow 75, JA Tattersall 53, ZJ Chappell 4 wkts, M Carter 4 wkts | Nottinghamshire: BM Duckett 19, JM Clarke 18, JA Thompson 3 wkts, D Olivier 3 wkts","Trent Bridge, Nottingham",Nottingham,James Middlebrook; RT Robinson,"Yorkshire defeated Nottinghamshire by 90 runs at Trent Bridge, Nottingham (Nottingham).",Cricsheet JSON v1.2.0 Open Data / ECB Official Scorecards
16,CCH_1227599,2020,2020,Bob Willis Trophy,Bob Willis Trophy,South,Group Stage,2020-08-08,2020-08-08,2020-08-11,4,Essex,Surrey,Essex,Surrey,Essex,bat,Essex,Surrey,Essex,262/10 (97.3 ov),262,10,97.3 ov,Surrey,187/10 (75.5 ov),187,10,75.5 ov,No,Essex,261/10 (77.0 ov),261,10,77.0 ov,Surrey,167/10 (75.3 ov),167,10,75.3 ov,877,40,Essex 262/10 & 261/10 - Surrey 187/10 & 167/10,Win,Essex,Surrey,169 runs,169,runs,,"Essex: FIN Khushi 66, AJA Wheater 52, R Clarke 3 wkts, JPA Taylor 2 wkts | Surrey: WG Jacks 70, LJ Evans 41, SR Harmer 6 wkts, JA Porter 4 wkts | Essex: PI Walter 46, AN Cook 42, AW Finch 4 wkts, A Virdi 4 wkts | Surrey: JL Smith 45, WG Jacks 21, SR Harmer 8 wkts, Aaron Beard 2 wkts","County Ground, Chelmsford",Chelmsford,BJ Debenham; Chris Watts,"Essex defeated Surrey by 169 runs at County Ground, Chelmsford (Chelmsford).",Cricsheet JSON v1.2.0 Open Data / ECB Official Scorecards
17,CCH_1227600,2020,2020,Bob Willis Trophy,Bob Willis Trophy,South,Group Stage,2020-08-08,2020-08-08,2020-08-10,3,Sussex,Kent,Kent,Sussex,Sussex,bat,Sussex,Kent,Sussex,332/10 (95.2 ov),332,10,95.2 ov,Kent,530/1 (121.4 ov),530,1,121.4 ov,No,Sussex,173/10 (46.1 ov),173,10,46.1 ov,,,,,,1035,21,Sussex 332/10 & 173/10 - Kent 530/1,Win,Kent,Sussex,innings and 25 runs,25,innings and runs,,"Sussex: BC Brown 98, TGR Clark 65, HW Podmore 4 wkts, MK O'Riordan 3 wkts | Kent: JM Cox 238, JA Leaning 220, ME Claydon 1 wkts | Sussex: HZ Finch 66, SC Meaker 31, DI Stevens 5 wkts, HW Podmore 3 wkts","St Lawrence Ground, Canterbury",Canterbury,Mark Newell; NJ Llong,"Kent defeated Sussex by innings and 25 runs at St Lawrence Ground, Canterbury (Canterbury).",Cricsheet JSON v1.2.0 Open Data / ECB Official Scorecards
18,CCH_1227601,2020,2020,Bob Willis Trophy,Bob Willis Trophy,South,Group Stage,2020-08-08,2020-08-08,2020-08-11,4,Middlesex,Hampshire,Middlesex,Hampshire,Hampshire,field,Middlesex,Hampshire,Middlesex,252/10 (74.2 ov),252,10,74.2 ov,Hampshire,296/10 (112.0 ov),296,10,112.0 ov,No,Middlesex,201/10 (53.0 ov),201,10,53.0 ov,Hampshire,161/7 (61.4 ov),161,7,61.4 ov,910,37,Middlesex 252/10 & 201/10 - Hampshire 296/10 & 161/7,Win,Hampshire,Middlesex,3 wickets,3,wickets,,"Middlesex: MK Andersson 92, MDE Holden 36, RA Stevenson 4 wkts, LA Dawson 2 wkts | Hampshire: JJ Weatherley 98, SA Northeast 51, TJ Murtagh 4 wkts, JAR Harris 2 wkts | Middlesex: NRT Gubbins 46, SS Eskinazi 29, FS Organ 4 wkts, IG Holland 2 wkts | Hampshire: JJ Weatherley 64, KHD Barker 28, TN Walallawita 3 wkts, TJ Murtagh 3 wkts","Brunton Memorial Ground, Radlett",Radlett,NL Bainton; Rob White,"Hampshire defeated Middlesex by 3 wickets at Brunton Memorial Ground, Radlett (Radlett).",Cricsheet JSON v1.2.0 Open Data / ECB Official Scorecards
19,CCH_1227602,2020,2020,Bob Willis Trophy,Bob Willis Trophy,Central,Group Stage,2020-08-15,2020-08-15,2020-08-18,4,Glamorgan,Gloucestershire,Glamorgan,Gloucestershire,Gloucestershire,field,Glamorgan,Gloucestershire,Glamorgan,116/10 (59.3 ov),116,10,59.3 ov,Gloucestershire,181/10 (65.1 ov),181,10,65.1 ov,No,Glamorgan,197/8 (91.3 ov),197,8,91.3 ov,,,,,,494,28,Glamorgan 116/10 & 197/8 - Gloucestershire 181/10,Draw,Draw,None,Draw,,draw,,"Glamorgan: DA Douthwaite 30, WT Root 19, DA Payne 5 wkts, J Shaw 3 wkts | Gloucestershire: RF Higgins 48, TC Lace 42, GG Wagg 3 wkts, T van der Gugten 2 wkts | Glamorgan: CB Cooke 59, NJ Selman 55, DA Payne 3 wkts, MD Taylor 3 wkts","Sophia Gardens, Cardiff",Cardiff,ID Blackwell; JH Evans,"Match drawn between Glamorgan and Gloucestershire at Sophia Gardens, Cardiff (Cardiff).",Cricsheet JSON v1.2.0 Open Data / ECB Official Scorecards
20,CCH_1227603,2020,2020,Bob Willis Trophy,Bob Willis Trophy,Central,Group Stage,2020-08-15,2020-08-15,2020-08-18,4,Worcestershire,Northamptonshire,Northamptonshire,Worcestershire,Northamptonshire,field,Worcestershire,Northamptonshire,Worcestershire,219/10 (64.3 ov),219,10,64.3 ov,Northamptonshire,212/10 (61.5 ov),212,10,61.5 ov,No,Worcestershire,255/6d (86.4 ov),255,6,86.4 ov,Northamptonshire,184/10 (41.0 ov),184,10,41.0 ov,870,36,Worcestershire 219/10 & 255/6d - Northamptonshire 212/10 & 184/10,Win,Worcestershire,Northamptonshire,78 runs,78,runs,,"Worcestershire: MH Wessels 88, OB Cox 39, B Muzarabani 4 wkts, NL Buck 3 wkts | Northamptonshire: GK Berg 45, NL Buck 32, EG Barnard 4 wkts, JC Tongue 3 wkts | Worcestershire: TC Fell 110, EG Barnard 48, NL Buck 3 wkts, SA Zaib 2 wkts | Northamptonshire: AM Rossington 44, R Vasconcelos 31, DY Pennington 3 wkts, JC Tongue 3 wkts","County Ground, Northampton",Northampton,RJ Bailey; Rob White,"Worcestershire defeated Northamptonshire by 78 runs at County Ground, Northampton (Northampton).",Cricsheet JSON v1.2.0 Open Data / ECB Official Scorecards
21,CCH_1227604,2020,2020,Bob Willis Trophy,Bob Willis Trophy,Central,Group Stage,2020-08-15,2020-08-15,2020-08-18,4,Warwickshire,Somerset,Warwickshire,Somerset,Warwickshire,bat,Warwickshire,Somerset,Warwickshire,121/10 (46.1 ov),121,10,46.1 ov,Somerset,413/9d (99.1 ov),413,9,99.1 ov,No,Warwickshire,140/8 (57.1 ov),140,8,57.1 ov,,,,,,674,27,Warwickshire 121/10 & 140/8 - Somerset 413/9d,Draw,Draw,None,Draw,,draw,,"Warwickshire: TT Bresnan 32, MJ Lamb 22, TB Abell 3 wkts, C Overton 3 wkts | Somerset: SM Davies 123, J Overton 120, TT Bresnan 4 wkts, OJ Hannon-Dalby 4 wkts | Warwickshire: WMH Rhodes 41, AT Thomson 26, JH Davey 3 wkts, L Gregory 3 wkts","Edgbaston, Birmingham",Birmingham,RJ Warren; Tom Lungley,"Match drawn between Warwickshire and Somerset at Edgbaston, Birmingham (Birmingham).",Cricsheet JSON v1.2.0 Open Data / ECB Official Scorecards
22,CCH_1227605,2020,2020,Bob Willis Trophy,Bob Willis Trophy,North,Group Stage,2020-08-15,2020-08-15,2020-08-18,4,Durham,Leicestershire,Leicestershire,Durham,Leicestershire,field,Durham,Leicestershire,Durham,291/8d (89.4 ov),291,8,89.4 ov,Leicestershire,0/0 (0.0 ov),0,0,0.0 ov,No,Durham,0/0 (0.0 ov),0,0,0.0 ov,Leicestershire,208/3 (64.2 ov),208,3,64.2 ov,499,11,Durham 291/8d & 0/0 - Leicestershire 0/0 & 208/3,Draw,Draw,None,Draw,,draw,,"Durham: DG Bedingham 96, AZ Lees 64, GT Griffiths 3 wkts, TAI Taylor 2 wkts | Leicestershire: ST Evans 85, CN Ackermann 61, CT Steel 1 wkts, BA Carse 1 wkts","Grace Road, Leicester",Leicester,NA Mallender; NGB Cook,"Match drawn between Durham and Leicestershire at Grace Road, Leicester (Leicester).",Cricsheet JSON v1.2.0 Open Data / ECB Official Scorecards
23,CCH_1227606,2020,2020,Bob Willis Trophy,Bob Willis Trophy,North,Group Stage,2020-08-15,2020-08-15,2020-08-18,4,Nottinghamshire,Lancashire,Nottinghamshire,Lancashire,Lancashire,field,Nottinghamshire,Lancashire,Nottinghamshire,472/10 (121.1 ov),472,10,121.1 ov,Lancashire,173/10 (64.3 ov),173,10,64.3 ov,Yes,Lancashire,120/0 (40.1 ov),120,0,40.1 ov,,,,,,765,20,Nottinghamshire 472/10 - Lancashire 173/10 & 120/0,Draw,Draw,None,Draw,,draw,,"Nottinghamshire: BT Slater 142, BM Duckett 116, LS Livingstone 3 wkts, TE Bailey 3 wkts | Lancashire: SJ Croft 59, AL Davies 26, PD Trego 3 wkts, TE Barber 3 wkts | Lancashire: AL Davies 69, KK Jennings 37","Trent Bridge, Nottingham",Nottingham,PK Baldwin; RT Robinson,"Match drawn between Nottinghamshire and Lancashire at Trent Bridge, Nottingham (Nottingham).",Cricsheet JSON v1.2.0 Open Data / ECB Official Scorecards
24,CCH_1227607,2020,2020,Bob Willis Trophy,Bob Willis Trophy,North,Group Stage,2020-08-15,2020-08-15,2020-08-18,4,Yorkshire,Derbyshire,Yorkshire,Derbyshire,Derbyshire,field,Yorkshire,Derbyshire,Yorkshire,400/6d (102.1 ov),400,6,102.1 ov,Derbyshire,300/7d (108.0 ov),300,7,108.0 ov,No,,,,,,,,,,,700,13,Yorkshire 400/6d - Derbyshire 300/7d,Draw,Draw,None,Draw,,draw,,"Yorkshire: DJ Malan 219, JA Tattersall 66, MA Cohen 2 wkts, JL du Plooy 1 wkts | Derbyshire: Anuj Dal 78, MJJ Critchley 63, SA Patterson 3 wkts, DJ Leech 2 wkts","Headingley, Leeds",Leeds,James Middlebrook; PJ Hartley,"Match drawn between Yorkshire and Derbyshire at Headingley, Leeds (Leeds).",Cricsheet JSON v1.2.0 Open Data / ECB Official Scorecards
25,CCH_1227608,2020,2020,Bob Willis Trophy,Bob Willis Trophy,South,Group Stage,2020-08-15,2020-08-15,2020-08-18,4,Surrey,Hampshire,Sussex,Surrey,Surrey,bat,Surrey,Hampshire,Surrey,172/10 (49.1 ov),172,10,49.1 ov,Hampshire,298/10 (81.0 ov),298,10,81.0 ov,No,Surrey,74/10 (33.0 ov),74,10,33.0 ov,,,,,,544,30,Surrey 172/10 & 74/10 - Hampshire 298/10,Win,Hampshire,Surrey,innings and 52 runs,52,innings and runs,,"Surrey: LJ Evans 65, M Morkel 33, IG Holland 6 wkts, MS Crane 2 wkts | Hampshire: TP Alsop 87, SA Northeast 81, A Virdi 6 wkts, MP Dunn 3 wkts | Surrey: JL Smith 22, JJ Roy 14, JK Fuller 4 wkts, MS Crane 3 wkts",Arundel Castle Cricket Club Ground,Arundel,BJ Debenham; BV Taylor,Hampshire defeated Surrey by innings and 52 runs at Arundel Castle Cricket Club Ground (Arundel).,Cricsheet JSON v1.2.0 Open Data / ECB Official Scorecards
26,CCH_1227609,2020,2020,Bob Willis Trophy,Bob Willis Trophy,South,Group Stage,2020-08-15,2020-08-15,2020-08-18,4,Middlesex,Kent,Kent,Middlesex,Kent,field,Middlesex,Kent,Middlesex,269/10 (108.4 ov),269,10,108.4 ov,Kent,191/10 (65.0 ov),191,10,65.0 ov,No,Middlesex,169/1d (40.1 ov),169,1,40.1 ov,Kent,70/0 (14.0 ov),70,0,14.0 ov,699,21,Middlesex 269/10 & 169/1d - Kent 191/10 & 70/0,Draw,Draw,None,Draw,,draw,,"Middlesex: RG White 99, JAR Harris 41, DI Stevens 5 wkts, FJ Klaassen 4 wkts | Kent: JL Denly 89, SW Billings 20, ML Cummins 5 wkts, MK Andersson 2 wkts | Middlesex: SD Robson 82, MDE Holden 72, MK O'Riordan 1 wkts | Kent: MK O'Riordan 34, DJ Bell-Drummond 31","St Lawrence Ground, Canterbury",Canterbury,NL Bainton; NJ Llong,"Match drawn between Middlesex and Kent at St Lawrence Ground, Canterbury (Canterbury).",Cricsheet JSON v1.2.0 Open Data / ECB Official Scorecards
27,CCH_1227610,2020,2020,Bob Willis Trophy,Bob Willis Trophy,South,Group Stage,2020-08-15,2020-08-15,2020-08-18,4,Sussex,Essex,Sussex,Essex,Essex,field,Sussex,Essex,Sussex,194/10 (77.2 ov),194,10,77.2 ov,Essex,140/10 (56.2 ov),140,10,56.2 ov,No,Sussex,141/10 (56.5 ov),141,10,56.5 ov,Essex,199/7 (46.0 ov),199,7,46.0 ov,674,37,Sussex 194/10 & 141/10 - Essex 140/10 & 199/7,Win,Essex,Sussex,3 wickets,3,wickets,,"Sussex: PD Salt 57, AD Thomason 30, JA Porter 5 wkts, SR Harmer 3 wkts | Essex: PI Walter 33, AN Cook 20, GHS Garton 5 wkts, ME Claydon 2 wkts | Sussex: DMW Rawlins 40, HZ Finch 32, SR Harmer 5 wkts, JA Porter 3 wkts | Essex: DW Lawrence 60, PI Walter 27, GHS Garton 4 wkts, ME Claydon 2 wkts","County Ground, Hove",Brighton,IJ Gould; Mark Newell,"Essex defeated Sussex by 3 wickets at County Ground, Hove (Brighton).",Cricsheet JSON v1.2.0 Open Data / ECB Official Scorecards
28,CCH_1227611,2020,2020,Bob Willis Trophy,Bob Willis Trophy,Central,Group Stage,2020-08-22,2020-08-22,2020-08-25,4,Glamorgan,Northamptonshire,Northamptonshire,Glamorgan,Northamptonshire,field,Glamorgan,Northamptonshire,Glamorgan,259/10 (67.1 ov),259,10,67.1 ov,Northamptonshire,332/10 (109.0 ov),332,10,109.0 ov,No,Glamorgan,261/10 (54.1 ov),261,10,54.1 ov,Northamptonshire,192/4 (43.0 ov),192,4,43.0 ov,1044,34,Glamorgan 259/10 & 261/10 - Northamptonshire 332/10 & 192/4,Win,Northamptonshire,Glamorgan,6 wickets,6,wickets,,"Glamorgan: Callum Taylor 106, NJ Selman 42, CJ White 4 wkts, BA Hutton 4 wkts | Northamptonshire: CO Thurston 115, BJ Curran 82, M de Lange 4 wkts, T van der Gugten 3 wkts | Glamorgan: M de Lange 113, DA Douthwaite 86, CJ White 4 wkts, B Muzarabani 3 wkts | Northamptonshire: EN Gay 77, CO Thurston 64, DA Douthwaite 1 wkts, MG Hogan 1 wkts","County Ground, Northampton",Northampton,Chris Watts; RJ Warren,"Northamptonshire defeated Glamorgan by 6 wickets at County Ground, Northampton (Northampton).",Cricsheet JSON v1.2.0 Open Data / ECB Official Scorecards
29,CCH_1227612,2020,2020,Bob Willis Trophy,Bob Willis Trophy,Central,Group Stage,2020-08-22,2020-08-22,2020-08-25,4,Somerset,Gloucestershire,Somerset,Gloucestershire,Gloucestershire,field,Somerset,Gloucestershire,Somerset,237/10 (72.4 ov),237,10,72.4 ov,Gloucestershire,76/10 (38.3 ov),76,10,38.3 ov,No,Somerset,223/1d (54.5 ov),223,1,54.5 ov,Gloucestershire,70/10 (35.4 ov),70,10,35.4 ov,606,31,Somerset 237/10 & 223/1d - Gloucestershire 76/10 & 70/10,Win,Somerset,Gloucestershire,314 runs,314,runs,,"Somerset: GA Bartlett 100, C Overton 32, DA Payne 4 wkts, RF Higgins 4 wkts | Gloucestershire: TC Lace 21, RF Higgins 15, C Overton 4 wkts, JH Davey 3 wkts | Somerset: TA Lammonby 101, TB Abell 101, DA Payne 1 wkts | Gloucestershire: RF Higgins 21, GL van Buuren 15, C Overton 5 wkts, JH Davey 4 wkts","The Cooper Associates County Ground, Taunton",Taunton,ID Blackwell; PK Baldwin,"Somerset defeated Gloucestershire by 314 runs at The Cooper Associates County Ground, Taunton (Taunton).",Cricsheet JSON v1.2.0 Open Data / ECB Official Scorecards
30,CCH_1227613,2020,2020,Bob Willis Trophy,Bob Willis Trophy,Central,Group Stage,2020-08-22,2020-08-22,2020-08-25,4,Warwickshire,Worcestershire,Worcestershire,Warwickshire,Worcestershire,field,Warwickshire,Worcestershire,Warwickshire,355/9d (119.4 ov),355,9,119.4 ov,Worcestershire,410/7 (120.4 ov),410,7,120.4 ov,No,Warwickshire,68/0 (23.2 ov),68,0,23.2 ov,,,,,,833,16,Warwickshire 355/9d & 68/0 - Worcestershire 410/7,Draw,Draw,None,Draw,,draw,,"Warwickshire: WMH Rhodes 207, SR Hain 55, CAJ Morris 5 wkts, EG Barnard 2 wkts | Worcestershire: DKH Mitchell 110, JD Libby 84, OJ Hannon-Dalby 3 wkts, WMH Rhodes 1 wkts | Warwickshire: WMH Rhodes 42, RM Yates 21","County Ground, New Road, Worcester",Worcester,JW Lloyds; RJ Bailey,"Match drawn between Warwickshire and Worcestershire at County Ground, New Road, Worcester (Worcester).",Cricsheet JSON v1.2.0 Open Data / ECB Official Scorecards
31,CCH_1227614,2020,2020,Bob Willis Trophy,Bob Willis Trophy,North,Group Stage,2020-08-22,2020-08-22,2020-08-25,4,Durham,Derbyshire,Durham,Derbyshire,Derbyshire,field,Durham,Derbyshire,Durham,337/9d (114.1 ov),337,9,114.1 ov,Derbyshire,355/4 (98.5 ov),355,4,98.5 ov,No,,,,,,,,,,,692,13,Durham 337/9d - Derbyshire 355/4,Draw,Draw,None,Draw,,draw,,"Durham: P Coughlin 90, AZ Lees 84, MJJ Critchley 4 wkts, LM Reece 2 wkts | Derbyshire: LM Reece 122, WL Madsen 52, MET Salisbury 1 wkts, MJ Potts 1 wkts","Riverside Ground, Chester-le-Street",Chester-le-Street,N Pratt; SJ O'Shaughnessy,"Match drawn between Durham and Derbyshire at Riverside Ground, Chester-le-Street (Chester-le-Street).",Cricsheet JSON v1.2.0 Open Data / ECB Official Scorecards
32,CCH_1227615,2020,2020,Bob Willis Trophy,Bob Willis Trophy,North,Group Stage,2020-08-22,2020-08-22,2020-08-25,4,Leicestershire,Nottinghamshire,Leicestershire,Nottinghamshire,Nottinghamshire,field,Leicestershire,Nottinghamshire,Leicestershire,222/10 (74.2 ov),222,10,74.2 ov,Nottinghamshire,343/8d (101.3 ov),343,8,101.3 ov,No,Leicestershire,237/4 (91.3 ov),237,4,91.3 ov,,,,,,802,22,Leicestershire 222/10 & 237/4 - Nottinghamshire 343/8d,Draw,Draw,None,Draw,,draw,,"Leicestershire: TAI Taylor 57, BWM Mike 51, PD Trego 3 wkts, SR Patel 2 wkts | Nottinghamshire: H Hameed 87, BT Slater 86, BWM Mike 3 wkts, GT Griffiths 2 wkts | Leicestershire: CN Ackermann 65, HJ Swindells 52, PD Trego 2 wkts, SR Patel 1 wkts","Grace Road, Leicester",Leicester,Hassan Adnan; NGB Cook,"Match drawn between Leicestershire and Nottinghamshire at Grace Road, Leicester (Leicester).",Cricsheet JSON v1.2.0 Open Data / ECB Official Scorecards
33,CCH_1227616,2020,2020,Bob Willis Trophy,Bob Willis Trophy,North,Group Stage,2020-08-22,2020-08-22,2020-08-25,4,Yorkshire,Lancashire,Yorkshire,Lancashire,Yorkshire,bat,Yorkshire,Lancashire,Yorkshire,260/10 (93.4 ov),260,10,93.4 ov,Lancashire,195/5 (69.5 ov),195,5,69.5 ov,No,,,,,,,,,,,455,15,Yorkshire 260/10 - Lancashire 195/5,Draw,Draw,None,Draw,,draw,,"Yorkshire: A Lyth 103, GCH Hill 29, DJ Lamb 4 wkts, TE Bailey 2 wkts | Lancashire: AL Davies 73, DJ Vilas 41, A Lyth 1 wkts, SA Patterson 1 wkts","Headingley, Leeds",Leeds,James Middlebrook; PJ Hartley,"Match drawn between Yorkshire and Lancashire at Headingley, Leeds (Leeds).",Cricsheet JSON v1.2.0 Open Data / ECB Official Scorecards
34,CCH_1227617,2020,2020,Bob Willis Trophy,Bob Willis Trophy,South,Group Stage,2020-08-22,2020-08-22,2020-08-25,4,Essex,Hampshire,Sussex,Essex,Hampshire,field,Essex,,Essex,249/3 (78.1 ov),249,3,78.1 ov,,,,,,No,,,,,,,,,,,249,3,Essex 249/3,Draw,Draw,None,Draw,,draw,,"Essex: AN Cook 129, PI Walter 43, IG Holland 1 wkts, RA Stevenson 1 wkts",Arundel Castle Cricket Club Ground,Arundel,BV Taylor; IJ Gould,Match drawn between Essex and Hampshire at Arundel Castle Cricket Club Ground (Arundel).,Cricsheet JSON v1.2.0 Open Data / ECB Official Scorecards
35,CCH_1227618,2020,2020,Bob Willis Trophy,Bob Willis Trophy,South,Group Stage,2020-08-22,2020-08-22,2020-08-24,3,Sussex,Middlesex,Sussex,Middlesex,Sussex,bat,Sussex,Middlesex,Sussex,293/10 (89.0 ov),293,10,89.0 ov,Middlesex,203/10 (69.2 ov),203,10,69.2 ov,No,Sussex,102/10 (36.0 ov),102,10,36.0 ov,Middlesex,193/5 (55.2 ov),193,5,55.2 ov,791,35,Sussex 293/10 & 102/10 - Middlesex 203/10 & 193/5,Win,Middlesex,Sussex,5 wickets,5,wickets,,"Sussex: HZ Finch 69, DMW Rawlins 46, MK Andersson 4 wkts, TJ Murtagh 2 wkts | Middlesex: JA Simpson 48, BC Cullen 34, JJ Carson 4 wkts, ME Claydon 3 wkts | Sussex: BC Brown 45, DMW Rawlins 33, TJ Murtagh 5 wkts, MK Andersson 3 wkts | Middlesex: RG White 35, JA Simpson 32, OE Robinson 4 wkts, TJ Haines 1 wkts","Brunton Memorial Ground, Radlett",Radlett,BJ Debenham; RT Robinson,"Middlesex defeated Sussex by 5 wickets at Brunton Memorial Ground, Radlett (Radlett).",Cricsheet JSON v1.2.0 Open Data / ECB Official Scorecards
36,CCH_1227619,2020,2020,Bob Willis Trophy,Bob Willis Trophy,South,Group Stage,2020-08-22,2020-08-22,2020-08-25,4,Kent,Surrey,Surrey,Kent,Surrey,field,Kent,Surrey,Kent,342/10 (103.5 ov),342,10,103.5 ov,Surrey,278/10 (92.3 ov),278,10,92.3 ov,No,Kent,127/10 (47.1 ov),127,10,47.1 ov,Surrey,174/10 (49.1 ov),174,10,49.1 ov,921,40,Kent 342/10 & 127/10 - Surrey 278/10 & 174/10,Win,Kent,Surrey,17 runs,17,runs,,"Kent: G Stewart 58, HW Podmore 47, AW Finch 4 wkts, SM Curran 3 wkts | Surrey: BT Foakes 118, R Clarke 30, DI Stevens 3 wkts, ME Milnes 3 wkts | Kent: JM Cox 32, G Stewart 22, R Clarke 5 wkts, SM Curran 4 wkts | Surrey: BT Foakes 57, LJ Evans 42, DI Stevens 4 wkts, ME Milnes 4 wkts","Kennington Oval, London",London,NL Bainton; NJ Llong,"Kent defeated Surrey by 17 runs at Kennington Oval, London (London).",Cricsheet JSON v1.2.0 Open Data / ECB Official Scorecards
37,CCH_1227620,2020,2020,Bob Willis Trophy,Bob Willis Trophy,Central,Group Stage,2020-09-06,2020-09-06,2020-09-09,4,Warwickshire,Glamorgan,Glamorgan,Warwickshire,Glamorgan,field,Warwickshire,Glamorgan,Warwickshire,186/10 (66.4 ov),186,10,66.4 ov,Glamorgan,203/10 (69.0 ov),203,10,69.0 ov,No,Warwickshire,347/7d (89.1 ov),347,7,89.1 ov,Glamorgan,265/9 (95.4 ov),265,9,95.4 ov,1001,36,Warwickshire 186/10 & 347/7d - Glamorgan 203/10 & 265/9,Draw,Draw,None,Draw,,draw,,"Warwickshire: IR Bell 50, DR Mousley 31, DA Douthwaite 3 wkts, T van der Gugten 3 wkts | Glamorgan: WT Root 51, AO Morgan 28, WMH Rhodes 4 wkts, LC Norwell 4 wkts | Warwickshire: IR Bell 90, DR Mousley 71, DA Douthwaite 2 wkts, T van der Gugten 2 wkts | Glamorgan: NJ Selman 73, CB Cooke 32, OJ Hannon-Dalby 4 wkts, RN Sidebottom 3 wkts","Sophia Gardens, Cardiff",Cardiff,JH Evans; Rob White,"Match drawn between Warwickshire and Glamorgan at Sophia Gardens, Cardiff (Cardiff).",Cricsheet JSON v1.2.0 Open Data / ECB Official Scorecards
38,CCH_1227621,2020,2020,Bob Willis Trophy,Bob Willis Trophy,Central,Group Stage,2020-09-06,2020-09-06,2020-09-09,4,Gloucestershire,Northamptonshire,Gloucestershire,Northamptonshire,Northamptonshire,field,Gloucestershire,,Gloucestershire,66/6 (29.5 ov),66,6,29.5 ov,,,,,,No,,,,,,,,,,,66,6,Gloucestershire 66/6,Draw,Draw,None,Draw,,draw,,"Gloucestershire: GL van Buuren 22, RF Higgins 13, CJ White 2 wkts, SC Kerrigan 1 wkts","County Ground, Bristol",Bristol,ID Blackwell; JW Lloyds,"Match drawn between Gloucestershire and Northamptonshire at County Ground, Bristol (Bristol).",Cricsheet JSON v1.2.0 Open Data / ECB Official Scorecards
39,CCH_1227622,2020,2020,Bob Willis Trophy,Bob Willis Trophy,Central,Group Stage,2020-09-06,2020-09-06,2020-09-09,4,Somerset,Worcestershire,Worcestershire,Somerset,Somerset,bat,Somerset,Worcestershire,Somerset,251/10 (83.1 ov),251,10,83.1 ov,Worcestershire,200/10 (62.2 ov),200,10,62.2 ov,No,Somerset,193/10 (70.4 ov),193,10,70.4 ov,Worcestershire,184/10 (71.3 ov),184,10,71.3 ov,828,40,Somerset 251/10 & 193/10 - Worcestershire 200/10 & 184/10,Win,Somerset,Worcestershire,60 runs,60,runs,,"Somerset: TB Abell 59, L Gregory 37, DY Pennington 3 wkts, EG Barnard 3 wkts | Worcestershire: JD Libby 58, MH Wessels 32, JH Davey 3 wkts, C Overton 3 wkts | Somerset: TA Lammonby 107, JH Davey 21, EG Barnard 4 wkts, J Leach 2 wkts | Worcestershire: OB Cox 32, JA Haynes 30, JH Davey 3 wkts, L Gregory 3 wkts","County Ground, New Road, Worcester",Worcester,NA Mallender; RJ Bailey,"Somerset defeated Worcestershire by 60 runs at County Ground, New Road, Worcester (Worcester).",Cricsheet JSON v1.2.0 Open Data / ECB Official Scorecards
40,CCH_1227623,2020,2020,Bob Willis Trophy,Bob Willis Trophy,North,Group Stage,2020-09-06,2020-09-06,2020-09-09,4,Lancashire,Derbyshire,Lancashire,Derbyshire,Lancashire,bat,Lancashire,Derbyshire,Lancashire,219/10 (102.0 ov),219,10,102.0 ov,Derbyshire,195/10 (94.1 ov),195,10,94.1 ov,No,Lancashire,356/6d (73.2 ov),356,6,73.2 ov,Derbyshire,202/10 (90.4 ov),202,10,90.4 ov,972,36,Lancashire 219/10 & 356/6d - Derbyshire 195/10 & 202/10,Win,Lancashire,Derbyshire,178 runs,178,runs,,"Lancashire: JJ Bohannon 94, GP Balderson 36, DR Melton 3 wkts, LM Reece 3 wkts | Derbyshire: HR Hosein 84, MH McKiernan 31, DJ Lamb 4 wkts, GP Balderson 3 wkts | Lancashire: AL Davies 86, KK Jennings 81, MJJ Critchley 4 wkts, LM Reece 2 wkts | Derbyshire: LM Reece 69, MH McKiernan 52, JP Morley 4 wkts, DJ Lamb 3 wkts","Aigburth, Liverpool",Liverpool,GD Lloyd; SJ O'Shaughnessy,"Lancashire defeated Derbyshire by 178 runs at Aigburth, Liverpool (Liverpool).",Cricsheet JSON v1.2.0 Open Data / ECB Official Scorecards
41,CCH_1227624,2020,2020,Bob Willis Trophy,Bob Willis Trophy,North,Group Stage,2020-09-06,2020-09-06,2020-09-09,4,Durham,Nottinghamshire,Nottinghamshire,Durham,Durham,bat,Durham,Nottinghamshire,Durham,294/10 (103.3 ov),294,10,103.3 ov,Nottinghamshire,422/10 (102.2 ov),422,10,102.2 ov,No,Durham,329/10 (140.3 ov),329,10,140.3 ov,Nottinghamshire,82/1 (9.3 ov),82,1,9.3 ov,1127,31,Durham 294/10 & 329/10 - Nottinghamshire 422/10 & 82/1,Draw,Draw,None,Draw,,draw,,"Durham: GJ Harte 72, SW Poynter 50, ZJ Chappell 4 wkts, M Carter 3 wkts | Nottinghamshire: BM Duckett 150, JM Clarke 133, C Rushworth 7 wkts, BA Carse 2 wkts | Durham: MA Jones 82, SR Dickson 56, SR Patel 4 wkts, PD Trego 3 wkts | Nottinghamshire: BM Duckett 36, PD Trego 34, BA Raine 1 wkts","Trent Bridge, Nottingham",Nottingham,IN Ramage; NGB Cook,"Match drawn between Durham and Nottinghamshire at Trent Bridge, Nottingham (Nottingham).",Cricsheet JSON v1.2.0 Open Data / ECB Official Scorecards
42,CCH_1227625,2020,2020,Bob Willis Trophy,Bob Willis Trophy,North,Group Stage,2020-09-06,2020-09-06,2020-09-09,4,Leicestershire,Yorkshire,Yorkshire,Leicestershire,Yorkshire,field,Leicestershire,Yorkshire,Leicestershire,124/10 (48.3 ov),124,10,48.3 ov,Yorkshire,252/10 (70.1 ov),252,10,70.1 ov,No,Leicestershire,161/10 (51.3 ov),161,10,51.3 ov,Yorkshire,37/0 (6.2 ov),37,0,6.2 ov,574,30,Leicestershire 124/10 & 161/10 - Yorkshire 252/10 & 37/0,Win,Yorkshire,Leicestershire,10 wickets,10,wickets,,"Leicestershire: HJ Swindells 36, HE Dearden 20, BO Coad 5 wkts, MD Fisher 3 wkts | Yorkshire: JA Tattersall 71, JA Thompson 62, AM Lilley 3 wkts, D Klein 3 wkts | Leicestershire: CN Ackermann 47, D Klein 27, JA Thompson 5 wkts, BO Coad 3 wkts | Yorkshire: T Kohler-Cadmore 23, A Lyth 14","Headingley, Leeds",Leeds,James Middlebrook; PJ Hartley,"Yorkshire defeated Leicestershire by 10 wickets at Headingley, Leeds (Leeds).",Cricsheet JSON v1.2.0 Open Data / ECB Official Scorecards
43,CCH_1227626,2020,2020,Bob Willis Trophy,Bob Willis Trophy,South,Group Stage,2020-09-06,2020-09-06,2020-09-08,3,Middlesex,Essex,Essex,Middlesex,Middlesex,bat,Middlesex,Essex,Middlesex,138/10 (53.5 ov),138,10,53.5 ov,Essex,236/10 (73.3 ov),236,10,73.3 ov,No,Middlesex,150/10 (69.5 ov),150,10,69.5 ov,Essex,53/1 (13.5 ov),53,1,13.5 ov,577,31,Middlesex 138/10 & 150/10 - Essex 236/10 & 53/1,Win,Essex,Middlesex,9 wickets,9,wickets,,"Middlesex: JAR Harris 34, SD Robson 15, SJ Cook 4 wkts, SR Harmer 3 wkts | Essex: AJA Wheater 83, PI Walter 43, MK Andersson 4 wkts, TJ Murtagh 3 wkts | Middlesex: MDE Holden 37, JA Simpson 26, Aaron Beard 4 wkts, SJ Cook 3 wkts | Essex: AN Cook 21, PI Walter 20, TJ Murtagh 1 wkts","County Ground, Chelmsford",Chelmsford,PR Pollard; RJ Warren,"Essex defeated Middlesex by 9 wickets at County Ground, Chelmsford (Chelmsford).",Cricsheet JSON v1.2.0 Open Data / ECB Official Scorecards
44,CCH_1227627,2020,2020,Bob Willis Trophy,Bob Willis Trophy,South,Group Stage,2020-09-06,2020-09-06,2020-09-08,3,Hampshire,Kent,Kent,Hampshire,Kent,field,Hampshire,Kent,Hampshire,191/10 (75.2 ov),191,10,75.2 ov,Kent,170/10 (61.2 ov),170,10,61.2 ov,No,Hampshire,159/10 (64.2 ov),159,10,64.2 ov,Kent,185/3 (42.1 ov),185,3,42.1 ov,705,33,Hampshire 191/10 & 159/10 - Kent 170/10 & 185/3,Win,Kent,Hampshire,7 wickets,7,wickets,,"Hampshire: IG Holland 42, SW Currie 38, DI Stevens 5 wkts, ME Milnes 3 wkts | Kent: MK O'Riordan 37, HG Kuhn 34, SW Currie 3 wkts, IG Holland 2 wkts | Hampshire: TAR Scriven 68, LD McManus 50, HW Podmore 5 wkts, DI Stevens 4 wkts | Kent: Z Crawley 105, MK O'Riordan 52, AS Dale 1 wkts, MS Crane 1 wkts","St Lawrence Ground, Canterbury",Canterbury,BV Taylor; NJ Llong,"Kent defeated Hampshire by 7 wickets at St Lawrence Ground, Canterbury (Canterbury).",Cricsheet JSON v1.2.0 Open Data / ECB Official Scorecards
45,CCH_1227628,2020,2020,Bob Willis Trophy,Bob Willis Trophy,South,Group Stage,2020-09-06,2020-09-06,2020-09-09,4,Sussex,Surrey,Surrey,Sussex,Sussex,bat,Sussex,Surrey,Sussex,415/10 (119.2 ov),415,10,119.2 ov,Surrey,388/10 (114.2 ov),388,10,114.2 ov,No,Sussex,128/10 (38.2 ov),128,10,38.2 ov,Surrey,157/4 (44.5 ov),157,4,44.5 ov,1088,34,Sussex 415/10 & 128/10 - Surrey 388/10 & 157/4,Win,Surrey,Sussex,6 wickets,6,wickets,,"Sussex: TJ Haines 117, DMW Rawlins 65, D Moriarty 5 wkts, A Virdi 3 wkts | Surrey: RJ Burns 103, WG Jacks 84, JJ Carson 5 wkts, HT Crocombe 2 wkts | Sussex: SC Meaker 42, HZ Finch 13, D Moriarty 6 wkts, A Virdi 4 wkts | Surrey: RJ Burns 52, JL Smith 33, JM Coles 2 wkts, JJ Carson 1 wkts","Kennington Oval, London",London,BJ Debenham; NL Bainton,"Surrey defeated Sussex by 6 wickets at Kennington Oval, London (London).",Cricsheet JSON v1.2.0 Open Data / ECB Official Scorecards
46,CCH_1230247,2020,2020,Bob Willis Trophy,Final,Final,Group Stage,2020-09-23,2020-09-23,2020-09-27,5,Somerset,Essex,Middlesex,Somerset,Essex,field,Somerset,Essex,Somerset,301/10 (102.1 ov),301,10,102.1 ov,Essex,337/8 (120.5 ov),337,8,120.5 ov,No,Somerset,272/7d (76.1 ov),272,7,76.1 ov,Essex,179/6 (81.1 ov),179,6,81.1 ov,1089,31,Somerset 301/10 & 272/7d - Essex 337/8 & 179/6,Draw,Draw,None,Draw,,draw,,"Somerset: EJ Byrom 117, C Overton 66, SJ Cook 5 wkts, SR Harmer 2 wkts | Essex: AN Cook 172, T Westley 51, L Gregory 6 wkts, TA Lammonby 1 wkts | Somerset: TA Lammonby 116, C Overton 45, JA Porter 4 wkts, SR Harmer 2 wkts | Essex: RN ten Doeschate 46, DW Lawrence 35, MJ Leach 3 wkts, L Gregory 2 wkts","Lord's, London",London,RJ Bailey; RJ Warren,"Match drawn between Somerset and Essex at Lord's, London (London).",Cricsheet JSON v1.2.0 Open Data / ECB Official Scorecards
