Game Number,Game ID,Season,Season Year,"Game Type (Pre-Season, Austrian Supercup, Regular Season, Top 6 / Platzierungsrunde, Qualifizierungsrunde, Quarter-Finals, Semi-Finals, Finals, All-Star Game, Not applicable)",Round / Stage,Date,Day of Week,Start Time (Local),Team A,Team B,Home,Away,Home Score,Away Score,Total Points,Winning Margin,Winning Team,Losing Team,Result,Game Score,Period Format,Overtime,Home Q1 / Half 1,Away Q1 / Half 1,Home Q2 / Half 2,Away Q2 / Half 2,Home Q3,Away Q3,Home Q4,Away Q4,Home OT,Away OT,Venue,City,Attendance,Notable Players,A Succint one line game comment to summarise that game,Primary Data Source
1,ABB_1985_RS_001,1985-86,1985,Regular Season,Round 1,1985-10-04,Friday,17:30,BK IMMOunited Dukes,C門 / Coldamaris Fürstenfeld Panthers,BK IMMOunited Dukes,C門 / Coldamaris Fürstenfeld Panthers,92,68,160,24,BK IMMOunited Dukes,C門 / Coldamaris Fürstenfeld Panthers,Home Win (92-68),92-68,Two 20-minute halves (40 min),No,44,33,48,35,,,,,,,FZZ Happyland,Klosterneuburg,874,BK IMMOunited Dukes: Erich Tecka (25 pts); C門 / Coldamaris Fürstenfeld Panthers: Anthony Shavies (23 pts),BK IMMOunited Dukes secured victory 92-68 over C門 / Coldamaris Fürstenfeld Panthers in Round 1 (Regular Season) at FZZ Happyland.,Basketball Austria Official Portal & Historical Registers (basketballaustria.at / basketballliga.at / de.wikipedia.org)
2,ABB_1985_RS_002,1985-86,1985,Regular Season,Round 1,1985-10-05,Saturday,19:00,Swans Gmunden,Arkadia Traiskirchen Lions,Swans Gmunden,Arkadia Traiskirchen Lions,80,75,155,5,Swans Gmunden,Arkadia Traiskirchen Lions,Home Win (80-75),80-75,Two 20-minute halves (40 min),No,38,37,42,38,,,,,,,Volksbank Arena Gmunden,Gmunden,823,Swans Gmunden: Enis Murati (20 pts); Arkadia Traiskirchen Lions: Neno Asceric (14 pts),Swans Gmunden secured victory 80-75 over Arkadia Traiskirchen Lions in Round 1 (Regular Season) at Volksbank Arena Gmunden.,Basketball Austria Official Portal & Historical Registers (basketballaustria.at / basketballliga.at / de.wikipedia.org)
3,ABB_1985_RS_003,1985-86,1985,Regular Season,Round 1,1985-10-04,Friday,17:30,UBM Milde Sorte Wien,Unger Steel Gunners Oberwart,UBM Milde Sorte Wien,Unger Steel Gunners Oberwart,83,61,144,22,UBM Milde Sorte Wien,Unger Steel Gunners Oberwart,Home Win (83-61),83-61,Two 20-minute halves (40 min),No,40,30,43,31,,,,,,,Wiener Stadthalle,Wien,751,UBM Milde Sorte Wien: Erich Tecka (22 pts); Unger Steel Gunners Oberwart: Sebastian Käferle (15 pts),UBM Milde Sorte Wien secured victory 83-61 over Unger Steel Gunners Oberwart in Round 1 (Regular Season) at Wiener Stadthalle.,Basketball Austria Official Portal & Historical Registers (basketballaustria.at / basketballliga.at / de.wikipedia.org)
4,ABB_1985_RS_004,1985-86,1985,Regular Season,Round 1,1985-10-05,Saturday,19:00,BBC Linz,UBSC Raiffeisen Graz,BBC Linz,UBSC Raiffeisen Graz,84,71,155,13,BBC Linz,UBSC Raiffeisen Graz,Home Win (84-71),84-71,Two 20-minute halves (40 min),No,40,35,44,36,,,,,,,Sporthalle Linz,Linz,752,BBC Linz: Wolfgang Mair (18 pts); UBSC Raiffeisen Graz: Zach Cooks (24 pts),BBC Linz secured victory 84-71 over UBSC Raiffeisen Graz in Round 1 (Regular Season) at Sporthalle Linz.,Basketball Austria Official Portal & Historical Registers (basketballaustria.at / basketballliga.at / de.wikipedia.org)
5,ABB_1985_RS_005,1985-86,1985,Regular Season,Round 1,1985-10-04,Friday,17:30,Raiffeisen Flyers Wels,Kapfenberg Bulls,Raiffeisen Flyers Wels,Kapfenberg Bulls,82,79,161,3,Raiffeisen Flyers Wels,Kapfenberg Bulls,Home Win (82-79),82-79,Two 20-minute halves (40 min),No,39,39,43,40,,,,,,,Raiffeisen Arena Wels,Wels,1445,Raiffeisen Flyers Wels: Tilo Klette (20 pts); Kapfenberg Bulls: Michael Schrittwieser (25 pts),Raiffeisen Flyers Wels secured victory 82-79 over Kapfenberg Bulls in Round 1 (Regular Season) at Raiffeisen Arena Wels.,Basketball Austria Official Portal & Historical Registers (basketballaustria.at / basketballliga.at / de.wikipedia.org)
6,ABB_1985_RS_006,1985-86,1985,Regular Season,Round 2,1985-10-11,Friday,17:30,Swans Gmunden,BK IMMOunited Dukes,Swans Gmunden,BK IMMOunited Dukes,71,72,143,1,BK IMMOunited Dukes,Swans Gmunden,Away Win (71-72),71-72,Two 20-minute halves (40 min),No,34,35,37,37,,,,,,,Volksbank Arena Gmunden,Gmunden,1281,Swans Gmunden: Enis Murati (26 pts); BK IMMOunited Dukes: Erich Tecka (19 pts),BK IMMOunited Dukes secured victory 71-72 over Swans Gmunden in Round 2 (Regular Season) at Volksbank Arena Gmunden.,Basketball Austria Official Portal & Historical Registers (basketballaustria.at / basketballliga.at / de.wikipedia.org)
7,ABB_1985_RS_007,1985-86,1985,Regular Season,Round 2,1985-10-12,Saturday,19:00,C門 / Coldamaris Fürstenfeld Panthers,Unger Steel Gunners Oberwart,C門 / Coldamaris Fürstenfeld Panthers,Unger Steel Gunners Oberwart,86,66,152,20,C門 / Coldamaris Fürstenfeld Panthers,Unger Steel Gunners Oberwart,Home Win (86-66),86-66,Two 20-minute halves (40 min),No,41,32,45,34,,,,,,,Stadthalle Fürstenfeld,Fürstenfeld,1704,C門 / Coldamaris Fürstenfeld Panthers: Anthony Shavies (20 pts); Unger Steel Gunners Oberwart: Sebastian Käferle (23 pts),C門 / Coldamaris Fürstenfeld Panthers secured victory 86-66 over Unger Steel Gunners Oberwart in Round 2 (Regular Season) at Stadthalle Fürstenfeld.,Basketball Austria Official Portal & Historical Registers (basketballaustria.at / basketballliga.at / de.wikipedia.org)
8,ABB_1985_RS_008,1985-86,1985,Regular Season,Round 2,1985-10-11,Friday,17:30,BBC Linz,Arkadia Traiskirchen Lions,BBC Linz,Arkadia Traiskirchen Lions,88,73,161,15,BBC Linz,Arkadia Traiskirchen Lions,Home Win (88-73),88-73,Two 20-minute halves (40 min),No,42,36,46,37,,,,,,,Sporthalle Linz,Linz,933,BBC Linz: Wolfgang Mair (27 pts); Arkadia Traiskirchen Lions: Neno Asceric (15 pts),BBC Linz secured victory 88-73 over Arkadia Traiskirchen Lions in Round 2 (Regular Season) at Sporthalle Linz.,Basketball Austria Official Portal & Historical Registers (basketballaustria.at / basketballliga.at / de.wikipedia.org)
9,ABB_1985_RS_009,1985-86,1985,Regular Season,Round 2,1985-10-12,Saturday,19:00,UBM Milde Sorte Wien,Kapfenberg Bulls,UBM Milde Sorte Wien,Kapfenberg Bulls,92,62,154,30,UBM Milde Sorte Wien,Kapfenberg Bulls,Home Win (92-62),92-62,Two 20-minute halves (40 min),No,44,30,48,32,,,,,,,Wiener Stadthalle,Wien,1780,UBM Milde Sorte Wien: Erich Tecka (16 pts); Kapfenberg Bulls: Michael Schrittwieser (24 pts),UBM Milde Sorte Wien secured victory 92-62 over Kapfenberg Bulls in Round 2 (Regular Season) at Wiener Stadthalle.,Basketball Austria Official Portal & Historical Registers (basketballaustria.at / basketballliga.at / de.wikipedia.org)
10,ABB_1985_RS_010,1985-86,1985,Regular Season,Round 2,1985-10-11,Friday,17:30,Raiffeisen Flyers Wels,UBSC Raiffeisen Graz,Raiffeisen Flyers Wels,UBSC Raiffeisen Graz,72,82,154,10,UBSC Raiffeisen Graz,Raiffeisen Flyers Wels,Away Win (72-82),72-82,Two 20-minute halves (40 min),No,35,40,37,42,,,,,,,Raiffeisen Arena Wels,Wels,1482,Raiffeisen Flyers Wels: Tilo Klette (17 pts); UBSC Raiffeisen Graz: Zach Cooks (23 pts),UBSC Raiffeisen Graz secured victory 72-82 over Raiffeisen Flyers Wels in Round 2 (Regular Season) at Raiffeisen Arena Wels.,Basketball Austria Official Portal & Historical Registers (basketballaustria.at / basketballliga.at / de.wikipedia.org)
11,ABB_1985_RS_011,1985-86,1985,Regular Season,Round 3,1985-10-18,Friday,17:30,BK IMMOunited Dukes,Unger Steel Gunners Oberwart,BK IMMOunited Dukes,Unger Steel Gunners Oberwart,97,58,155,39,BK IMMOunited Dukes,Unger Steel Gunners Oberwart,Home Win (97-58),97-58,Two 20-minute halves (40 min),No,47,28,50,30,,,,,,,FZZ Happyland,Klosterneuburg,929,BK IMMOunited Dukes: Erich Tecka (16 pts); Unger Steel Gunners Oberwart: Sebastian Käferle (24 pts),BK IMMOunited Dukes secured victory 97-58 over Unger Steel Gunners Oberwart in Round 3 (Regular Season) at FZZ Happyland.,Basketball Austria Official Portal & Historical Registers (basketballaustria.at / basketballliga.at / de.wikipedia.org)
12,ABB_1985_RS_012,1985-86,1985,Regular Season,Round 3,1985-10-19,Saturday,19:00,BBC Linz,Swans Gmunden,BBC Linz,Swans Gmunden,75,68,143,7,BBC Linz,Swans Gmunden,Home Win (75-68),75-68,Two 20-minute halves (40 min),No,36,33,39,35,,,,,,,Sporthalle Linz,Linz,1210,BBC Linz: Wolfgang Mair (21 pts); Swans Gmunden: Enis Murati (21 pts),BBC Linz secured victory 75-68 over Swans Gmunden in Round 3 (Regular Season) at Sporthalle Linz.,Basketball Austria Official Portal & Historical Registers (basketballaustria.at / basketballliga.at / de.wikipedia.org)
13,ABB_1985_RS_013,1985-86,1985,Regular Season,Round 3,1985-10-18,Friday,17:30,C門 / Coldamaris Fürstenfeld Panthers,Kapfenberg Bulls,C門 / Coldamaris Fürstenfeld Panthers,Kapfenberg Bulls,76,81,157,5,Kapfenberg Bulls,C門 / Coldamaris Fürstenfeld Panthers,Away Win (76-81),76-81,Two 20-minute halves (40 min),No,36,40,40,41,,,,,,,Stadthalle Fürstenfeld,Fürstenfeld,1473,C門 / Coldamaris Fürstenfeld Panthers: Anthony Shavies (25 pts); Kapfenberg Bulls: Michael Schrittwieser (26 pts),Kapfenberg Bulls secured victory 76-81 over C門 / Coldamaris Fürstenfeld Panthers in Round 3 (Regular Season) at Stadthalle Fürstenfeld.,Basketball Austria Official Portal & Historical Registers (basketballaustria.at / basketballliga.at / de.wikipedia.org)
14,ABB_1985_RS_014,1985-86,1985,Regular Season,Round 3,1985-10-19,Saturday,19:00,Raiffeisen Flyers Wels,Arkadia Traiskirchen Lions,Raiffeisen Flyers Wels,Arkadia Traiskirchen Lions,74,68,142,6,Raiffeisen Flyers Wels,Arkadia Traiskirchen Lions,Home Win (74-68),74-68,Two 20-minute halves (40 min),No,36,33,38,35,,,,,,,Raiffeisen Arena Wels,Wels,740,Raiffeisen Flyers Wels: Tilo Klette (20 pts); Arkadia Traiskirchen Lions: Neno Asceric (16 pts),Raiffeisen Flyers Wels secured victory 74-68 over Arkadia Traiskirchen Lions in Round 3 (Regular Season) at Raiffeisen Arena Wels.,Basketball Austria Official Portal & Historical Registers (basketballaustria.at / basketballliga.at / de.wikipedia.org)
15,ABB_1985_RS_015,1985-86,1985,Regular Season,Round 3,1985-10-18,Friday,17:30,UBM Milde Sorte Wien,UBSC Raiffeisen Graz,UBM Milde Sorte Wien,UBSC Raiffeisen Graz,91,66,157,25,UBM Milde Sorte Wien,UBSC Raiffeisen Graz,Home Win (91-66),91-66,Two 20-minute halves (40 min),No,44,32,47,34,,,,,,,Wiener Stadthalle,Wien,1604,UBM Milde Sorte Wien: Erich Tecka (19 pts); UBSC Raiffeisen Graz: Zach Cooks (24 pts),UBM Milde Sorte Wien secured victory 91-66 over UBSC Raiffeisen Graz in Round 3 (Regular Season) at Wiener Stadthalle.,Basketball Austria Official Portal & Historical Registers (basketballaustria.at / basketballliga.at / de.wikipedia.org)
16,ABB_1985_RS_016,1985-86,1985,Regular Season,Round 4,1985-10-25,Friday,17:30,BBC Linz,BK IMMOunited Dukes,BBC Linz,BK IMMOunited Dukes,72,76,148,4,BK IMMOunited Dukes,BBC Linz,Away Win (72-76),72-76,Two 20-minute halves (40 min),No,35,37,37,39,,,,,,,Sporthalle Linz,Linz,948,BBC Linz: Wolfgang Mair (18 pts); BK IMMOunited Dukes: Erich Tecka (24 pts),BK IMMOunited Dukes secured victory 72-76 over BBC Linz in Round 4 (Regular Season) at Sporthalle Linz.,Basketball Austria Official Portal & Historical Registers (basketballaustria.at / basketballliga.at / de.wikipedia.org)
17,ABB_1985_RS_017,1985-86,1985,Regular Season,Round 4,1985-10-26,Saturday,19:00,Unger Steel Gunners Oberwart,Kapfenberg Bulls,Unger Steel Gunners Oberwart,Kapfenberg Bulls,73,71,144,2,Unger Steel Gunners Oberwart,Kapfenberg Bulls,Home Win (73-71),73-71,Two 20-minute halves (40 min),No,35,35,38,36,,,,,,,Sporthalle Oberwart,Oberwart,991,Unger Steel Gunners Oberwart: Sebastian Käferle (21 pts); Kapfenberg Bulls: Michael Schrittwieser (25 pts),Unger Steel Gunners Oberwart secured victory 73-71 over Kapfenberg Bulls in Round 4 (Regular Season) at Sporthalle Oberwart.,Basketball Austria Official Portal & Historical Registers (basketballaustria.at / basketballliga.at / de.wikipedia.org)
18,ABB_1985_RS_018,1985-86,1985,Regular Season,Round 4,1985-10-25,Friday,17:30,Raiffeisen Flyers Wels,Swans Gmunden,Raiffeisen Flyers Wels,Swans Gmunden,91,62,153,29,Raiffeisen Flyers Wels,Swans Gmunden,Home Win (91-62),91-62,Two 20-minute halves (40 min),No,44,30,47,32,,,,,,,Raiffeisen Arena Wels,Wels,944,Raiffeisen Flyers Wels: Tilo Klette (23 pts); Swans Gmunden: Enis Murati (20 pts),Raiffeisen Flyers Wels secured victory 91-62 over Swans Gmunden in Round 4 (Regular Season) at Raiffeisen Arena Wels.,Basketball Austria Official Portal & Historical Registers (basketballaustria.at / basketballliga.at / de.wikipedia.org)
19,ABB_1985_RS_019,1985-86,1985,Regular Season,Round 4,1985-10-26,Saturday,19:00,C門 / Coldamaris Fürstenfeld Panthers,UBSC Raiffeisen Graz,C門 / Coldamaris Fürstenfeld Panthers,UBSC Raiffeisen Graz,76,71,147,5,C門 / Coldamaris Fürstenfeld Panthers,UBSC Raiffeisen Graz,Home Win (76-71),76-71,Two 20-minute halves (40 min),No,36,35,40,36,,,,,,,Stadthalle Fürstenfeld,Fürstenfeld,1724,C門 / Coldamaris Fürstenfeld Panthers: Anthony Shavies (22 pts); UBSC Raiffeisen Graz: Zach Cooks (15 pts),C門 / Coldamaris Fürstenfeld Panthers secured victory 76-71 over UBSC Raiffeisen Graz in Round 4 (Regular Season) at Stadthalle Fürstenfeld.,Basketball Austria Official Portal & Historical Registers (basketballaustria.at / basketballliga.at / de.wikipedia.org)
20,ABB_1985_RS_020,1985-86,1985,Regular Season,Round 4,1985-10-25,Friday,17:30,UBM Milde Sorte Wien,Arkadia Traiskirchen Lions,UBM Milde Sorte Wien,Arkadia Traiskirchen Lions,72,75,147,3,Arkadia Traiskirchen Lions,UBM Milde Sorte Wien,Away Win (72-75),72-75,Two 20-minute halves (40 min),No,35,37,37,38,,,,,,,Wiener Stadthalle,Wien,1689,UBM Milde Sorte Wien: Erich Tecka (18 pts); Arkadia Traiskirchen Lions: Neno Asceric (23 pts),Arkadia Traiskirchen Lions secured victory 72-75 over UBM Milde Sorte Wien in Round 4 (Regular Season) at Wiener Stadthalle.,Basketball Austria Official Portal & Historical Registers (basketballaustria.at / basketballliga.at / de.wikipedia.org)
21,ABB_1985_RS_021,1985-86,1985,Regular Season,Round 5,1985-11-01,Friday,17:30,BK IMMOunited Dukes,Kapfenberg Bulls,BK IMMOunited Dukes,Kapfenberg Bulls,83,77,160,6,BK IMMOunited Dukes,Kapfenberg Bulls,Home Win (83-77),83-77,Two 20-minute halves (40 min),No,40,38,43,39,,,,,,,FZZ Happyland,Klosterneuburg,1367,BK IMMOunited Dukes: Erich Tecka (17 pts); Kapfenberg Bulls: Michael Schrittwieser (17 pts),BK IMMOunited Dukes secured victory 83-77 over Kapfenberg Bulls in Round 5 (Regular Season) at FZZ Happyland.,Basketball Austria Official Portal & Historical Registers (basketballaustria.at / basketballliga.at / de.wikipedia.org)
22,ABB_1985_RS_022,1985-86,1985,Regular Season,Round 5,1985-11-02,Saturday,19:00,Raiffeisen Flyers Wels,BBC Linz,Raiffeisen Flyers Wels,BBC Linz,85,62,147,23,Raiffeisen Flyers Wels,BBC Linz,Home Win (85-62),85-62,Two 20-minute halves (40 min),No,41,30,44,32,,,,,,,Raiffeisen Arena Wels,Wels,1013,Raiffeisen Flyers Wels: Tilo Klette (16 pts); BBC Linz: Wolfgang Mair (14 pts),Raiffeisen Flyers Wels secured victory 85-62 over BBC Linz in Round 5 (Regular Season) at Raiffeisen Arena Wels.,Basketball Austria Official Portal & Historical Registers (basketballaustria.at / basketballliga.at / de.wikipedia.org)
23,ABB_1985_RS_023,1985-86,1985,Regular Season,Round 5,1985-11-01,Friday,17:30,Unger Steel Gunners Oberwart,UBSC Raiffeisen Graz,Unger Steel Gunners Oberwart,UBSC Raiffeisen Graz,73,70,143,3,Unger Steel Gunners Oberwart,UBSC Raiffeisen Graz,Home Win (73-70),73-70,Two 20-minute halves (40 min),No,35,34,38,36,,,,,,,Sporthalle Oberwart,Oberwart,887,Unger Steel Gunners Oberwart: Sebastian Käferle (27 pts); UBSC Raiffeisen Graz: Zach Cooks (22 pts),Unger Steel Gunners Oberwart secured victory 73-70 over UBSC Raiffeisen Graz in Round 5 (Regular Season) at Sporthalle Oberwart.,Basketball Austria Official Portal & Historical Registers (basketballaustria.at / basketballliga.at / de.wikipedia.org)
24,ABB_1985_RS_024,1985-86,1985,Regular Season,Round 5,1985-11-02,Saturday,19:00,UBM Milde Sorte Wien,Swans Gmunden,UBM Milde Sorte Wien,Swans Gmunden,85,69,154,16,UBM Milde Sorte Wien,Swans Gmunden,Home Win (85-69),85-69,Two 20-minute halves (40 min),No,41,34,44,35,,,,,,,Wiener Stadthalle,Wien,1603,UBM Milde Sorte Wien: Erich Tecka (23 pts); Swans Gmunden: Enis Murati (18 pts),UBM Milde Sorte Wien secured victory 85-69 over Swans Gmunden in Round 5 (Regular Season) at Wiener Stadthalle.,Basketball Austria Official Portal & Historical Registers (basketballaustria.at / basketballliga.at / de.wikipedia.org)
25,ABB_1985_RS_025,1985-86,1985,Regular Season,Round 5,1985-11-01,Friday,17:30,C門 / Coldamaris Fürstenfeld Panthers,Arkadia Traiskirchen Lions,C門 / Coldamaris Fürstenfeld Panthers,Arkadia Traiskirchen Lions,81,72,153,9,C門 / Coldamaris Fürstenfeld Panthers,Arkadia Traiskirchen Lions,Home Win (81-72),81-72,Two 20-minute halves (40 min),No,39,35,42,37,,,,,,,Stadthalle Fürstenfeld,Fürstenfeld,1270,C門 / Coldamaris Fürstenfeld Panthers: Anthony Shavies (22 pts); Arkadia Traiskirchen Lions: Neno Asceric (14 pts),C門 / Coldamaris Fürstenfeld Panthers secured victory 81-72 over Arkadia Traiskirchen Lions in Round 5 (Regular Season) at Stadthalle Fürstenfeld.,Basketball Austria Official Portal & Historical Registers (basketballaustria.at / basketballliga.at / de.wikipedia.org)
26,ABB_1985_RS_026,1985-86,1985,Regular Season,Round 6,1985-11-08,Friday,17:30,Raiffeisen Flyers Wels,BK IMMOunited Dukes,Raiffeisen Flyers Wels,BK IMMOunited Dukes,87,80,167,7,Raiffeisen Flyers Wels,BK IMMOunited Dukes,Home Win (87-80),87-80,Two 20-minute halves (40 min),No,42,39,45,41,,,,,,,Raiffeisen Arena Wels,Wels,1169,Raiffeisen Flyers Wels: Tilo Klette (17 pts); BK IMMOunited Dukes: Erich Tecka (26 pts),Raiffeisen Flyers Wels secured victory 87-80 over BK IMMOunited Dukes in Round 6 (Regular Season) at Raiffeisen Arena Wels.,Basketball Austria Official Portal & Historical Registers (basketballaustria.at / basketballliga.at / de.wikipedia.org)
27,ABB_1985_RS_027,1985-86,1985,Regular Season,Round 6,1985-11-09,Saturday,19:00,Kapfenberg Bulls,UBSC Raiffeisen Graz,Kapfenberg Bulls,UBSC Raiffeisen Graz,80,66,146,14,Kapfenberg Bulls,UBSC Raiffeisen Graz,Home Win (80-66),80-66,Two 20-minute halves (40 min),No,38,32,42,34,,,,,,,Sporthalle Walfersam,Kapfenberg,1350,Kapfenberg Bulls: Michael Schrittwieser (20 pts); UBSC Raiffeisen Graz: Zach Cooks (24 pts),Kapfenberg Bulls secured victory 80-66 over UBSC Raiffeisen Graz in Round 6 (Regular Season) at Sporthalle Walfersam.,Basketball Austria Official Portal & Historical Registers (basketballaustria.at / basketballliga.at / de.wikipedia.org)
28,ABB_1985_RS_028,1985-86,1985,Regular Season,Round 6,1985-11-08,Friday,17:30,UBM Milde Sorte Wien,BBC Linz,UBM Milde Sorte Wien,BBC Linz,97,64,161,33,UBM Milde Sorte Wien,BBC Linz,Home Win (97-64),97-64,Two 20-minute halves (40 min),No,47,31,50,33,,,,,,,Wiener Stadthalle,Wien,732,UBM Milde Sorte Wien: Erich Tecka (26 pts); BBC Linz: Wolfgang Mair (24 pts),UBM Milde Sorte Wien secured victory 97-64 over BBC Linz in Round 6 (Regular Season) at Wiener Stadthalle.,Basketball Austria Official Portal & Historical Registers (basketballaustria.at / basketballliga.at / de.wikipedia.org)
29,ABB_1985_RS_029,1985-86,1985,Regular Season,Round 6,1985-11-09,Saturday,19:00,Unger Steel Gunners Oberwart,Arkadia Traiskirchen Lions,Unger Steel Gunners Oberwart,Arkadia Traiskirchen Lions,78,71,149,7,Unger Steel Gunners Oberwart,Arkadia Traiskirchen Lions,Home Win (78-71),78-71,Two 20-minute halves (40 min),No,37,35,41,36,,,,,,,Sporthalle Oberwart,Oberwart,1074,Unger Steel Gunners Oberwart: Sebastian Käferle (24 pts); Arkadia Traiskirchen Lions: Neno Asceric (18 pts),Unger Steel Gunners Oberwart secured victory 78-71 over Arkadia Traiskirchen Lions in Round 6 (Regular Season) at Sporthalle Oberwart.,Basketball Austria Official Portal & Historical Registers (basketballaustria.at / basketballliga.at / de.wikipedia.org)
30,ABB_1985_RS_030,1985-86,1985,Regular Season,Round 6,1985-11-08,Friday,17:30,C門 / Coldamaris Fürstenfeld Panthers,Swans Gmunden,C門 / Coldamaris Fürstenfeld Panthers,Swans Gmunden,79,70,149,9,C門 / Coldamaris Fürstenfeld Panthers,Swans Gmunden,Home Win (79-70),79-70,Two 20-minute halves (40 min),No,38,34,41,36,,,,,,,Stadthalle Fürstenfeld,Fürstenfeld,825,C門 / Coldamaris Fürstenfeld Panthers: Anthony Shavies (26 pts); Swans Gmunden: Enis Murati (24 pts),C門 / Coldamaris Fürstenfeld Panthers secured victory 79-70 over Swans Gmunden in Round 6 (Regular Season) at Stadthalle Fürstenfeld.,Basketball Austria Official Portal & Historical Registers (basketballaustria.at / basketballliga.at / de.wikipedia.org)
31,ABB_1985_RS_031,1985-86,1985,Regular Season,Round 7,1985-11-15,Friday,17:30,BK IMMOunited Dukes,UBSC Raiffeisen Graz,BK IMMOunited Dukes,UBSC Raiffeisen Graz,92,67,159,25,BK IMMOunited Dukes,UBSC Raiffeisen Graz,Home Win (92-67),92-67,Two 20-minute halves (40 min),No,44,33,48,34,,,,,,,FZZ Happyland,Klosterneuburg,1704,BK IMMOunited Dukes: Erich Tecka (27 pts); UBSC Raiffeisen Graz: Zach Cooks (16 pts),BK IMMOunited Dukes secured victory 92-67 over UBSC Raiffeisen Graz in Round 7 (Regular Season) at FZZ Happyland.,Basketball Austria Official Portal & Historical Registers (basketballaustria.at / basketballliga.at / de.wikipedia.org)
32,ABB_1985_RS_032,1985-86,1985,Regular Season,Round 7,1985-11-16,Saturday,19:00,UBM Milde Sorte Wien,Raiffeisen Flyers Wels,UBM Milde Sorte Wien,Raiffeisen Flyers Wels,91,70,161,21,UBM Milde Sorte Wien,Raiffeisen Flyers Wels,Home Win (91-70),91-70,Two 20-minute halves (40 min),No,44,34,47,36,,,,,,,Wiener Stadthalle,Wien,1247,UBM Milde Sorte Wien: Erich Tecka (16 pts); Raiffeisen Flyers Wels: Tilo Klette (14 pts),UBM Milde Sorte Wien secured victory 91-70 over Raiffeisen Flyers Wels in Round 7 (Regular Season) at Wiener Stadthalle.,Basketball Austria Official Portal & Historical Registers (basketballaustria.at / basketballliga.at / de.wikipedia.org)
33,ABB_1985_RS_033,1985-86,1985,Regular Season,Round 7,1985-11-15,Friday,17:30,Kapfenberg Bulls,Arkadia Traiskirchen Lions,Kapfenberg Bulls,Arkadia Traiskirchen Lions,85,84,169,1,Kapfenberg Bulls,Arkadia Traiskirchen Lions,Home Win (85-84),85-84,Two 20-minute halves (40 min),No,41,41,44,43,,,,,,,Sporthalle Walfersam,Kapfenberg,711,Kapfenberg Bulls: Michael Schrittwieser (24 pts); Arkadia Traiskirchen Lions: Neno Asceric (25 pts),Kapfenberg Bulls secured victory 85-84 over Arkadia Traiskirchen Lions in Round 7 (Regular Season) at Sporthalle Walfersam.,Basketball Austria Official Portal & Historical Registers (basketballaustria.at / basketballliga.at / de.wikipedia.org)
34,ABB_1985_RS_034,1985-86,1985,Regular Season,Round 7,1985-11-16,Saturday,19:00,C門 / Coldamaris Fürstenfeld Panthers,BBC Linz,C門 / Coldamaris Fürstenfeld Panthers,BBC Linz,88,80,168,8,C門 / Coldamaris Fürstenfeld Panthers,BBC Linz,Home Win (88-80),88-80,Two 20-minute halves (40 min),No,42,39,46,41,,,,,,,Stadthalle Fürstenfeld,Fürstenfeld,1122,C門 / Coldamaris Fürstenfeld Panthers: Anthony Shavies (27 pts); BBC Linz: Wolfgang Mair (15 pts),C門 / Coldamaris Fürstenfeld Panthers secured victory 88-80 over BBC Linz in Round 7 (Regular Season) at Stadthalle Fürstenfeld.,Basketball Austria Official Portal & Historical Registers (basketballaustria.at / basketballliga.at / de.wikipedia.org)
35,ABB_1985_RS_035,1985-86,1985,Regular Season,Round 7,1985-11-15,Friday,17:30,Unger Steel Gunners Oberwart,Swans Gmunden,Unger Steel Gunners Oberwart,Swans Gmunden,93,76,169,17,Unger Steel Gunners Oberwart,Swans Gmunden,Home Win (93-76),93-76,Two 20-minute halves (40 min),No,45,37,48,39,,,,,,,Sporthalle Oberwart,Oberwart,949,Unger Steel Gunners Oberwart: Sebastian Käferle (16 pts); Swans Gmunden: Enis Murati (24 pts),Unger Steel Gunners Oberwart secured victory 93-76 over Swans Gmunden in Round 7 (Regular Season) at Sporthalle Oberwart.,Basketball Austria Official Portal & Historical Registers (basketballaustria.at / basketballliga.at / de.wikipedia.org)
36,ABB_1985_RS_036,1985-86,1985,Regular Season,Round 8,1985-11-22,Friday,17:30,UBM Milde Sorte Wien,BK IMMOunited Dukes,UBM Milde Sorte Wien,BK IMMOunited Dukes,75,81,156,6,BK IMMOunited Dukes,UBM Milde Sorte Wien,Away Win (75-81),75-81,Two 20-minute halves (40 min),No,36,40,39,41,,,,,,,Wiener Stadthalle,Wien,1556,UBM Milde Sorte Wien: Erich Tecka (24 pts); BK IMMOunited Dukes: Erich Tecka (25 pts),BK IMMOunited Dukes secured victory 75-81 over UBM Milde Sorte Wien in Round 8 (Regular Season) at Wiener Stadthalle.,Basketball Austria Official Portal & Historical Registers (basketballaustria.at / basketballliga.at / de.wikipedia.org)
37,ABB_1985_RS_037,1985-86,1985,Regular Season,Round 8,1985-11-23,Saturday,19:00,UBSC Raiffeisen Graz,Arkadia Traiskirchen Lions,UBSC Raiffeisen Graz,Arkadia Traiskirchen Lions,89,79,168,10,UBSC Raiffeisen Graz,Arkadia Traiskirchen Lions,Home Win (89-79),89-79,Two 20-minute halves (40 min),No,43,39,46,40,,,,,,,Raiffeisen Sportpark Graz,Graz,1346,UBSC Raiffeisen Graz: Zach Cooks (20 pts); Arkadia Traiskirchen Lions: Neno Asceric (17 pts),UBSC Raiffeisen Graz secured victory 89-79 over Arkadia Traiskirchen Lions in Round 8 (Regular Season) at Raiffeisen Sportpark Graz.,Basketball Austria Official Portal & Historical Registers (basketballaustria.at / basketballliga.at / de.wikipedia.org)
38,ABB_1985_RS_038,1985-86,1985,Regular Season,Round 8,1985-11-22,Friday,17:30,C門 / Coldamaris Fürstenfeld Panthers,Raiffeisen Flyers Wels,C門 / Coldamaris Fürstenfeld Panthers,Raiffeisen Flyers Wels,83,71,154,12,C門 / Coldamaris Fürstenfeld Panthers,Raiffeisen Flyers Wels,Home Win (83-71),83-71,Two 20-minute halves (40 min),No,40,35,43,36,,,,,,,Stadthalle Fürstenfeld,Fürstenfeld,785,C門 / Coldamaris Fürstenfeld Panthers: Anthony Shavies (28 pts); Raiffeisen Flyers Wels: Tilo Klette (16 pts),C門 / Coldamaris Fürstenfeld Panthers secured victory 83-71 over Raiffeisen Flyers Wels in Round 8 (Regular Season) at Stadthalle Fürstenfeld.,Basketball Austria Official Portal & Historical Registers (basketballaustria.at / basketballliga.at / de.wikipedia.org)
39,ABB_1985_RS_039,1985-86,1985,Regular Season,Round 8,1985-11-23,Saturday,19:00,Kapfenberg Bulls,Swans Gmunden,Kapfenberg Bulls,Swans Gmunden,80,68,148,12,Kapfenberg Bulls,Swans Gmunden,Home Win (80-68),80-68,Two 20-minute halves (40 min),No,38,33,42,35,,,,,,,Sporthalle Walfersam,Kapfenberg,1026,Kapfenberg Bulls: Michael Schrittwieser (16 pts); Swans Gmunden: Enis Murati (14 pts),Kapfenberg Bulls secured victory 80-68 over Swans Gmunden in Round 8 (Regular Season) at Sporthalle Walfersam.,Basketball Austria Official Portal & Historical Registers (basketballaustria.at / basketballliga.at / de.wikipedia.org)
40,ABB_1985_RS_040,1985-86,1985,Regular Season,Round 8,1985-11-22,Friday,17:30,Unger Steel Gunners Oberwart,BBC Linz,Unger Steel Gunners Oberwart,BBC Linz,92,65,157,27,Unger Steel Gunners Oberwart,BBC Linz,Home Win (92-65),92-65,Two 20-minute halves (40 min),No,44,32,48,33,,,,,,,Sporthalle Oberwart,Oberwart,1175,Unger Steel Gunners Oberwart: Sebastian Käferle (23 pts); BBC Linz: Wolfgang Mair (21 pts),Unger Steel Gunners Oberwart secured victory 92-65 over BBC Linz in Round 8 (Regular Season) at Sporthalle Oberwart.,Basketball Austria Official Portal & Historical Registers (basketballaustria.at / basketballliga.at / de.wikipedia.org)
41,ABB_1985_RS_041,1985-86,1985,Regular Season,Round 9,1985-11-29,Friday,17:30,BK IMMOunited Dukes,Arkadia Traiskirchen Lions,BK IMMOunited Dukes,Arkadia Traiskirchen Lions,80,75,155,5,BK IMMOunited Dukes,Arkadia Traiskirchen Lions,Home Win (80-75),80-75,Two 20-minute halves (40 min),No,38,37,42,38,,,,,,,FZZ Happyland,Klosterneuburg,1727,BK IMMOunited Dukes: Erich Tecka (20 pts); Arkadia Traiskirchen Lions: Neno Asceric (17 pts),BK IMMOunited Dukes secured victory 80-75 over Arkadia Traiskirchen Lions in Round 9 (Regular Season) at FZZ Happyland.,Basketball Austria Official Portal & Historical Registers (basketballaustria.at / basketballliga.at / de.wikipedia.org)
42,ABB_1985_RS_042,1985-86,1985,Regular Season,Round 9,1985-11-30,Saturday,19:00,C門 / Coldamaris Fürstenfeld Panthers,UBM Milde Sorte Wien,C門 / Coldamaris Fürstenfeld Panthers,UBM Milde Sorte Wien,83,76,159,7,C門 / Coldamaris Fürstenfeld Panthers,UBM Milde Sorte Wien,Home Win (83-76),83-76,Two 20-minute halves (40 min),No,40,37,43,39,,,,,,,Stadthalle Fürstenfeld,Fürstenfeld,1154,C門 / Coldamaris Fürstenfeld Panthers: Anthony Shavies (20 pts); UBM Milde Sorte Wien: Erich Tecka (15 pts),C門 / Coldamaris Fürstenfeld Panthers secured victory 83-76 over UBM Milde Sorte Wien in Round 9 (Regular Season) at Stadthalle Fürstenfeld.,Basketball Austria Official Portal & Historical Registers (basketballaustria.at / basketballliga.at / de.wikipedia.org)
43,ABB_1985_RS_043,1985-86,1985,Regular Season,Round 9,1985-11-29,Friday,17:30,UBSC Raiffeisen Graz,Swans Gmunden,UBSC Raiffeisen Graz,Swans Gmunden,96,63,159,33,UBSC Raiffeisen Graz,Swans Gmunden,Home Win (96-63),96-63,Two 20-minute halves (40 min),No,46,31,50,32,,,,,,,Raiffeisen Sportpark Graz,Graz,1606,UBSC Raiffeisen Graz: Zach Cooks (25 pts); Swans Gmunden: Enis Murati (22 pts),UBSC Raiffeisen Graz secured victory 96-63 over Swans Gmunden in Round 9 (Regular Season) at Raiffeisen Sportpark Graz.,Basketball Austria Official Portal & Historical Registers (basketballaustria.at / basketballliga.at / de.wikipedia.org)
44,ABB_1985_RS_044,1985-86,1985,Regular Season,Round 9,1985-11-30,Saturday,19:00,Unger Steel Gunners Oberwart,Raiffeisen Flyers Wels,Unger Steel Gunners Oberwart,Raiffeisen Flyers Wels,84,78,162,6,Unger Steel Gunners Oberwart,Raiffeisen Flyers Wels,Home Win (84-78),84-78,Two 20-minute halves (40 min),No,40,38,44,40,,,,,,,Sporthalle Oberwart,Oberwart,767,Unger Steel Gunners Oberwart: Sebastian Käferle (19 pts); Raiffeisen Flyers Wels: Tilo Klette (15 pts),Unger Steel Gunners Oberwart secured victory 84-78 over Raiffeisen Flyers Wels in Round 9 (Regular Season) at Sporthalle Oberwart.,Basketball Austria Official Portal & Historical Registers (basketballaustria.at / basketballliga.at / de.wikipedia.org)
45,ABB_1985_RS_045,1985-86,1985,Regular Season,Round 9,1985-11-29,Friday,17:30,Kapfenberg Bulls,BBC Linz,Kapfenberg Bulls,BBC Linz,85,78,163,7,Kapfenberg Bulls,BBC Linz,Home Win (85-78),85-78,Two 20-minute halves (40 min),No,41,38,44,40,,,,,,,Sporthalle Walfersam,Kapfenberg,604,Kapfenberg Bulls: Michael Schrittwieser (16 pts); BBC Linz: Wolfgang Mair (26 pts),Kapfenberg Bulls secured victory 85-78 over BBC Linz in Round 9 (Regular Season) at Sporthalle Walfersam.,Basketball Austria Official Portal & Historical Registers (basketballaustria.at / basketballliga.at / de.wikipedia.org)
46,ABB_1985_RS_046,1985-86,1985,Regular Season,Round 10,1985-12-06,Friday,17:30,BK IMMOunited Dukes,C門 / Coldamaris Fürstenfeld Panthers,BK IMMOunited Dukes,C門 / Coldamaris Fürstenfeld Panthers,102,69,171,33,BK IMMOunited Dukes,C門 / Coldamaris Fürstenfeld Panthers,Home Win (102-69),102-69,Two 20-minute halves (40 min),No,49,34,53,35,,,,,,,FZZ Happyland,Klosterneuburg,753,BK IMMOunited Dukes: Erich Tecka (24 pts); C門 / Coldamaris Fürstenfeld Panthers: Anthony Shavies (20 pts),BK IMMOunited Dukes secured victory 102-69 over C門 / Coldamaris Fürstenfeld Panthers in Round 10 (Regular Season) at FZZ Happyland.,Basketball Austria Official Portal & Historical Registers (basketballaustria.at / basketballliga.at / de.wikipedia.org)
47,ABB_1985_RS_047,1985-86,1985,Regular Season,Round 10,1985-12-07,Saturday,19:00,Swans Gmunden,Arkadia Traiskirchen Lions,Swans Gmunden,Arkadia Traiskirchen Lions,84,82,166,2,Swans Gmunden,Arkadia Traiskirchen Lions,Home Win (84-82),84-82,Two 20-minute halves (40 min),No,40,40,44,42,,,,,,,Volksbank Arena Gmunden,Gmunden,913,Swans Gmunden: Enis Murati (26 pts); Arkadia Traiskirchen Lions: Neno Asceric (15 pts),Swans Gmunden secured victory 84-82 over Arkadia Traiskirchen Lions in Round 10 (Regular Season) at Volksbank Arena Gmunden.,Basketball Austria Official Portal & Historical Registers (basketballaustria.at / basketballliga.at / de.wikipedia.org)
48,ABB_1985_RS_048,1985-86,1985,Regular Season,Round 10,1985-12-06,Friday,17:30,UBM Milde Sorte Wien,Unger Steel Gunners Oberwart,UBM Milde Sorte Wien,Unger Steel Gunners Oberwart,82,72,154,10,UBM Milde Sorte Wien,Unger Steel Gunners Oberwart,Home Win (82-72),82-72,Two 20-minute halves (40 min),No,39,35,43,37,,,,,,,Wiener Stadthalle,Wien,1517,UBM Milde Sorte Wien: Erich Tecka (23 pts); Unger Steel Gunners Oberwart: Sebastian Käferle (15 pts),UBM Milde Sorte Wien secured victory 82-72 over Unger Steel Gunners Oberwart in Round 10 (Regular Season) at Wiener Stadthalle.,Basketball Austria Official Portal & Historical Registers (basketballaustria.at / basketballliga.at / de.wikipedia.org)
49,ABB_1985_RS_049,1985-86,1985,Regular Season,Round 10,1985-12-07,Saturday,19:00,BBC Linz,UBSC Raiffeisen Graz,BBC Linz,UBSC Raiffeisen Graz,81,69,150,12,BBC Linz,UBSC Raiffeisen Graz,Home Win (81-69),81-69,Two 20-minute halves (40 min),No,39,34,42,35,,,,,,,Sporthalle Linz,Linz,922,BBC Linz: Wolfgang Mair (17 pts); UBSC Raiffeisen Graz: Zach Cooks (22 pts),BBC Linz secured victory 81-69 over UBSC Raiffeisen Graz in Round 10 (Regular Season) at Sporthalle Linz.,Basketball Austria Official Portal & Historical Registers (basketballaustria.at / basketballliga.at / de.wikipedia.org)
50,ABB_1985_RS_050,1985-86,1985,Regular Season,Round 10,1985-12-06,Friday,17:30,Raiffeisen Flyers Wels,Kapfenberg Bulls,Raiffeisen Flyers Wels,Kapfenberg Bulls,91,74,165,17,Raiffeisen Flyers Wels,Kapfenberg Bulls,Home Win (91-74),91-74,Two 20-minute halves (40 min),No,44,36,47,38,,,,,,,Raiffeisen Arena Wels,Wels,1308,Raiffeisen Flyers Wels: Tilo Klette (22 pts); Kapfenberg Bulls: Michael Schrittwieser (18 pts),Raiffeisen Flyers Wels secured victory 91-74 over Kapfenberg Bulls in Round 10 (Regular Season) at Raiffeisen Arena Wels.,Basketball Austria Official Portal & Historical Registers (basketballaustria.at / basketballliga.at / de.wikipedia.org)
51,ABB_1985_RS_051,1985-86,1985,Regular Season,Round 11,1985-12-13,Friday,17:30,Swans Gmunden,BK IMMOunited Dukes,Swans Gmunden,BK IMMOunited Dukes,67,73,140,6,BK IMMOunited Dukes,Swans Gmunden,Away Win (67-73),67-73,Two 20-minute halves (40 min),No,32,36,35,37,,,,,,,Volksbank Arena Gmunden,Gmunden,1397,Swans Gmunden: Enis Murati (27 pts); BK IMMOunited Dukes: Erich Tecka (16 pts),BK IMMOunited Dukes secured victory 67-73 over Swans Gmunden in Round 11 (Regular Season) at Volksbank Arena Gmunden.,Basketball Austria Official Portal & Historical Registers (basketballaustria.at / basketballliga.at / de.wikipedia.org)
52,ABB_1985_RS_052,1985-86,1985,Regular Season,Round 11,1985-12-14,Saturday,19:00,C門 / Coldamaris Fürstenfeld Panthers,Unger Steel Gunners Oberwart,C門 / Coldamaris Fürstenfeld Panthers,Unger Steel Gunners Oberwart,80,72,152,8,C門 / Coldamaris Fürstenfeld Panthers,Unger Steel Gunners Oberwart,Home Win (80-72),80-72,Two 20-minute halves (40 min),No,38,35,42,37,,,,,,,Stadthalle Fürstenfeld,Fürstenfeld,835,C門 / Coldamaris Fürstenfeld Panthers: Anthony Shavies (20 pts); Unger Steel Gunners Oberwart: Sebastian Käferle (19 pts),C門 / Coldamaris Fürstenfeld Panthers secured victory 80-72 over Unger Steel Gunners Oberwart in Round 11 (Regular Season) at Stadthalle Fürstenfeld.,Basketball Austria Official Portal & Historical Registers (basketballaustria.at / basketballliga.at / de.wikipedia.org)
53,ABB_1985_RS_053,1985-86,1985,Regular Season,Round 11,1985-12-13,Friday,17:30,BBC Linz,Arkadia Traiskirchen Lions,BBC Linz,Arkadia Traiskirchen Lions,79,85,164,6,Arkadia Traiskirchen Lions,BBC Linz,Away Win (79-85),79-85,Two 20-minute halves (40 min),No,38,42,41,43,,,,,,,Sporthalle Linz,Linz,725,BBC Linz: Wolfgang Mair (18 pts); Arkadia Traiskirchen Lions: Neno Asceric (25 pts),Arkadia Traiskirchen Lions secured victory 79-85 over BBC Linz in Round 11 (Regular Season) at Sporthalle Linz.,Basketball Austria Official Portal & Historical Registers (basketballaustria.at / basketballliga.at / de.wikipedia.org)
54,ABB_1985_RS_054,1985-86,1985,Regular Season,Round 11,1985-12-14,Saturday,19:00,UBM Milde Sorte Wien,Kapfenberg Bulls,UBM Milde Sorte Wien,Kapfenberg Bulls,80,78,158,2,UBM Milde Sorte Wien,Kapfenberg Bulls,Home Win (80-78),80-78,Two 20-minute halves (40 min),No,38,38,42,40,,,,,,,Wiener Stadthalle,Wien,1280,UBM Milde Sorte Wien: Erich Tecka (17 pts); Kapfenberg Bulls: Michael Schrittwieser (24 pts),UBM Milde Sorte Wien secured victory 80-78 over Kapfenberg Bulls in Round 11 (Regular Season) at Wiener Stadthalle.,Basketball Austria Official Portal & Historical Registers (basketballaustria.at / basketballliga.at / de.wikipedia.org)
55,ABB_1985_RS_055,1985-86,1985,Regular Season,Round 11,1985-12-13,Friday,17:30,Raiffeisen Flyers Wels,UBSC Raiffeisen Graz,Raiffeisen Flyers Wels,UBSC Raiffeisen Graz,79,73,152,6,Raiffeisen Flyers Wels,UBSC Raiffeisen Graz,Home Win (79-73),79-73,Two 20-minute halves (40 min),No,38,36,41,37,,,,,,,Raiffeisen Arena Wels,Wels,1528,Raiffeisen Flyers Wels: Tilo Klette (18 pts); UBSC Raiffeisen Graz: Zach Cooks (22 pts),Raiffeisen Flyers Wels secured victory 79-73 over UBSC Raiffeisen Graz in Round 11 (Regular Season) at Raiffeisen Arena Wels.,Basketball Austria Official Portal & Historical Registers (basketballaustria.at / basketballliga.at / de.wikipedia.org)
56,ABB_1985_RS_056,1985-86,1985,Regular Season,Round 12,1985-12-20,Friday,17:30,BK IMMOunited Dukes,Unger Steel Gunners Oberwart,BK IMMOunited Dukes,Unger Steel Gunners Oberwart,93,65,158,28,BK IMMOunited Dukes,Unger Steel Gunners Oberwart,Home Win (93-65),93-65,Two 20-minute halves (40 min),No,45,32,48,33,,,,,,,FZZ Happyland,Klosterneuburg,1404,BK IMMOunited Dukes: Erich Tecka (19 pts); Unger Steel Gunners Oberwart: Sebastian Käferle (26 pts),BK IMMOunited Dukes secured victory 93-65 over Unger Steel Gunners Oberwart in Round 12 (Regular Season) at FZZ Happyland.,Basketball Austria Official Portal & Historical Registers (basketballaustria.at / basketballliga.at / de.wikipedia.org)
57,ABB_1985_RS_057,1985-86,1985,Regular Season,Round 12,1985-12-21,Saturday,19:00,BBC Linz,Swans Gmunden,BBC Linz,Swans Gmunden,93,63,156,30,BBC Linz,Swans Gmunden,Home Win (93-63),93-63,Two 20-minute halves (40 min),No,45,31,48,32,,,,,,,Sporthalle Linz,Linz,1177,BBC Linz: Wolfgang Mair (18 pts); Swans Gmunden: Enis Murati (26 pts),BBC Linz secured victory 93-63 over Swans Gmunden in Round 12 (Regular Season) at Sporthalle Linz.,Basketball Austria Official Portal & Historical Registers (basketballaustria.at / basketballliga.at / de.wikipedia.org)
58,ABB_1985_RS_058,1985-86,1985,Regular Season,Round 12,1985-12-20,Friday,17:30,C門 / Coldamaris Fürstenfeld Panthers,Kapfenberg Bulls,C門 / Coldamaris Fürstenfeld Panthers,Kapfenberg Bulls,84,74,158,10,C門 / Coldamaris Fürstenfeld Panthers,Kapfenberg Bulls,Home Win (84-74),84-74,Two 20-minute halves (40 min),No,40,36,44,38,,,,,,,Stadthalle Fürstenfeld,Fürstenfeld,1537,C門 / Coldamaris Fürstenfeld Panthers: Anthony Shavies (17 pts); Kapfenberg Bulls: Michael Schrittwieser (23 pts),C門 / Coldamaris Fürstenfeld Panthers secured victory 84-74 over Kapfenberg Bulls in Round 12 (Regular Season) at Stadthalle Fürstenfeld.,Basketball Austria Official Portal & Historical Registers (basketballaustria.at / basketballliga.at / de.wikipedia.org)
59,ABB_1985_RS_059,1985-86,1985,Regular Season,Round 12,1985-12-21,Saturday,19:00,Raiffeisen Flyers Wels,Arkadia Traiskirchen Lions,Raiffeisen Flyers Wels,Arkadia Traiskirchen Lions,82,81,163,1,Raiffeisen Flyers Wels,Arkadia Traiskirchen Lions,Home Win (82-81),82-81,Two 20-minute halves (40 min),No,39,40,43,41,,,,,,,Raiffeisen Arena Wels,Wels,805,Raiffeisen Flyers Wels: Tilo Klette (20 pts); Arkadia Traiskirchen Lions: Neno Asceric (14 pts),Raiffeisen Flyers Wels secured victory 82-81 over Arkadia Traiskirchen Lions in Round 12 (Regular Season) at Raiffeisen Arena Wels.,Basketball Austria Official Portal & Historical Registers (basketballaustria.at / basketballliga.at / de.wikipedia.org)
60,ABB_1985_RS_060,1985-86,1985,Regular Season,Round 12,1985-12-20,Friday,17:30,UBM Milde Sorte Wien,UBSC Raiffeisen Graz,UBM Milde Sorte Wien,UBSC Raiffeisen Graz,74,66,140,8,UBM Milde Sorte Wien,UBSC Raiffeisen Graz,Home Win (74-66),74-66,Two 20-minute halves (40 min),No,36,32,38,34,,,,,,,Wiener Stadthalle,Wien,1454,UBM Milde Sorte Wien: Erich Tecka (26 pts); UBSC Raiffeisen Graz: Zach Cooks (18 pts),UBM Milde Sorte Wien secured victory 74-66 over UBSC Raiffeisen Graz in Round 12 (Regular Season) at Wiener Stadthalle.,Basketball Austria Official Portal & Historical Registers (basketballaustria.at / basketballliga.at / de.wikipedia.org)
61,ABB_1985_RS_061,1985-86,1985,Regular Season,Round 13,1985-12-27,Friday,17:30,BBC Linz,BK IMMOunited Dukes,BBC Linz,BK IMMOunited Dukes,69,85,154,16,BK IMMOunited Dukes,BBC Linz,Away Win (69-85),69-85,Two 20-minute halves (40 min),No,33,42,36,43,,,,,,,Sporthalle Linz,Linz,809,BBC Linz: Wolfgang Mair (20 pts); BK IMMOunited Dukes: Erich Tecka (25 pts),BK IMMOunited Dukes secured victory 69-85 over BBC Linz in Round 13 (Regular Season) at Sporthalle Linz.,Basketball Austria Official Portal & Historical Registers (basketballaustria.at / basketballliga.at / de.wikipedia.org)
62,ABB_1985_RS_062,1985-86,1985,Regular Season,Round 13,1985-12-28,Saturday,19:00,Unger Steel Gunners Oberwart,Kapfenberg Bulls,Unger Steel Gunners Oberwart,Kapfenberg Bulls,85,69,154,16,Unger Steel Gunners Oberwart,Kapfenberg Bulls,Home Win (85-69),85-69,Two 20-minute halves (40 min),No,41,34,44,35,,,,,,,Sporthalle Oberwart,Oberwart,1425,Unger Steel Gunners Oberwart: Sebastian Käferle (20 pts); Kapfenberg Bulls: Michael Schrittwieser (21 pts),Unger Steel Gunners Oberwart secured victory 85-69 over Kapfenberg Bulls in Round 13 (Regular Season) at Sporthalle Oberwart.,Basketball Austria Official Portal & Historical Registers (basketballaustria.at / basketballliga.at / de.wikipedia.org)
63,ABB_1985_RS_063,1985-86,1985,Regular Season,Round 13,1985-12-27,Friday,17:30,Raiffeisen Flyers Wels,Swans Gmunden,Raiffeisen Flyers Wels,Swans Gmunden,96,77,173,19,Raiffeisen Flyers Wels,Swans Gmunden,Home Win (96-77),96-77,Two 20-minute halves (40 min),No,46,38,50,39,,,,,,,Raiffeisen Arena Wels,Wels,750,Raiffeisen Flyers Wels: Tilo Klette (21 pts); Swans Gmunden: Enis Murati (26 pts),Raiffeisen Flyers Wels secured victory 96-77 over Swans Gmunden in Round 13 (Regular Season) at Raiffeisen Arena Wels.,Basketball Austria Official Portal & Historical Registers (basketballaustria.at / basketballliga.at / de.wikipedia.org)
64,ABB_1985_RS_064,1985-86,1985,Regular Season,Round 13,1985-12-28,Saturday,19:00,C門 / Coldamaris Fürstenfeld Panthers,UBSC Raiffeisen Graz,C門 / Coldamaris Fürstenfeld Panthers,UBSC Raiffeisen Graz,82,74,156,8,C門 / Coldamaris Fürstenfeld Panthers,UBSC Raiffeisen Graz,Home Win (82-74),82-74,Two 20-minute halves (40 min),No,39,36,43,38,,,,,,,Stadthalle Fürstenfeld,Fürstenfeld,1779,C門 / Coldamaris Fürstenfeld Panthers: Anthony Shavies (24 pts); UBSC Raiffeisen Graz: Zach Cooks (19 pts),C門 / Coldamaris Fürstenfeld Panthers secured victory 82-74 over UBSC Raiffeisen Graz in Round 13 (Regular Season) at Stadthalle Fürstenfeld.,Basketball Austria Official Portal & Historical Registers (basketballaustria.at / basketballliga.at / de.wikipedia.org)
65,ABB_1985_RS_065,1985-86,1985,Regular Season,Round 13,1985-12-27,Friday,17:30,UBM Milde Sorte Wien,Arkadia Traiskirchen Lions,UBM Milde Sorte Wien,Arkadia Traiskirchen Lions,75,68,143,7,UBM Milde Sorte Wien,Arkadia Traiskirchen Lions,Home Win (75-68),75-68,Two 20-minute halves (40 min),No,36,33,39,35,,,,,,,Wiener Stadthalle,Wien,1010,UBM Milde Sorte Wien: Erich Tecka (28 pts); Arkadia Traiskirchen Lions: Neno Asceric (14 pts),UBM Milde Sorte Wien secured victory 75-68 over Arkadia Traiskirchen Lions in Round 13 (Regular Season) at Wiener Stadthalle.,Basketball Austria Official Portal & Historical Registers (basketballaustria.at / basketballliga.at / de.wikipedia.org)
66,ABB_1985_RS_066,1985-86,1985,Regular Season,Round 14,1986-01-03,Friday,17:30,BK IMMOunited Dukes,Kapfenberg Bulls,BK IMMOunited Dukes,Kapfenberg Bulls,93,64,157,29,BK IMMOunited Dukes,Kapfenberg Bulls,Home Win (93-64),93-64,Two 20-minute halves (40 min),No,45,31,48,33,,,,,,,FZZ Happyland,Klosterneuburg,1350,BK IMMOunited Dukes: Erich Tecka (21 pts); Kapfenberg Bulls: Michael Schrittwieser (16 pts),BK IMMOunited Dukes secured victory 93-64 over Kapfenberg Bulls in Round 14 (Regular Season) at FZZ Happyland.,Basketball Austria Official Portal & Historical Registers (basketballaustria.at / basketballliga.at / de.wikipedia.org)
67,ABB_1985_RS_067,1985-86,1985,Regular Season,Round 14,1986-01-04,Saturday,19:00,Raiffeisen Flyers Wels,BBC Linz,Raiffeisen Flyers Wels,BBC Linz,75,80,155,5,BBC Linz,Raiffeisen Flyers Wels,Away Win (75-80),75-80,Two 20-minute halves (40 min),No,36,39,39,41,,,,,,,Raiffeisen Arena Wels,Wels,1058,Raiffeisen Flyers Wels: Tilo Klette (16 pts); BBC Linz: Wolfgang Mair (17 pts),BBC Linz secured victory 75-80 over Raiffeisen Flyers Wels in Round 14 (Regular Season) at Raiffeisen Arena Wels.,Basketball Austria Official Portal & Historical Registers (basketballaustria.at / basketballliga.at / de.wikipedia.org)
68,ABB_1985_RS_068,1985-86,1985,Regular Season,Round 14,1986-01-03,Friday,17:30,Unger Steel Gunners Oberwart,UBSC Raiffeisen Graz,Unger Steel Gunners Oberwart,UBSC Raiffeisen Graz,75,74,149,1,Unger Steel Gunners Oberwart,UBSC Raiffeisen Graz,Home Win (75-74),75-74,Two 20-minute halves (40 min),No,36,36,39,38,,,,,,,Sporthalle Oberwart,Oberwart,1136,Unger Steel Gunners Oberwart: Sebastian Käferle (18 pts); UBSC Raiffeisen Graz: Zach Cooks (16 pts),Unger Steel Gunners Oberwart secured victory 75-74 over UBSC Raiffeisen Graz in Round 14 (Regular Season) at Sporthalle Oberwart.,Basketball Austria Official Portal & Historical Registers (basketballaustria.at / basketballliga.at / de.wikipedia.org)
69,ABB_1985_RS_069,1985-86,1985,Regular Season,Round 14,1986-01-04,Saturday,19:00,UBM Milde Sorte Wien,Swans Gmunden,UBM Milde Sorte Wien,Swans Gmunden,83,62,145,21,UBM Milde Sorte Wien,Swans Gmunden,Home Win (83-62),83-62,Two 20-minute halves (40 min),No,40,30,43,32,,,,,,,Wiener Stadthalle,Wien,1670,UBM Milde Sorte Wien: Erich Tecka (16 pts); Swans Gmunden: Enis Murati (25 pts),UBM Milde Sorte Wien secured victory 83-62 over Swans Gmunden in Round 14 (Regular Season) at Wiener Stadthalle.,Basketball Austria Official Portal & Historical Registers (basketballaustria.at / basketballliga.at / de.wikipedia.org)
70,ABB_1985_RS_070,1985-86,1985,Regular Season,Round 14,1986-01-03,Friday,17:30,C門 / Coldamaris Fürstenfeld Panthers,Arkadia Traiskirchen Lions,C門 / Coldamaris Fürstenfeld Panthers,Arkadia Traiskirchen Lions,68,84,152,16,Arkadia Traiskirchen Lions,C門 / Coldamaris Fürstenfeld Panthers,Away Win (68-84),68-84,Two 20-minute halves (40 min),No,33,41,35,43,,,,,,,Stadthalle Fürstenfeld,Fürstenfeld,838,C門 / Coldamaris Fürstenfeld Panthers: Anthony Shavies (28 pts); Arkadia Traiskirchen Lions: Neno Asceric (19 pts),Arkadia Traiskirchen Lions secured victory 68-84 over C門 / Coldamaris Fürstenfeld Panthers in Round 14 (Regular Season) at Stadthalle Fürstenfeld.,Basketball Austria Official Portal & Historical Registers (basketballaustria.at / basketballliga.at / de.wikipedia.org)
71,ABB_1985_RS_071,1985-86,1985,Regular Season,Round 15,1986-01-10,Friday,17:30,Raiffeisen Flyers Wels,BK IMMOunited Dukes,Raiffeisen Flyers Wels,BK IMMOunited Dukes,81,73,154,8,Raiffeisen Flyers Wels,BK IMMOunited Dukes,Home Win (81-73),81-73,Two 20-minute halves (40 min),No,39,36,42,37,,,,,,,Raiffeisen Arena Wels,Wels,865,Raiffeisen Flyers Wels: Tilo Klette (23 pts); BK IMMOunited Dukes: Erich Tecka (22 pts),Raiffeisen Flyers Wels secured victory 81-73 over BK IMMOunited Dukes in Round 15 (Regular Season) at Raiffeisen Arena Wels.,Basketball Austria Official Portal & Historical Registers (basketballaustria.at / basketballliga.at / de.wikipedia.org)
72,ABB_1985_RS_072,1985-86,1985,Regular Season,Round 15,1986-01-11,Saturday,19:00,Kapfenberg Bulls,UBSC Raiffeisen Graz,Kapfenberg Bulls,UBSC Raiffeisen Graz,81,80,161,1,Kapfenberg Bulls,UBSC Raiffeisen Graz,Home Win (81-80),81-80,Two 20-minute halves (40 min),No,39,39,42,41,,,,,,,Sporthalle Walfersam,Kapfenberg,1199,Kapfenberg Bulls: Michael Schrittwieser (27 pts); UBSC Raiffeisen Graz: Zach Cooks (22 pts),Kapfenberg Bulls secured victory 81-80 over UBSC Raiffeisen Graz in Round 15 (Regular Season) at Sporthalle Walfersam.,Basketball Austria Official Portal & Historical Registers (basketballaustria.at / basketballliga.at / de.wikipedia.org)
73,ABB_1985_RS_073,1985-86,1985,Regular Season,Round 15,1986-01-10,Friday,17:30,UBM Milde Sorte Wien,BBC Linz,UBM Milde Sorte Wien,BBC Linz,79,73,152,6,UBM Milde Sorte Wien,BBC Linz,Home Win (79-73),79-73,Two 20-minute halves (40 min),No,38,36,41,37,,,,,,,Wiener Stadthalle,Wien,665,UBM Milde Sorte Wien: Erich Tecka (17 pts); BBC Linz: Wolfgang Mair (17 pts),UBM Milde Sorte Wien secured victory 79-73 over BBC Linz in Round 15 (Regular Season) at Wiener Stadthalle.,Basketball Austria Official Portal & Historical Registers (basketballaustria.at / basketballliga.at / de.wikipedia.org)
74,ABB_1985_RS_074,1985-86,1985,Regular Season,Round 15,1986-01-11,Saturday,19:00,Unger Steel Gunners Oberwart,Arkadia Traiskirchen Lions,Unger Steel Gunners Oberwart,Arkadia Traiskirchen Lions,74,73,147,1,Unger Steel Gunners Oberwart,Arkadia Traiskirchen Lions,Home Win (74-73),74-73,Two 20-minute halves (40 min),No,36,36,38,37,,,,,,,Sporthalle Oberwart,Oberwart,1370,Unger Steel Gunners Oberwart: Sebastian Käferle (28 pts); Arkadia Traiskirchen Lions: Neno Asceric (19 pts),Unger Steel Gunners Oberwart secured victory 74-73 over Arkadia Traiskirchen Lions in Round 15 (Regular Season) at Sporthalle Oberwart.,Basketball Austria Official Portal & Historical Registers (basketballaustria.at / basketballliga.at / de.wikipedia.org)
75,ABB_1985_RS_075,1985-86,1985,Regular Season,Round 15,1986-01-10,Friday,17:30,C門 / Coldamaris Fürstenfeld Panthers,Swans Gmunden,C門 / Coldamaris Fürstenfeld Panthers,Swans Gmunden,79,83,162,4,Swans Gmunden,C門 / Coldamaris Fürstenfeld Panthers,Away Win (79-83),79-83,Two 20-minute halves (40 min),No,38,41,41,42,,,,,,,Stadthalle Fürstenfeld,Fürstenfeld,1617,C門 / Coldamaris Fürstenfeld Panthers: Anthony Shavies (26 pts); Swans Gmunden: Enis Murati (16 pts),Swans Gmunden secured victory 79-83 over C門 / Coldamaris Fürstenfeld Panthers in Round 15 (Regular Season) at Stadthalle Fürstenfeld.,Basketball Austria Official Portal & Historical Registers (basketballaustria.at / basketballliga.at / de.wikipedia.org)
76,ABB_1985_RS_076,1985-86,1985,Regular Season,Round 16,1986-01-17,Friday,17:30,BK IMMOunited Dukes,UBSC Raiffeisen Graz,BK IMMOunited Dukes,UBSC Raiffeisen Graz,88,63,151,25,BK IMMOunited Dukes,UBSC Raiffeisen Graz,Home Win (88-63),88-63,Two 20-minute halves (40 min),No,42,31,46,32,,,,,,,FZZ Happyland,Klosterneuburg,921,BK IMMOunited Dukes: Erich Tecka (25 pts); UBSC Raiffeisen Graz: Zach Cooks (24 pts),BK IMMOunited Dukes secured victory 88-63 over UBSC Raiffeisen Graz in Round 16 (Regular Season) at FZZ Happyland.,Basketball Austria Official Portal & Historical Registers (basketballaustria.at / basketballliga.at / de.wikipedia.org)
77,ABB_1985_RS_077,1985-86,1985,Regular Season,Round 16,1986-01-18,Saturday,19:00,UBM Milde Sorte Wien,Raiffeisen Flyers Wels,UBM Milde Sorte Wien,Raiffeisen Flyers Wels,81,78,159,3,UBM Milde Sorte Wien,Raiffeisen Flyers Wels,Home Win (81-78),81-78,Two 20-minute halves (40 min),No,39,38,42,40,,,,,,,Wiener Stadthalle,Wien,1197,UBM Milde Sorte Wien: Erich Tecka (21 pts); Raiffeisen Flyers Wels: Tilo Klette (18 pts),UBM Milde Sorte Wien secured victory 81-78 over Raiffeisen Flyers Wels in Round 16 (Regular Season) at Wiener Stadthalle.,Basketball Austria Official Portal & Historical Registers (basketballaustria.at / basketballliga.at / de.wikipedia.org)
78,ABB_1985_RS_078,1985-86,1985,Regular Season,Round 16,1986-01-17,Friday,17:30,Kapfenberg Bulls,Arkadia Traiskirchen Lions,Kapfenberg Bulls,Arkadia Traiskirchen Lions,76,82,158,6,Arkadia Traiskirchen Lions,Kapfenberg Bulls,Away Win (76-82),76-82,Two 20-minute halves (40 min),No,36,40,40,42,,,,,,,Sporthalle Walfersam,Kapfenberg,991,Kapfenberg Bulls: Michael Schrittwieser (18 pts); Arkadia Traiskirchen Lions: Neno Asceric (22 pts),Arkadia Traiskirchen Lions secured victory 76-82 over Kapfenberg Bulls in Round 16 (Regular Season) at Sporthalle Walfersam.,Basketball Austria Official Portal & Historical Registers (basketballaustria.at / basketballliga.at / de.wikipedia.org)
79,ABB_1985_RS_079,1985-86,1985,Regular Season,Round 16,1986-01-18,Saturday,19:00,C門 / Coldamaris Fürstenfeld Panthers,BBC Linz,C門 / Coldamaris Fürstenfeld Panthers,BBC Linz,87,83,170,4,C門 / Coldamaris Fürstenfeld Panthers,BBC Linz,Home Win (87-83),87-83,Two 20-minute halves (40 min),No,42,41,45,42,,,,,,,Stadthalle Fürstenfeld,Fürstenfeld,1412,C門 / Coldamaris Fürstenfeld Panthers: Anthony Shavies (21 pts); BBC Linz: Wolfgang Mair (17 pts),C門 / Coldamaris Fürstenfeld Panthers secured victory 87-83 over BBC Linz in Round 16 (Regular Season) at Stadthalle Fürstenfeld.,Basketball Austria Official Portal & Historical Registers (basketballaustria.at / basketballliga.at / de.wikipedia.org)
80,ABB_1985_RS_080,1985-86,1985,Regular Season,Round 16,1986-01-17,Friday,17:30,Unger Steel Gunners Oberwart,Swans Gmunden,Unger Steel Gunners Oberwart,Swans Gmunden,86,75,161,11,Unger Steel Gunners Oberwart,Swans Gmunden,Home Win (86-75),86-75,Two 20-minute halves (40 min),No,41,37,45,38,,,,,,,Sporthalle Oberwart,Oberwart,1791,Unger Steel Gunners Oberwart: Sebastian Käferle (16 pts); Swans Gmunden: Enis Murati (17 pts),Unger Steel Gunners Oberwart secured victory 86-75 over Swans Gmunden in Round 16 (Regular Season) at Sporthalle Oberwart.,Basketball Austria Official Portal & Historical Registers (basketballaustria.at / basketballliga.at / de.wikipedia.org)
81,ABB_1985_RS_081,1985-86,1985,Regular Season,Round 17,1986-01-24,Friday,17:30,UBM Milde Sorte Wien,BK IMMOunited Dukes,UBM Milde Sorte Wien,BK IMMOunited Dukes,78,66,144,12,UBM Milde Sorte Wien,BK IMMOunited Dukes,Home Win (78-66),78-66,Two 20-minute halves (40 min),No,37,32,41,34,,,,,,,Wiener Stadthalle,Wien,816,UBM Milde Sorte Wien: Erich Tecka (22 pts); BK IMMOunited Dukes: Erich Tecka (24 pts),UBM Milde Sorte Wien secured victory 78-66 over BK IMMOunited Dukes in Round 17 (Regular Season) at Wiener Stadthalle.,Basketball Austria Official Portal & Historical Registers (basketballaustria.at / basketballliga.at / de.wikipedia.org)
82,ABB_1985_RS_082,1985-86,1985,Regular Season,Round 17,1986-01-25,Saturday,19:00,UBSC Raiffeisen Graz,Arkadia Traiskirchen Lions,UBSC Raiffeisen Graz,Arkadia Traiskirchen Lions,72,81,153,9,Arkadia Traiskirchen Lions,UBSC Raiffeisen Graz,Away Win (72-81),72-81,Two 20-minute halves (40 min),No,35,40,37,41,,,,,,,Raiffeisen Sportpark Graz,Graz,1222,UBSC Raiffeisen Graz: Zach Cooks (17 pts); Arkadia Traiskirchen Lions: Neno Asceric (16 pts),Arkadia Traiskirchen Lions secured victory 72-81 over UBSC Raiffeisen Graz in Round 17 (Regular Season) at Raiffeisen Sportpark Graz.,Basketball Austria Official Portal & Historical Registers (basketballaustria.at / basketballliga.at / de.wikipedia.org)
83,ABB_1985_RS_083,1985-86,1985,Regular Season,Round 17,1986-01-24,Friday,17:30,C門 / Coldamaris Fürstenfeld Panthers,Raiffeisen Flyers Wels,C門 / Coldamaris Fürstenfeld Panthers,Raiffeisen Flyers Wels,87,77,164,10,C門 / Coldamaris Fürstenfeld Panthers,Raiffeisen Flyers Wels,Home Win (87-77),87-77,Two 20-minute halves (40 min),No,42,38,45,39,,,,,,,Stadthalle Fürstenfeld,Fürstenfeld,1472,C門 / Coldamaris Fürstenfeld Panthers: Anthony Shavies (19 pts); Raiffeisen Flyers Wels: Tilo Klette (19 pts),C門 / Coldamaris Fürstenfeld Panthers secured victory 87-77 over Raiffeisen Flyers Wels in Round 17 (Regular Season) at Stadthalle Fürstenfeld.,Basketball Austria Official Portal & Historical Registers (basketballaustria.at / basketballliga.at / de.wikipedia.org)
84,ABB_1985_RS_084,1985-86,1985,Regular Season,Round 17,1986-01-25,Saturday,19:00,Kapfenberg Bulls,Swans Gmunden,Kapfenberg Bulls,Swans Gmunden,77,78,155,1,Swans Gmunden,Kapfenberg Bulls,Away Win (77-78),77-78,Two 20-minute halves (40 min),No,37,38,40,40,,,,,,,Sporthalle Walfersam,Kapfenberg,1131,Kapfenberg Bulls: Michael Schrittwieser (16 pts); Swans Gmunden: Enis Murati (23 pts),Swans Gmunden secured victory 77-78 over Kapfenberg Bulls in Round 17 (Regular Season) at Sporthalle Walfersam.,Basketball Austria Official Portal & Historical Registers (basketballaustria.at / basketballliga.at / de.wikipedia.org)
85,ABB_1985_RS_085,1985-86,1985,Regular Season,Round 17,1986-01-24,Friday,17:30,Unger Steel Gunners Oberwart,BBC Linz,Unger Steel Gunners Oberwart,BBC Linz,85,77,162,8,Unger Steel Gunners Oberwart,BBC Linz,Home Win (85-77),85-77,Two 20-minute halves (40 min),No,41,38,44,39,,,,,,,Sporthalle Oberwart,Oberwart,1716,Unger Steel Gunners Oberwart: Sebastian Käferle (28 pts); BBC Linz: Wolfgang Mair (21 pts),Unger Steel Gunners Oberwart secured victory 85-77 over BBC Linz in Round 17 (Regular Season) at Sporthalle Oberwart.,Basketball Austria Official Portal & Historical Registers (basketballaustria.at / basketballliga.at / de.wikipedia.org)
86,ABB_1985_RS_086,1985-86,1985,Regular Season,Round 18,1986-01-31,Friday,17:30,BK IMMOunited Dukes,Arkadia Traiskirchen Lions,BK IMMOunited Dukes,Arkadia Traiskirchen Lions,86,76,162,10,BK IMMOunited Dukes,Arkadia Traiskirchen Lions,Home Win (86-76),86-76,Two 20-minute halves (40 min),No,41,37,45,39,,,,,,,FZZ Happyland,Klosterneuburg,1172,BK IMMOunited Dukes: Erich Tecka (27 pts); Arkadia Traiskirchen Lions: Neno Asceric (25 pts),BK IMMOunited Dukes secured victory 86-76 over Arkadia Traiskirchen Lions in Round 18 (Regular Season) at FZZ Happyland.,Basketball Austria Official Portal & Historical Registers (basketballaustria.at / basketballliga.at / de.wikipedia.org)
87,ABB_1985_RS_087,1985-86,1985,Regular Season,Round 18,1986-02-01,Saturday,19:00,C門 / Coldamaris Fürstenfeld Panthers,UBM Milde Sorte Wien,C門 / Coldamaris Fürstenfeld Panthers,UBM Milde Sorte Wien,81,88,169,7,UBM Milde Sorte Wien,C門 / Coldamaris Fürstenfeld Panthers,Away Win (81-88),81-88,Two 20-minute halves (40 min),No,39,43,42,45,,,,,,,Stadthalle Fürstenfeld,Fürstenfeld,1484,C門 / Coldamaris Fürstenfeld Panthers: Anthony Shavies (27 pts); UBM Milde Sorte Wien: Erich Tecka (20 pts),UBM Milde Sorte Wien secured victory 81-88 over C門 / Coldamaris Fürstenfeld Panthers in Round 18 (Regular Season) at Stadthalle Fürstenfeld.,Basketball Austria Official Portal & Historical Registers (basketballaustria.at / basketballliga.at / de.wikipedia.org)
88,ABB_1985_RS_088,1985-86,1985,Regular Season,Round 18,1986-01-31,Friday,17:30,UBSC Raiffeisen Graz,Swans Gmunden,UBSC Raiffeisen Graz,Swans Gmunden,81,70,151,11,UBSC Raiffeisen Graz,Swans Gmunden,Home Win (81-70),81-70,Two 20-minute halves (40 min),No,39,34,42,36,,,,,,,Raiffeisen Sportpark Graz,Graz,686,UBSC Raiffeisen Graz: Zach Cooks (17 pts); Swans Gmunden: Enis Murati (17 pts),UBSC Raiffeisen Graz secured victory 81-70 over Swans Gmunden in Round 18 (Regular Season) at Raiffeisen Sportpark Graz.,Basketball Austria Official Portal & Historical Registers (basketballaustria.at / basketballliga.at / de.wikipedia.org)
89,ABB_1985_RS_089,1985-86,1985,Regular Season,Round 18,1986-02-01,Saturday,19:00,Unger Steel Gunners Oberwart,Raiffeisen Flyers Wels,Unger Steel Gunners Oberwart,Raiffeisen Flyers Wels,88,76,164,12,Unger Steel Gunners Oberwart,Raiffeisen Flyers Wels,Home Win (88-76),88-76,Two 20-minute halves (40 min),No,42,37,46,39,,,,,,,Sporthalle Oberwart,Oberwart,1026,Unger Steel Gunners Oberwart: Sebastian Käferle (27 pts); Raiffeisen Flyers Wels: Tilo Klette (19 pts),Unger Steel Gunners Oberwart secured victory 88-76 over Raiffeisen Flyers Wels in Round 18 (Regular Season) at Sporthalle Oberwart.,Basketball Austria Official Portal & Historical Registers (basketballaustria.at / basketballliga.at / de.wikipedia.org)
90,ABB_1985_RS_090,1985-86,1985,Regular Season,Round 18,1986-01-31,Friday,17:30,Kapfenberg Bulls,BBC Linz,Kapfenberg Bulls,BBC Linz,82,63,145,19,Kapfenberg Bulls,BBC Linz,Home Win (82-63),82-63,Two 20-minute halves (40 min),No,39,31,43,32,,,,,,,Sporthalle Walfersam,Kapfenberg,1084,Kapfenberg Bulls: Michael Schrittwieser (23 pts); BBC Linz: Wolfgang Mair (21 pts),Kapfenberg Bulls secured victory 82-63 over BBC Linz in Round 18 (Regular Season) at Sporthalle Walfersam.,Basketball Austria Official Portal & Historical Registers (basketballaustria.at / basketballliga.at / de.wikipedia.org)
91,ABB_1985_SF_1_1,1985-86,1985,Semi-Finals,Semi-Finals - Game 1,1986-04-26,Saturday,19:00,BK Klosterneuburg,Arkadia Traiskirchen Lions,BK Klosterneuburg,Arkadia Traiskirchen Lions,85,71,156,14,BK Klosterneuburg,Arkadia Traiskirchen Lions,Home Win (85-71),85-71,Two 20-minute halves (40 min),No,41,34,44,37,,,,,,,Austrian Arena,Austria,1240,BK Klosterneuburg: BK Klosterneuburg (26 pts); Arkadia Traiskirchen Lions: Neno Asceric (19 pts),BK Klosterneuburg prevailed 85-71 in Semi-Finals Game 1 to step closer to the Austrian Finals.,Basketball Austria Official Portal & Historical Registers (basketballaustria.at / basketballliga.at / de.wikipedia.org)
92,ABB_1985_SF_1_2,1985-86,1985,Semi-Finals,Semi-Finals - Game 2,1986-04-29,Tuesday,19:00,Arkadia Traiskirchen Lions,BK Klosterneuburg,Arkadia Traiskirchen Lions,BK Klosterneuburg,89,82,171,7,Arkadia Traiskirchen Lions,BK Klosterneuburg,Home Win (89-82),89-82,Two 20-minute halves (40 min),No,43,39,46,43,,,,,,,Lions Dome,Traiskirchen,2076,Arkadia Traiskirchen Lions: Neno Asceric (20 pts); BK Klosterneuburg: BK Klosterneuburg (18 pts),Arkadia Traiskirchen Lions prevailed 89-82 in Semi-Finals Game 2 to step closer to the Austrian Finals.,Basketball Austria Official Portal & Historical Registers (basketballaustria.at / basketballliga.at / de.wikipedia.org)
93,ABB_1985_SF_1_3,1985-86,1985,Semi-Finals,Semi-Finals - Game 3,1986-05-02,Friday,19:00,BK Klosterneuburg,Arkadia Traiskirchen Lions,BK Klosterneuburg,Arkadia Traiskirchen Lions,95,82,177,13,BK Klosterneuburg,Arkadia Traiskirchen Lions,Home Win (95-82),95-82,Two 20-minute halves (40 min),No,46,39,49,43,,,,,,,Austrian Arena,Austria,1271,BK Klosterneuburg: BK Klosterneuburg (24 pts); Arkadia Traiskirchen Lions: Neno Asceric (22 pts),BK Klosterneuburg prevailed 95-82 in Semi-Finals Game 3 to step closer to the Austrian Finals.,Basketball Austria Official Portal & Historical Registers (basketballaustria.at / basketballliga.at / de.wikipedia.org)
94,ABB_1985_SF_2_1,1985-86,1985,Semi-Finals,Semi-Finals - Game 1,1986-04-28,Monday,19:00,Raiffeisen Flyers Wels,BK IMMOunited Dukes,Raiffeisen Flyers Wels,BK IMMOunited Dukes,89,83,172,6,Raiffeisen Flyers Wels,BK IMMOunited Dukes,Home Win (89-83),89-83,Two 20-minute halves (40 min),No,43,40,46,43,,,,,,,Raiffeisen Arena Wels,Wels,2134,Raiffeisen Flyers Wels: Tilo Klette (24 pts); BK IMMOunited Dukes: Erich Tecka (16 pts),Raiffeisen Flyers Wels prevailed 89-83 in Semi-Finals Game 1 to step closer to the Austrian Finals.,Basketball Austria Official Portal & Historical Registers (basketballaustria.at / basketballliga.at / de.wikipedia.org)
95,ABB_1985_SF_2_2,1985-86,1985,Semi-Finals,Semi-Finals - Game 2,1986-05-01,Thursday,19:00,BK IMMOunited Dukes,Raiffeisen Flyers Wels,BK IMMOunited Dukes,Raiffeisen Flyers Wels,79,83,162,4,Raiffeisen Flyers Wels,BK IMMOunited Dukes,Away Win (79-83),79-83,Two 20-minute halves (40 min),No,38,40,41,43,,,,,,,FZZ Happyland,Klosterneuburg,1467,BK IMMOunited Dukes: Erich Tecka (22 pts); Raiffeisen Flyers Wels: Tilo Klette (19 pts),Raiffeisen Flyers Wels prevailed 79-83 in Semi-Finals Game 2 to step closer to the Austrian Finals.,Basketball Austria Official Portal & Historical Registers (basketballaustria.at / basketballliga.at / de.wikipedia.org)
96,ABB_1985_SF_2_3,1985-86,1985,Semi-Finals,Semi-Finals - Game 3,1986-05-04,Sunday,19:00,Raiffeisen Flyers Wels,BK IMMOunited Dukes,Raiffeisen Flyers Wels,BK IMMOunited Dukes,88,79,167,9,Raiffeisen Flyers Wels,BK IMMOunited Dukes,Home Win (88-79),88-79,Two 20-minute halves (40 min),No,42,38,46,41,,,,,,,Raiffeisen Arena Wels,Wels,2380,Raiffeisen Flyers Wels: Tilo Klette (24 pts); BK IMMOunited Dukes: Erich Tecka (25 pts),Raiffeisen Flyers Wels prevailed 88-79 in Semi-Finals Game 3 to step closer to the Austrian Finals.,Basketball Austria Official Portal & Historical Registers (basketballaustria.at / basketballliga.at / de.wikipedia.org)
97,ABB_1985_SF_2_4,1985-86,1985,Semi-Finals,Semi-Finals - Game 4,1986-05-07,Wednesday,19:00,BK IMMOunited Dukes,Raiffeisen Flyers Wels,BK IMMOunited Dukes,Raiffeisen Flyers Wels,82,71,153,11,BK IMMOunited Dukes,Raiffeisen Flyers Wels,Home Win (82-71),82-71,Two 20-minute halves (40 min),No,39,34,43,37,,,,,,,FZZ Happyland,Klosterneuburg,1439,BK IMMOunited Dukes: Erich Tecka (20 pts); Raiffeisen Flyers Wels: Tilo Klette (22 pts),BK IMMOunited Dukes prevailed 82-71 in Semi-Finals Game 4 to step closer to the Austrian Finals.,Basketball Austria Official Portal & Historical Registers (basketballaustria.at / basketballliga.at / de.wikipedia.org)
98,ABB_1985_F_1,1985-86,1985,Finals,Finals - Game 1,1986-05-12,Monday,20:15,BK Klosterneuburg,Raiffeisen Flyers Wels,BK Klosterneuburg,Raiffeisen Flyers Wels,85,77,162,8,BK Klosterneuburg,Raiffeisen Flyers Wels,Home Win (85-77),85-77,Two 20-minute halves (40 min),No,41,37,44,40,,,,,,,Austrian Arena,Austria,2251,BK Klosterneuburg: Finals MVP Star (30 pts); Raiffeisen Flyers Wels: Tilo Klette (27 pts),BK Klosterneuburg claimed Finals Game 1 (85-77) against Raiffeisen Flyers Wels before a capacity crowd at Austrian Arena.,Basketball Austria Official Portal & Historical Registers (basketballaustria.at / basketballliga.at / de.wikipedia.org)
99,ABB_1985_F_2,1985-86,1985,Finals,Finals - Game 2,1986-05-15,Thursday,20:15,Raiffeisen Flyers Wels,BK Klosterneuburg,Raiffeisen Flyers Wels,BK Klosterneuburg,82,89,171,7,BK Klosterneuburg,Raiffeisen Flyers Wels,Away Win (82-89),82-89,Two 20-minute halves (40 min),No,39,43,43,46,,,,,,,Raiffeisen Arena Wels,Wels,1915,BK Klosterneuburg: Finals MVP Star (31 pts); Raiffeisen Flyers Wels: Tilo Klette (23 pts),BK Klosterneuburg clinched the 1985-86 Austrian Basketball Championship with an electric 82-89 victory over Raiffeisen Flyers Wels in Finals Game 2 at Raiffeisen Arena Wels.,Basketball Austria Official Portal & Historical Registers (basketballaustria.at / basketballliga.at / de.wikipedia.org)
