id,event,sport_league,alias,native_event_id,original_state,current_state,duplicate_status,custody_class,sporting_result_status,contract_result_status,source_class,canonical_mapping,original_research_timestamp,canonical_pointer,active_for_next_mini,certification_open,classification,mapping_status,sporting_settlement_this_pass,next_carryover
P-126,Sikkim Aakraman FC vs Sikkim Boys Club — SFA A Division S-League,SFA A Division S-League,`TMP-OPEN-20260909-03`,,NOT RESTATED IN CURRENT SELECTED CARRYOVER REGISTER — preserve original canonical/source record; no inference made.,UNRESOLVED_IDENTITY,CANONICAL_REFERENCE_ID_NOT_NEW_TRIAL,ALREADY_CANONICAL_REFERENCE,CONTRACT_OR_SPORTING_FIELD_OPEN,ACTIVE_CONTRACT_OR_SPORTING_UNRESOLVED,SECONDARY_CONFLICTED,P-126,SOURCE_POINTER_ONLY_NOT_RESTATED,`prediction logs/PREDICTION_LOG_COMBINED_6.md#all-log-resolution--2026-10-05`,True,True,ALREADY_CANONICAL_REFERENCE,KNOWN,NO_NEW_GRADE_FROM_2026-10-09,YES; unresolved prior sporting/operator/certification requirements retained
P-136,James Duckworth vs Arthur Fery — ATP Winston-Salem Open 2026 Semifinal,ATP Winston-Salem Open semifinal,—,,NOT RESTATED IN CURRENT SELECTED CARRYOVER REGISTER — preserve original canonical/source record; no inference made.,UNRESOLVED_OPERATOR,CANONICAL_REFERENCE_ID_NOT_NEW_TRIAL,ALREADY_CANONICAL_REFERENCE,CONTRACT_OR_SPORTING_FIELD_OPEN,ACTIVE_CONTRACT_OR_SPORTING_UNRESOLVED,NO_NEW_ADMITTED_TERMINAL_FIELD,P-136,SOURCE_POINTER_ONLY_NOT_RESTATED,`prediction logs/PREDICTION_LOG_COMBINED_6.md#all-log-resolution--2026-10-05`,True,True,ALREADY_CANONICAL_REFERENCE,KNOWN,NO_NEW_GRADE_FROM_2026-10-09,YES; unresolved prior sporting/operator/certification requirements retained
P-148,Toluca Femenil v León Femenil,Liga MX Femenil Apertura,`TMP-OPEN-20260909-04`,,NOT RESTATED IN CURRENT SELECTED CARRYOVER REGISTER — preserve original canonical/source record; no inference made.,UNRESOLVED_TARGET_FIELD_OR_PROVIDER,CANONICAL_REFERENCE_ID_NOT_NEW_TRIAL,ALREADY_CANONICAL_REFERENCE,CONTRACT_OR_SPORTING_FIELD_OPEN,ACTIVE_CONTRACT_OR_SPORTING_UNRESOLVED,OFFICIAL_SCORE_ONLY,P-148,SOURCE_POINTER_ONLY_NOT_RESTATED,`prediction logs/PREDICTION_LOG_COMBINED_6.md#all-log-resolution--2026-10-05`,True,True,ALREADY_CANONICAL_REFERENCE,KNOWN,NO_NEW_GRADE_FROM_2026-10-09,YES; unresolved prior sporting/operator/certification requirements retained
P-149,Colorado Rapids 2 v Ventura County,MLS NEXT Pro,`TMP-OPEN-20260909-05`,,NOT RESTATED IN CURRENT SELECTED CARRYOVER REGISTER — preserve original canonical/source record; no inference made.,UNRESOLVED_TARGET_FIELD_OR_PROVIDER,CANONICAL_REFERENCE_ID_NOT_NEW_TRIAL,ALREADY_CANONICAL_REFERENCE,CONTRACT_OR_SPORTING_FIELD_OPEN,ACTIVE_CONTRACT_OR_SPORTING_UNRESOLVED,NO_NEW_ADMITTED_TERMINAL_FIELD,P-149,SOURCE_POINTER_ONLY_NOT_RESTATED,`prediction logs/PREDICTION_LOG_COMBINED_6.md#all-log-resolution--2026-10-05`,True,True,ALREADY_CANONICAL_REFERENCE,KNOWN,NO_NEW_GRADE_FROM_2026-10-09,YES; unresolved prior sporting/operator/certification requirements retained
P-166,Melbourne Mustangs vs Canberra Brave — AIHL Goodall Cup Semifinal,AIHL Goodall Cup semifinal,—,,NOT RESTATED IN CURRENT SELECTED CARRYOVER REGISTER — preserve original canonical/source record; no inference made.,UNRESOLVED_OPERATOR,CANONICAL_REFERENCE_ID_NOT_NEW_TRIAL,ALREADY_CANONICAL_REFERENCE,CONTRACT_OR_SPORTING_FIELD_OPEN,ACTIVE_CONTRACT_OR_SPORTING_UNRESOLVED,NO_NEW_ADMITTED_TERMINAL_FIELD,P-166,SOURCE_POINTER_ONLY_NOT_RESTATED,`prediction logs/PREDICTION_LOG_COMBINED_6.md#all-log-resolution--2026-10-05`,True,True,ALREADY_CANONICAL_REFERENCE,KNOWN,NO_NEW_GRADE_FROM_2026-10-09,YES; unresolved prior sporting/operator/certification requirements retained
P-176,Amiens SC vs FC Versailles — France Ligue 3,France Ligue 3,`TMP-OPEN-20260909-06`,,NOT RESTATED IN CURRENT SELECTED CARRYOVER REGISTER — preserve original canonical/source record; no inference made.,UNRESOLVED_TARGET_FIELD_OR_PROVIDER,CANONICAL_REFERENCE_ID_NOT_NEW_TRIAL,ALREADY_CANONICAL_REFERENCE,CONTRACT_OR_SPORTING_FIELD_OPEN,ACTIVE_CONTRACT_OR_SPORTING_UNRESOLVED,FEDERATION_SCORE_ONLY,P-176,SOURCE_POINTER_ONLY_NOT_RESTATED,`prediction logs/PREDICTION_LOG_COMBINED_6.md#all-log-resolution--2026-10-05`,True,True,ALREADY_CANONICAL_REFERENCE,KNOWN,NO_NEW_GRADE_FROM_2026-10-09,YES; unresolved prior sporting/operator/certification requirements retained
P-178,AS Cannes vs Le Puy-en-Velay — France Ligue 3,France Ligue 3,`TMP-OPEN-20260909-07`,,NOT RESTATED IN CURRENT SELECTED CARRYOVER REGISTER — preserve original canonical/source record; no inference made.,UNRESOLVED_TARGET_FIELD_OR_PROVIDER,CANONICAL_REFERENCE_ID_NOT_NEW_TRIAL,ALREADY_CANONICAL_REFERENCE,CONTRACT_OR_SPORTING_FIELD_OPEN,ACTIVE_CONTRACT_OR_SPORTING_UNRESOLVED,NO_NEW_ADMITTED_TERMINAL_FIELD,P-178,SOURCE_POINTER_ONLY_NOT_RESTATED,`prediction logs/PREDICTION_LOG_COMBINED_6.md#all-log-resolution--2026-10-05`,True,True,ALREADY_CANONICAL_REFERENCE,KNOWN,NO_NEW_GRADE_FROM_2026-10-09,YES; unresolved prior sporting/operator/certification requirements retained
P-179,Thionville Lusitanos vs Paris 13 Atletico — France Ligue 3,France Ligue 3,`TMP-OPEN-20260909-08`,,NOT RESTATED IN CURRENT SELECTED CARRYOVER REGISTER — preserve original canonical/source record; no inference made.,UNRESOLVED_TARGET_FIELD_OR_PROVIDER,CANONICAL_REFERENCE_ID_NOT_NEW_TRIAL,ALREADY_CANONICAL_REFERENCE,CONTRACT_OR_SPORTING_FIELD_OPEN,ACTIVE_CONTRACT_OR_SPORTING_UNRESOLVED,FEDERATION_SCORE_ONLY,P-179,SOURCE_POINTER_ONLY_NOT_RESTATED,`prediction logs/PREDICTION_LOG_COMBINED_6.md#all-log-resolution--2026-10-05`,True,True,ALREADY_CANONICAL_REFERENCE,KNOWN,NO_NEW_GRADE_FROM_2026-10-09,YES; unresolved prior sporting/operator/certification requirements retained
P-200,Herning Blue Fox vs Rungsted Seier Capital — Danish Metal Ligaen,Danish Metal Ligaen,—,,NOT RESTATED IN CURRENT SELECTED CARRYOVER REGISTER — preserve original canonical/source record; no inference made.,UNRESOLVED_OPERATOR,CANONICAL_REFERENCE_ID_NOT_NEW_TRIAL,ALREADY_CANONICAL_REFERENCE,CONTRACT_OR_SPORTING_FIELD_OPEN,ACTIVE_CONTRACT_OR_SPORTING_UNRESOLVED,NO_NEW_ADMITTED_TERMINAL_FIELD,P-200,SOURCE_POINTER_ONLY_NOT_RESTATED,`prediction logs/PREDICTION_LOG_COMBINED_6.md#all-log-resolution--2026-10-05`,True,True,ALREADY_CANONICAL_REFERENCE,KNOWN,NO_NEW_GRADE_FROM_2026-10-09,YES; unresolved prior sporting/operator/certification requirements retained
P-217,Trinbago Knight Riders vs Guyana Amazon Warriors — CPL,Caribbean Premier League,—,,NOT RESTATED IN CURRENT SELECTED CARRYOVER REGISTER — preserve original canonical/source record; no inference made.,UNRESOLVED_OPERATOR,CANONICAL_REFERENCE_ID_NOT_NEW_TRIAL,ALREADY_CANONICAL_REFERENCE,CONTRACT_OR_SPORTING_FIELD_OPEN,ACTIVE_CONTRACT_OR_SPORTING_UNRESOLVED,NO_NEW_ADMITTED_TERMINAL_FIELD,P-217,SOURCE_POINTER_ONLY_NOT_RESTATED,`prediction logs/PREDICTION_LOG_COMBINED_6.md#all-log-resolution--2026-10-05`,True,True,ALREADY_CANONICAL_REFERENCE,KNOWN,NO_NEW_GRADE_FROM_2026-10-09,YES; unresolved prior sporting/operator/certification requirements retained
P-233,"Beijing Guoan vs Lanzhou Longyuan Athletic — China FA Cup 2026 (quarterfinal, corrected)",China FA Cup quarterfinal,`TMP-OPEN-20260909-09`,,NOT RESTATED IN CURRENT SELECTED CARRYOVER REGISTER — preserve original canonical/source record; no inference made.,UNRESOLVED_TARGET_FIELD_OR_PROVIDER,CANONICAL_REFERENCE_ID_NOT_NEW_TRIAL,ALREADY_CANONICAL_REFERENCE,CONTRACT_OR_SPORTING_FIELD_OPEN,ACTIVE_CONTRACT_OR_SPORTING_UNRESOLVED,NO_NEW_ADMITTED_TERMINAL_FIELD,P-233,SOURCE_POINTER_ONLY_NOT_RESTATED,`prediction logs/PREDICTION_LOG_COMBINED_6.md#all-log-resolution--2026-10-05`,True,True,ALREADY_CANONICAL_REFERENCE,KNOWN,NO_NEW_GRADE_FROM_2026-10-09,YES; unresolved prior sporting/operator/certification requirements retained
P-234,"Dalian Yingbo vs Shanghai Shenhua — China FA Cup 2026 (quarterfinal, corrected)",China FA Cup quarterfinal,`TMP-OPEN-20260909-10`,,NOT RESTATED IN CURRENT SELECTED CARRYOVER REGISTER — preserve original canonical/source record; no inference made.,UNRESOLVED_TARGET_FIELD_OR_PROVIDER,CANONICAL_REFERENCE_ID_NOT_NEW_TRIAL,ALREADY_CANONICAL_REFERENCE,CONTRACT_OR_SPORTING_FIELD_OPEN,ACTIVE_CONTRACT_OR_SPORTING_UNRESOLVED,NO_NEW_ADMITTED_TERMINAL_FIELD,P-234,SOURCE_POINTER_ONLY_NOT_RESTATED,`prediction logs/PREDICTION_LOG_COMBINED_6.md#all-log-resolution--2026-10-05`,True,True,ALREADY_CANONICAL_REFERENCE,KNOWN,NO_NEW_GRADE_FROM_2026-10-09,YES; unresolved prior sporting/operator/certification requirements retained
P-235,"Shandong Taishan vs Shanghai Port — China FA Cup 2026 (quarterfinal, corrected)",China FA Cup quarterfinal,`TMP-OPEN-20260909-11`,,NOT RESTATED IN CURRENT SELECTED CARRYOVER REGISTER — preserve original canonical/source record; no inference made.,UNRESOLVED_TARGET_FIELD_OR_PROVIDER,CANONICAL_REFERENCE_ID_NOT_NEW_TRIAL,ALREADY_CANONICAL_REFERENCE,CONTRACT_OR_SPORTING_FIELD_OPEN,ACTIVE_CONTRACT_OR_SPORTING_UNRESOLVED,NO_NEW_ADMITTED_TERMINAL_FIELD,P-235,SOURCE_POINTER_ONLY_NOT_RESTATED,`prediction logs/PREDICTION_LOG_COMBINED_6.md#all-log-resolution--2026-10-05`,True,True,ALREADY_CANONICAL_REFERENCE,KNOWN,NO_NEW_GRADE_FROM_2026-10-09,YES; unresolved prior sporting/operator/certification requirements retained
P-250,Yunnan Yukun vs Chongqing Tonglianglong,China FA Cup,`TMP-AUDIT-20260912-01`,,NOT RESTATED IN CURRENT SELECTED CARRYOVER REGISTER — preserve original canonical/source record; no inference made.,UNRESOLVED_TARGET_FIELD_OR_PROVIDER,CANONICAL_REFERENCE_ID_NOT_NEW_TRIAL,ALREADY_CANONICAL_REFERENCE,CONTRACT_OR_SPORTING_FIELD_OPEN,ACTIVE_CONTRACT_OR_SPORTING_UNRESOLVED,SECONDARY_PROVISIONAL_UNADMITTED,P-250,SOURCE_POINTER_ONLY_NOT_RESTATED,`prediction logs/PREDICTION_LOG_COMBINED_6.md#all-log-resolution--2026-10-05`,True,True,ALREADY_CANONICAL_REFERENCE,KNOWN,NO_NEW_GRADE_FROM_2026-10-09,YES; unresolved prior sporting/operator/certification requirements retained
P-251,Sassuolo vs Frosinone,Coppa Italia,`TMP-AUDIT-20260912-02`,,NOT RESTATED IN CURRENT SELECTED CARRYOVER REGISTER — preserve original canonical/source record; no inference made.,UNRESOLVED_TARGET_FIELD_OR_PROVIDER,CANONICAL_REFERENCE_ID_NOT_NEW_TRIAL,ALREADY_CANONICAL_REFERENCE,CONTRACT_OR_SPORTING_FIELD_OPEN,ACTIVE_CONTRACT_OR_SPORTING_UNRESOLVED,NO_NEW_ADMITTED_TERMINAL_FIELD,P-251,SOURCE_POINTER_ONLY_NOT_RESTATED,`prediction logs/PREDICTION_LOG_COMBINED_6.md#all-log-resolution--2026-10-05`,True,True,ALREADY_CANONICAL_REFERENCE,KNOWN,NO_NEW_GRADE_FROM_2026-10-09,YES; unresolved prior sporting/operator/certification requirements retained
P-255,Inter Women vs VfL Wolfsburg Women,UEFA Women Champions League,`TMP-AUDIT-20260912-03`,,NOT RESTATED IN CURRENT SELECTED CARRYOVER REGISTER — preserve original canonical/source record; no inference made.,UNRESOLVED_PERIOD,CANONICAL_REFERENCE_ID_NOT_NEW_TRIAL,ALREADY_CANONICAL_REFERENCE,CONTRACT_OR_SPORTING_FIELD_OPEN,ACTIVE_CONTRACT_OR_SPORTING_UNRESOLVED,OFFICIAL_SCORE_AND_PERIOD_ONLY,P-255,SOURCE_POINTER_ONLY_NOT_RESTATED,`prediction logs/PREDICTION_LOG_COMBINED_6.md#all-log-resolution--2026-10-05`,True,True,ALREADY_CANONICAL_REFERENCE,KNOWN,NO_NEW_GRADE_FROM_2026-10-09,YES; unresolved prior sporting/operator/certification requirements retained
P-256,Paris Saint-Germain Women vs Eintracht Frankfurt Women,UEFA Women Champions League,`TMP-AUDIT-20260912-04`,,NOT RESTATED IN CURRENT SELECTED CARRYOVER REGISTER — preserve original canonical/source record; no inference made.,UNRESOLVED_PERIOD,CANONICAL_REFERENCE_ID_NOT_NEW_TRIAL,ALREADY_CANONICAL_REFERENCE,CONTRACT_OR_SPORTING_FIELD_OPEN,ACTIVE_CONTRACT_OR_SPORTING_UNRESOLVED,UEFA_SCORE_ONLY,P-256,SOURCE_POINTER_ONLY_NOT_RESTATED,`prediction logs/PREDICTION_LOG_COMBINED_6.md#all-log-resolution--2026-10-05`,True,True,ALREADY_CANONICAL_REFERENCE,KNOWN,NO_NEW_GRADE_FROM_2026-10-09,YES; unresolved prior sporting/operator/certification requirements retained
P-265,Toluca vs Club León,Leagues Cup,`TMP-AUDIT-20260912-05`,,NOT RESTATED IN CURRENT SELECTED CARRYOVER REGISTER — preserve original canonical/source record; no inference made.,UNRESOLVED_TARGET_FIELD_OR_PROVIDER,CANONICAL_REFERENCE_ID_NOT_NEW_TRIAL,ALREADY_CANONICAL_REFERENCE,CONTRACT_OR_SPORTING_FIELD_OPEN,ACTIVE_CONTRACT_OR_SPORTING_UNRESOLVED,NO_NEW_ADMITTED_TERMINAL_FIELD,P-265,SOURCE_POINTER_ONLY_NOT_RESTATED,`prediction logs/PREDICTION_LOG_COMBINED_6.md#all-log-resolution--2026-10-05`,True,True,ALREADY_CANONICAL_REFERENCE,KNOWN,NO_NEW_GRADE_FROM_2026-10-09,YES; unresolved prior sporting/operator/certification requirements retained
P-274,San Francisco Giants @ Pittsburgh Pirates,MLB,—,,NOT RESTATED IN CURRENT SELECTED CARRYOVER REGISTER — preserve original canonical/source record; no inference made.,UNRESOLVED_OPERATOR,CANONICAL_REFERENCE_ID_NOT_NEW_TRIAL,ALREADY_CANONICAL_REFERENCE,CONTRACT_OR_SPORTING_FIELD_OPEN,ACTIVE_CONTRACT_OR_SPORTING_UNRESOLVED,NO_NEW_ADMITTED_TERMINAL_FIELD,P-274,SOURCE_POINTER_ONLY_NOT_RESTATED,`prediction logs/PREDICTION_LOG_COMBINED_6.md#all-log-resolution--2026-10-05`,True,True,ALREADY_CANONICAL_REFERENCE,KNOWN,NO_NEW_GRADE_FROM_2026-10-09,YES; unresolved prior sporting/operator/certification requirements retained
P-341,BUL FC vs Ntugasaze FC — Uganda Premier League R3,Uganda Premier League,`TMP-OPEN-20260909-01`,,NOT RESTATED IN CURRENT SELECTED CARRYOVER REGISTER — preserve original canonical/source record; no inference made.,UNRESOLVED_TARGET_FIELD_OR_PROVIDER,CANONICAL_REFERENCE_ID_NOT_NEW_TRIAL,ALREADY_CANONICAL_REFERENCE,CONTRACT_OR_SPORTING_FIELD_OPEN,ACTIVE_CONTRACT_OR_SPORTING_UNRESOLVED,OFFICIAL_SCORE_SECONDARY_CORNERS_UNADMITTED,P-341,SOURCE_POINTER_ONLY_NOT_RESTATED,`prediction logs/PREDICTION_LOG_COMBINED_6.md#all-log-resolution--2026-10-05`,True,True,ALREADY_CANONICAL_REFERENCE,KNOWN,NO_NEW_GRADE_FROM_2026-10-09,YES; unresolved prior sporting/operator/certification requirements retained
P-342,MŠK Novohrad Lučenec vs KFC Komárno — Slovnaft Cup R3,Slovnaft Cup,`TMP-OPEN-20260909-02`,,NOT RESTATED IN CURRENT SELECTED CARRYOVER REGISTER — preserve original canonical/source record; no inference made.,UNRESOLVED_TARGET_FIELD_OR_PROVIDER,CANONICAL_REFERENCE_ID_NOT_NEW_TRIAL,ALREADY_CANONICAL_REFERENCE,CONTRACT_OR_SPORTING_FIELD_OPEN,ACTIVE_CONTRACT_OR_SPORTING_UNRESOLVED,NO_NEW_ADMITTED_TERMINAL_FIELD,P-342,SOURCE_POINTER_ONLY_NOT_RESTATED,`prediction logs/PREDICTION_LOG_COMBINED_6.md#all-log-resolution--2026-10-05`,True,True,ALREADY_CANONICAL_REFERENCE,KNOWN,NO_NEW_GRADE_FROM_2026-10-09,YES; unresolved prior sporting/operator/certification requirements retained
P-368,Al Jazira v Al Nasr — UAE Pro League,UAE Pro League,`TMP-OPEN-20260911-01`,,NOT RESTATED IN CURRENT SELECTED CARRYOVER REGISTER — preserve original canonical/source record; no inference made.,UNRESOLVED_TARGET_FIELD_OR_PROVIDER,CANONICAL_REFERENCE_ID_NOT_NEW_TRIAL,ALREADY_CANONICAL_REFERENCE,CONTRACT_OR_SPORTING_FIELD_OPEN,ACTIVE_CONTRACT_OR_SPORTING_UNRESOLVED,NO_NEW_ADMITTED_TERMINAL_FIELD,P-368,SOURCE_POINTER_ONLY_NOT_RESTATED,`prediction logs/PREDICTION_LOG_COMBINED_6.md#all-log-resolution--2026-10-05`,True,True,ALREADY_CANONICAL_REFERENCE,KNOWN,NO_NEW_GRADE_FROM_2026-10-09,YES; unresolved prior sporting/operator/certification requirements retained
P-369,Dubai United v Shabab Al Ahli — UAE Pro League,UAE Pro League; retained competition label requires exact identity confirmation,`TMP-OPEN-20260911-02`,,NOT RESTATED IN CURRENT SELECTED CARRYOVER REGISTER — preserve original canonical/source record; no inference made.,UNRESOLVED_TARGET_FIELD_OR_PROVIDER,CANONICAL_REFERENCE_ID_NOT_NEW_TRIAL,ALREADY_CANONICAL_REFERENCE,CONTRACT_OR_SPORTING_FIELD_OPEN,ACTIVE_CONTRACT_OR_SPORTING_UNRESOLVED,NO_NEW_ADMITTED_TERMINAL_FIELD,P-369,SOURCE_POINTER_ONLY_NOT_RESTATED,`prediction logs/PREDICTION_LOG_COMBINED_6.md#all-log-resolution--2026-10-05`,True,True,ALREADY_CANONICAL_REFERENCE,KNOWN,NO_NEW_GRADE_FROM_2026-10-09,YES; unresolved prior sporting/operator/certification requirements retained
P-377,Xelajú MC vs Cobán Imperial — Guatemala Liga Nacional Apertura 2026,Guatemala Liga Nacional Apertura,`TMP-OPEN-20260912-01`,,NOT RESTATED IN CURRENT SELECTED CARRYOVER REGISTER — preserve original canonical/source record; no inference made.,UNRESOLVED_TARGET_FIELD_OR_PROVIDER,CANONICAL_REFERENCE_ID_NOT_NEW_TRIAL,ALREADY_CANONICAL_REFERENCE,CONTRACT_OR_SPORTING_FIELD_OPEN,ACTIVE_CONTRACT_OR_SPORTING_UNRESOLVED,NO_NEW_ADMITTED_TERMINAL_FIELD,P-377,SOURCE_POINTER_ONLY_NOT_RESTATED,`prediction logs/PREDICTION_LOG_COMBINED_6.md#all-log-resolution--2026-10-05`,True,True,ALREADY_CANONICAL_REFERENCE,KNOWN,NO_NEW_GRADE_FROM_2026-10-09,YES; unresolved prior sporting/operator/certification requirements retained
P-399,Genoa vs Frosinone — Serie A,Serie A,`TMP-OPEN-20260914-01`,,NOT RESTATED IN CURRENT SELECTED CARRYOVER REGISTER — preserve original canonical/source record; no inference made.,UNRESOLVED_TARGET_FIELD_OR_PROVIDER,CANONICAL_REFERENCE_ID_NOT_NEW_TRIAL,ALREADY_CANONICAL_REFERENCE,CONTRACT_OR_SPORTING_FIELD_OPEN,ACTIVE_CONTRACT_OR_SPORTING_UNRESOLVED,NO_NEW_ADMITTED_TERMINAL_FIELD,P-399,SOURCE_POINTER_ONLY_NOT_RESTATED,`prediction logs/PREDICTION_LOG_COMBINED_6.md#all-log-resolution--2026-10-05`,True,True,ALREADY_CANONICAL_REFERENCE,KNOWN,NO_NEW_GRADE_FROM_2026-10-09,YES; unresolved prior sporting/operator/certification requirements retained
P-401,IFK Göteborg vs Halmstads BK — Allsvenskan,Allsvenskan,"`TMP-OPEN-20260914-02`, `TMP-OPEN-20260914-03`",,NOT RESTATED IN CURRENT SELECTED CARRYOVER REGISTER — preserve original canonical/source record; no inference made.,UNRESOLVED_TARGET_FIELD_OR_PROVIDER,CANONICAL_REFERENCE_ID_NOT_NEW_TRIAL,ALREADY_CANONICAL_REFERENCE,CONTRACT_OR_SPORTING_FIELD_OPEN,ACTIVE_CONTRACT_OR_SPORTING_UNRESOLVED,NO_NEW_ADMITTED_TERMINAL_FIELD,P-401,SOURCE_POINTER_ONLY_NOT_RESTATED,`prediction logs/PREDICTION_LOG_COMBINED_6.md#all-log-resolution--2026-10-05`,True,True,ALREADY_CANONICAL_REFERENCE,KNOWN,NO_NEW_GRADE_FROM_2026-10-09,YES; unresolved prior sporting/operator/certification requirements retained
P-407,Club Brugge vs Royal Antwerp FC — Belgium Jupiler Pro League,Belgium Jupiler Pro League,UNKNOWN_FROM_REFERENCE,UNKNOWN_FROM_REFERENCE,FROZEN_CANONICAL_CARD_NOT_REPEATED_IN_MINI,DIAGNOSTIC_ALL_RANKED_ROWS_COMPLETE,CANONICAL_REFERENCE_ID_NOT_NEW_TRIAL,ALREADY_CANONICAL_REFERENCE,PREVIOUSLY_DIAGNOSTICALLY_COMPLETE,REFERENCE_ONLY_CERTIFICATION_NOT_COMPLETE,NO_NEW_ADMITTED_TERMINAL_FIELD,P-407,SOURCE_POINTER_ONLY_NOT_RESTATED,prediction logs/PREDICTION_LOG_COMBINED_6.md#all-log-resolution--2026-10-05,False,True,ALREADY_CANONICAL_REFERENCE,KNOWN,NO_NEW_GRADE_FROM_2026-10-09,YES; unresolved prior sporting/operator/certification requirements retained
P-409,Lille OSC vs ESTAC Troyes — French Ligue 1,France Ligue 1,`TMP-OPEN-20260915-02`,,NOT RESTATED IN CURRENT SELECTED CARRYOVER REGISTER — preserve original canonical/source record; no inference made.,UNRESOLVED_TARGET_FIELD_OR_PROVIDER,CANONICAL_REFERENCE_ID_NOT_NEW_TRIAL,ALREADY_CANONICAL_REFERENCE,CONTRACT_OR_SPORTING_FIELD_OPEN,ACTIVE_CONTRACT_OR_SPORTING_UNRESOLVED,NO_NEW_ADMITTED_TERMINAL_FIELD,P-409,SOURCE_POINTER_ONLY_NOT_RESTATED,`prediction logs/PREDICTION_LOG_COMBINED_6.md#all-log-resolution--2026-10-05`,True,True,ALREADY_CANONICAL_REFERENCE,KNOWN,NO_NEW_GRADE_FROM_2026-10-09,YES; unresolved prior sporting/operator/certification requirements retained
P-410,RB Leipzig vs Hamburger SV — German Bundesliga,German Bundesliga,UNKNOWN_FROM_REFERENCE,UNKNOWN_FROM_REFERENCE,FROZEN_CANONICAL_CARD_NOT_REPEATED_IN_MINI,DIAGNOSTIC_ALL_RANKED_ROWS_COMPLETE,CANONICAL_REFERENCE_ID_NOT_NEW_TRIAL,ALREADY_CANONICAL_REFERENCE,PREVIOUSLY_DIAGNOSTICALLY_COMPLETE,REFERENCE_ONLY_CERTIFICATION_NOT_COMPLETE,NO_NEW_ADMITTED_TERMINAL_FIELD,P-410,SOURCE_POINTER_ONLY_NOT_RESTATED,prediction logs/PREDICTION_LOG_COMBINED_6.md#all-log-resolution--2026-10-05,False,True,ALREADY_CANONICAL_REFERENCE,KNOWN,NO_NEW_GRADE_FROM_2026-10-09,YES; unresolved prior sporting/operator/certification requirements retained
P-418,Drukpa FC vs Royal Thimphu College (RTC) FC — Bhutan Premier League,Bhutan Premier League,`TMP-OPEN-20260915-04`,,NOT RESTATED IN CURRENT SELECTED CARRYOVER REGISTER — preserve original canonical/source record; no inference made.,UNRESOLVED_TARGET_FIELD_OR_PROVIDER,CANONICAL_REFERENCE_ID_NOT_NEW_TRIAL,ALREADY_CANONICAL_REFERENCE,CONTRACT_OR_SPORTING_FIELD_OPEN,ACTIVE_CONTRACT_OR_SPORTING_UNRESOLVED,SECONDARY_SCORE_ONLY,P-418,SOURCE_POINTER_ONLY_NOT_RESTATED,`prediction logs/PREDICTION_LOG_COMBINED_6.md#all-log-resolution--2026-10-05`,True,True,ALREADY_CANONICAL_REFERENCE,KNOWN,NO_NEW_GRADE_FROM_2026-10-09,YES; unresolved prior sporting/operator/certification requirements retained
P-419,Djurgårdens IF vs GAIS — Sweden Allsvenskan,Allsvenskan,`TMP-OPEN-20260915-05`,,NOT RESTATED IN CURRENT SELECTED CARRYOVER REGISTER — preserve original canonical/source record; no inference made.,UNRESOLVED_TARGET_FIELD_OR_PROVIDER,CANONICAL_REFERENCE_ID_NOT_NEW_TRIAL,ALREADY_CANONICAL_REFERENCE,CONTRACT_OR_SPORTING_FIELD_OPEN,ACTIVE_CONTRACT_OR_SPORTING_UNRESOLVED,NO_NEW_ADMITTED_TERMINAL_FIELD,P-419,SOURCE_POINTER_ONLY_NOT_RESTATED,`prediction logs/PREDICTION_LOG_COMBINED_6.md#all-log-resolution--2026-10-05`,True,True,ALREADY_CANONICAL_REFERENCE,KNOWN,NO_NEW_GRADE_FROM_2026-10-09,YES; unresolved prior sporting/operator/certification requirements retained
P-430,Al Ain FC vs Al Nassr — AFC Champions League Elite MD1,AFC Champions League Elite,`TMP-OPEN-20260917-01`,,NOT RESTATED IN CURRENT SELECTED CARRYOVER REGISTER — preserve original canonical/source record; no inference made.,UNRESOLVED_TARGET_FIELD_OR_PROVIDER,CANONICAL_REFERENCE_ID_NOT_NEW_TRIAL,ALREADY_CANONICAL_REFERENCE,CONTRACT_OR_SPORTING_FIELD_OPEN,ACTIVE_CONTRACT_OR_SPORTING_UNRESOLVED,AFC_OFFICIAL_SCORE_ONLY,P-430,SOURCE_POINTER_ONLY_NOT_RESTATED,`prediction logs/PREDICTION_LOG_COMBINED_6.md#all-log-resolution--2026-10-05`,True,True,ALREADY_CANONICAL_REFERENCE,KNOWN,NO_NEW_GRADE_FROM_2026-10-09,YES; unresolved prior sporting/operator/certification requirements retained
P-492,MLB — San Diego Padres @ Los Angeles Dodgers,MLB,UNKNOWN_FROM_REFERENCE,UNKNOWN_FROM_REFERENCE,FROZEN_CANONICAL_CARD_NOT_REPEATED_IN_MINI,ALL_ORIGINAL_SPORTING_ROWS_DIAGNOSTICALLY_COMPLETE,CANONICAL_REFERENCE_ID_NOT_NEW_TRIAL,ALREADY_CANONICAL_REFERENCE,PREVIOUSLY_DIAGNOSTICALLY_COMPLETE,REFERENCE_ONLY_CERTIFICATION_NOT_COMPLETE,NO_NEW_ADMITTED_TERMINAL_FIELD,P-492,SOURCE_POINTER_ONLY_NOT_RESTATED,prediction logs/PREDICTION_LOG_COMBINED_6.md#all-log-resolution--2026-10-05,False,True,ALREADY_CANONICAL_REFERENCE,KNOWN,NO_NEW_GRADE_FROM_2026-10-09,YES; unresolved prior sporting/operator/certification requirements retained
P-518,MLB New York Mets at Washington Nationals,MLB,UNKNOWN_FROM_REFERENCE,UNKNOWN_FROM_REFERENCE,FROZEN_CANONICAL_CARD_NOT_REPEATED_IN_MINI,DIAGNOSTIC_ALL_RANKED_ROWS_COMPLETE,CANONICAL_REFERENCE_ID_NOT_NEW_TRIAL,ALREADY_CANONICAL_REFERENCE,PREVIOUSLY_DIAGNOSTICALLY_COMPLETE,REFERENCE_ONLY_CERTIFICATION_NOT_COMPLETE,NO_NEW_ADMITTED_TERMINAL_FIELD,P-518,SOURCE_POINTER_ONLY_NOT_RESTATED,prediction logs/PREDICTION_LOG_COMBINED_6.md#all-log-resolution--2026-10-05,False,True,ALREADY_CANONICAL_REFERENCE,KNOWN,NO_NEW_GRADE_FROM_2026-10-09,YES; unresolved prior sporting/operator/certification requirements retained
P-519,AFLW Gold Coast vs St Kilda,AFLW,UNKNOWN_FROM_REFERENCE,UNKNOWN_FROM_REFERENCE,FROZEN_CANONICAL_CARD_NOT_REPEATED_IN_MINI,DIAGNOSTIC_ALL_RANKED_ROWS_COMPLETE,CANONICAL_REFERENCE_ID_NOT_NEW_TRIAL,ALREADY_CANONICAL_REFERENCE,PREVIOUSLY_DIAGNOSTICALLY_COMPLETE,REFERENCE_ONLY_CERTIFICATION_NOT_COMPLETE,NO_NEW_ADMITTED_TERMINAL_FIELD,P-519,SOURCE_POINTER_ONLY_NOT_RESTATED,prediction logs/PREDICTION_LOG_COMBINED_6.md#all-log-resolution--2026-10-05,False,True,ALREADY_CANONICAL_REFERENCE,KNOWN,NO_NEW_GRADE_FROM_2026-10-09,YES; unresolved prior sporting/operator/certification requirements retained
P-520,KBO Hanwha at Lotte,KBO,UNKNOWN_FROM_REFERENCE,UNKNOWN_FROM_REFERENCE,FROZEN_CANONICAL_CARD_NOT_REPEATED_IN_MINI,OWNER_NATIVE_FINAL; ALL_FOUR_SPORTING_ROWS_DIAGNOSTICALLY_COMPLETE,CANONICAL_REFERENCE_ID_NOT_NEW_TRIAL,ALREADY_CANONICAL_REFERENCE,PREVIOUSLY_DIAGNOSTICALLY_COMPLETE,REFERENCE_ONLY_CERTIFICATION_NOT_COMPLETE,NO_NEW_ADMITTED_TERMINAL_FIELD,P-520,SOURCE_POINTER_ONLY_NOT_RESTATED,prediction logs/PREDICTION_LOG_COMBINED_6.md#all-log-resolution--2026-10-05,False,True,ALREADY_CANONICAL_REFERENCE,KNOWN,NO_NEW_GRADE_FROM_2026-10-09,YES; unresolved prior sporting/operator/certification requirements retained
P-521,ACB Breogan vs Joventut,ACB,UNKNOWN_FROM_REFERENCE,UNKNOWN_FROM_REFERENCE,FROZEN_CANONICAL_CARD_NOT_REPEATED_IN_MINI,DIAGNOSTIC_ALL_RANKED_ROWS_COMPLETE,CANONICAL_REFERENCE_ID_NOT_NEW_TRIAL,ALREADY_CANONICAL_REFERENCE,PREVIOUSLY_DIAGNOSTICALLY_COMPLETE,REFERENCE_ONLY_CERTIFICATION_NOT_COMPLETE,NO_NEW_ADMITTED_TERMINAL_FIELD,P-521,SOURCE_POINTER_ONLY_NOT_RESTATED,prediction logs/PREDICTION_LOG_COMBINED_6.md#all-log-resolution--2026-10-05,False,True,ALREADY_CANONICAL_REFERENCE,KNOWN,NO_NEW_GRADE_FROM_2026-10-09,YES; unresolved prior sporting/operator/certification requirements retained
P-522,ACB La Laguna Tenerife vs Casademont Zaragoza,ACB,UNKNOWN_FROM_REFERENCE,UNKNOWN_FROM_REFERENCE,FROZEN_CANONICAL_CARD_NOT_REPEATED_IN_MINI,DIAGNOSTIC_ALL_RANKED_ROWS_COMPLETE,CANONICAL_REFERENCE_ID_NOT_NEW_TRIAL,ALREADY_CANONICAL_REFERENCE,PREVIOUSLY_DIAGNOSTICALLY_COMPLETE,REFERENCE_ONLY_CERTIFICATION_NOT_COMPLETE,NO_NEW_ADMITTED_TERMINAL_FIELD,P-522,SOURCE_POINTER_ONLY_NOT_RESTATED,prediction logs/PREDICTION_LOG_COMBINED_6.md#all-log-resolution--2026-10-05,False,True,ALREADY_CANONICAL_REFERENCE,KNOWN,NO_NEW_GRADE_FROM_2026-10-09,YES; unresolved prior sporting/operator/certification requirements retained
P-523,Oriente Petrolero vs The Strongest — retained October 1 card,BoliviaCopa,—,,NOT RESTATED IN CURRENT SELECTED CARRYOVER REGISTER — preserve original canonical/source record; no inference made.,EXISTING_HISTORICAL_AUDIT_NOT_CERTIFIED; corners UNRESOLVED_LINE,CANONICAL_REFERENCE_ID_NOT_NEW_TRIAL,ALREADY_CANONICAL_REFERENCE,CONTRACT_OR_SPORTING_FIELD_OPEN,ACTIVE_CONTRACT_OR_SPORTING_UNRESOLVED,NO_NEW_ADMITTED_TERMINAL_FIELD,P-523,SOURCE_POINTER_ONLY_NOT_RESTATED,`prediction logs/PREDICTION_LOG_COMBINED_6.md#all-log-resolution--2026-10-05`,True,True,ALREADY_CANONICAL_REFERENCE,KNOWN,NO_NEW_GRADE_FROM_2026-10-09,YES; unresolved prior sporting/operator/certification requirements retained
P-524,KT Wiz @ Kia Tigers — retained October 1 card,KBO,UNKNOWN_FROM_REFERENCE,UNKNOWN_FROM_REFERENCE,FROZEN_CANONICAL_CARD_NOT_REPEATED_IN_MINI,OWNER_FINAL; ALL_FOUR_SPORTING_ROWS_DIAGNOSTICALLY_COMPLETE,CANONICAL_REFERENCE_ID_NOT_NEW_TRIAL,ALREADY_CANONICAL_REFERENCE,PREVIOUSLY_DIAGNOSTICALLY_COMPLETE,REFERENCE_ONLY_CERTIFICATION_NOT_COMPLETE,NO_NEW_ADMITTED_TERMINAL_FIELD,P-524,SOURCE_POINTER_ONLY_NOT_RESTATED,prediction logs/PREDICTION_LOG_COMBINED_6.md#all-log-resolution--2026-10-05,False,True,ALREADY_CANONICAL_REFERENCE,KNOWN,NO_NEW_GRADE_FROM_2026-10-09,YES; unresolved prior sporting/operator/certification requirements retained
P-525,Chunichi Dragons @ Hiroshima Toyo Carp — Game 25,NPB,UNKNOWN_FROM_REFERENCE,UNKNOWN_FROM_REFERENCE,FROZEN_CANONICAL_CARD_NOT_REPEATED_IN_MINI,OWNER_FINAL; ALL_FOUR_SPORTING_ROWS_DIAGNOSTICALLY_COMPLETE,CANONICAL_REFERENCE_ID_NOT_NEW_TRIAL,ALREADY_CANONICAL_REFERENCE,PREVIOUSLY_DIAGNOSTICALLY_COMPLETE,REFERENCE_ONLY_CERTIFICATION_NOT_COMPLETE,NO_NEW_ADMITTED_TERMINAL_FIELD,P-525,SOURCE_POINTER_ONLY_NOT_RESTATED,prediction logs/PREDICTION_LOG_COMBINED_6.md#all-log-resolution--2026-10-05,False,True,ALREADY_CANONICAL_REFERENCE,KNOWN,NO_NEW_GRADE_FROM_2026-10-09,YES; unresolved prior sporting/operator/certification requirements retained
P-526,"Hanwha Eagles @ Samsung Lions — October 1, 2026",KBO,UNKNOWN_FROM_REFERENCE,UNKNOWN_FROM_REFERENCE,FROZEN_CANONICAL_CARD_NOT_REPEATED_IN_MINI,OWNER_FINAL; ALL_FOUR_SPORTING_ROWS_DIAGNOSTICALLY_COMPLETE,CANONICAL_REFERENCE_ID_NOT_NEW_TRIAL,ALREADY_CANONICAL_REFERENCE,PREVIOUSLY_DIAGNOSTICALLY_COMPLETE,REFERENCE_ONLY_CERTIFICATION_NOT_COMPLETE,NO_NEW_ADMITTED_TERMINAL_FIELD,P-526,SOURCE_POINTER_ONLY_NOT_RESTATED,prediction logs/PREDICTION_LOG_COMBINED_6.md#all-log-resolution--2026-10-05,False,True,ALREADY_CANONICAL_REFERENCE,KNOWN,NO_NEW_GRADE_FROM_2026-10-09,YES; unresolved prior sporting/operator/certification requirements retained
P-527,"Hapoel Tel Aviv vs Real Madrid — October 1, 2026",EuroLeague,UNKNOWN_FROM_REFERENCE,UNKNOWN_FROM_REFERENCE,FROZEN_CANONICAL_CARD_NOT_REPEATED_IN_MINI,DIAGNOSTICALLY_SETTLED_NOT_CERTIFIED,CANONICAL_REFERENCE_ID_NOT_NEW_TRIAL,ALREADY_CANONICAL_REFERENCE,PREVIOUSLY_DIAGNOSTICALLY_COMPLETE,REFERENCE_ONLY_CERTIFICATION_NOT_COMPLETE,NO_NEW_ADMITTED_TERMINAL_FIELD,P-527,SOURCE_POINTER_ONLY_NOT_RESTATED,prediction logs/PREDICTION_LOG_COMBINED_6.md#all-log-resolution--2026-10-05,False,True,ALREADY_CANONICAL_REFERENCE,KNOWN,NO_NEW_GRADE_FROM_2026-10-09,YES; unresolved prior sporting/operator/certification requirements retained
P-528,"Grand Rapids Griffins @ Cleveland Monsters — October 2, 2026",AHL,UNKNOWN_FROM_REFERENCE,UNKNOWN_FROM_REFERENCE,FROZEN_CANONICAL_CARD_NOT_REPEATED_IN_MINI,DIAGNOSTICALLY_SETTLED_NOT_CERTIFIED,CANONICAL_REFERENCE_ID_NOT_NEW_TRIAL,ALREADY_CANONICAL_REFERENCE,PREVIOUSLY_DIAGNOSTICALLY_COMPLETE,REFERENCE_ONLY_CERTIFICATION_NOT_COMPLETE,NO_NEW_ADMITTED_TERMINAL_FIELD,P-528,SOURCE_POINTER_ONLY_NOT_RESTATED,prediction logs/PREDICTION_LOG_COMBINED_6.md#all-log-resolution--2026-10-05,False,True,ALREADY_CANONICAL_REFERENCE,KNOWN,NO_NEW_GRADE_FROM_2026-10-09,YES; unresolved prior sporting/operator/certification requirements retained
P-529,"Philadelphia Flyers @ New Jersey Devils — October 1, 2026",NHL,UNKNOWN_FROM_REFERENCE,UNKNOWN_FROM_REFERENCE,FROZEN_CANONICAL_CARD_NOT_REPEATED_IN_MINI,DIAGNOSTICALLY_SETTLED_NOT_CERTIFIED,CANONICAL_REFERENCE_ID_NOT_NEW_TRIAL,ALREADY_CANONICAL_REFERENCE,PREVIOUSLY_DIAGNOSTICALLY_COMPLETE,REFERENCE_ONLY_CERTIFICATION_NOT_COMPLETE,NO_NEW_ADMITTED_TERMINAL_FIELD,P-529,SOURCE_POINTER_ONLY_NOT_RESTATED,prediction logs/PREDICTION_LOG_COMBINED_6.md#all-log-resolution--2026-10-05,False,True,ALREADY_CANONICAL_REFERENCE,KNOWN,NO_NEW_GRADE_FROM_2026-10-09,YES; unresolved prior sporting/operator/certification requirements retained
P-530,Philadelphia Phillies @ Atlanta Braves — NL Wild Card Game 3,MLB,UNKNOWN_FROM_REFERENCE,UNKNOWN_FROM_REFERENCE,FROZEN_CANONICAL_CARD_NOT_REPEATED_IN_MINI,DIAGNOSTICALLY_SETTLED_NOT_CERTIFIED,CANONICAL_REFERENCE_ID_NOT_NEW_TRIAL,ALREADY_CANONICAL_REFERENCE,PREVIOUSLY_DIAGNOSTICALLY_COMPLETE,REFERENCE_ONLY_CERTIFICATION_NOT_COMPLETE,NO_NEW_ADMITTED_TERMINAL_FIELD,P-530,SOURCE_POINTER_ONLY_NOT_RESTATED,prediction logs/PREDICTION_LOG_COMBINED_6.md#all-log-resolution--2026-10-05,False,True,ALREADY_CANONICAL_REFERENCE,KNOWN,NO_NEW_GRADE_FROM_2026-10-09,YES; unresolved prior sporting/operator/certification requirements retained
P-531,Indiana Fever @ Las Vegas Aces — First Round Game 3,WNBA,UNKNOWN_FROM_REFERENCE,UNKNOWN_FROM_REFERENCE,FROZEN_CANONICAL_CARD_NOT_REPEATED_IN_MINI,DIAGNOSTICALLY_SETTLED_NOT_CERTIFIED,CANONICAL_REFERENCE_ID_NOT_NEW_TRIAL,ALREADY_CANONICAL_REFERENCE,PREVIOUSLY_DIAGNOSTICALLY_COMPLETE,REFERENCE_ONLY_CERTIFICATION_NOT_COMPLETE,NO_NEW_ADMITTED_TERMINAL_FIELD,P-531,SOURCE_POINTER_ONLY_NOT_RESTATED,prediction logs/PREDICTION_LOG_COMBINED_6.md#all-log-resolution--2026-10-05,False,True,ALREADY_CANONICAL_REFERENCE,KNOWN,NO_NEW_GRADE_FROM_2026-10-09,YES; unresolved prior sporting/operator/certification requirements retained
P-532,"Tasmania JackJumpers vs Melbourne United (NBL27, Round 3)",NBL,UNKNOWN_FROM_REFERENCE,UNKNOWN_FROM_REFERENCE,FROZEN_CANONICAL_CARD_NOT_REPEATED_IN_MINI,DIAGNOSTICALLY_SETTLED_NOT_CERTIFIED,CANONICAL_REFERENCE_ID_NOT_NEW_TRIAL,ALREADY_CANONICAL_REFERENCE,PREVIOUSLY_DIAGNOSTICALLY_COMPLETE,REFERENCE_ONLY_CERTIFICATION_NOT_COMPLETE,NO_NEW_ADMITTED_TERMINAL_FIELD,P-532,SOURCE_POINTER_ONLY_NOT_RESTATED,prediction logs/PREDICTION_LOG_COMBINED_6.md#all-log-resolution--2026-10-05,False,True,ALREADY_CANONICAL_REFERENCE,KNOWN,NO_NEW_GRADE_FROM_2026-10-09,YES; unresolved prior sporting/operator/certification requirements retained
P-533,"KIA Tigers @ LG Twins (KBO League 2026, Regular Season)",KBO,UNKNOWN_FROM_REFERENCE,UNKNOWN_FROM_REFERENCE,FROZEN_CANONICAL_CARD_NOT_REPEATED_IN_MINI,DIAGNOSTICALLY_SETTLED_NOT_CERTIFIED,CANONICAL_REFERENCE_ID_NOT_NEW_TRIAL,ALREADY_CANONICAL_REFERENCE,PREVIOUSLY_DIAGNOSTICALLY_COMPLETE,REFERENCE_ONLY_CERTIFICATION_NOT_COMPLETE,NO_NEW_ADMITTED_TERMINAL_FIELD,P-533,SOURCE_POINTER_ONLY_NOT_RESTATED,prediction logs/PREDICTION_LOG_COMBINED_6.md#all-log-resolution--2026-10-05,False,True,ALREADY_CANONICAL_REFERENCE,KNOWN,NO_NEW_GRADE_FROM_2026-10-09,YES; unresolved prior sporting/operator/certification requirements retained
P-534,"Sydney Roosters vs Newcastle Knights (NRL 2026, Grand Final)",NRL,UNKNOWN_FROM_REFERENCE,UNKNOWN_FROM_REFERENCE,FROZEN_CANONICAL_CARD_NOT_REPEATED_IN_MINI,DIAGNOSTICALLY_SETTLED_NOT_CERTIFIED,CANONICAL_REFERENCE_ID_NOT_NEW_TRIAL,ALREADY_CANONICAL_REFERENCE,PREVIOUSLY_DIAGNOSTICALLY_COMPLETE,REFERENCE_ONLY_CERTIFICATION_NOT_COMPLETE,NO_NEW_ADMITTED_TERMINAL_FIELD,P-534,SOURCE_POINTER_ONLY_NOT_RESTATED,prediction logs/PREDICTION_LOG_COMBINED_6.md#all-log-resolution--2026-10-05,False,True,ALREADY_CANONICAL_REFERENCE,KNOWN,NO_NEW_GRADE_FROM_2026-10-09,YES; unresolved prior sporting/operator/certification requirements retained
P-535,"Panathinaikos AKTOR vs Vikos Falcons (Greek Basket League 2026-27, Round 1)",Greek Basket League,UNKNOWN_FROM_REFERENCE,UNKNOWN_FROM_REFERENCE,FROZEN_CANONICAL_CARD_NOT_REPEATED_IN_MINI,DIAGNOSTICALLY_SETTLED_NOT_CERTIFIED,CANONICAL_REFERENCE_ID_NOT_NEW_TRIAL,ALREADY_CANONICAL_REFERENCE,PREVIOUSLY_DIAGNOSTICALLY_COMPLETE,REFERENCE_ONLY_CERTIFICATION_NOT_COMPLETE,NO_NEW_ADMITTED_TERMINAL_FIELD,P-535,SOURCE_POINTER_ONLY_NOT_RESTATED,prediction logs/PREDICTION_LOG_COMBINED_6.md#all-log-resolution--2026-10-05,False,True,ALREADY_CANONICAL_REFERENCE,KNOWN,NO_NEW_GRADE_FROM_2026-10-09,YES; unresolved prior sporting/operator/certification requirements retained
P-536,"FC Bayern München vs EWE Baskets Oldenburg (easyCredit BBL 2026-27, Round 4)",BBL,UNKNOWN_FROM_REFERENCE,UNKNOWN_FROM_REFERENCE,FROZEN_CANONICAL_CARD_NOT_REPEATED_IN_MINI,DIAGNOSTICALLY_SETTLED_NOT_CERTIFIED,CANONICAL_REFERENCE_ID_NOT_NEW_TRIAL,ALREADY_CANONICAL_REFERENCE,PREVIOUSLY_DIAGNOSTICALLY_COMPLETE,REFERENCE_ONLY_CERTIFICATION_NOT_COMPLETE,NO_NEW_ADMITTED_TERMINAL_FIELD,P-536,SOURCE_POINTER_ONLY_NOT_RESTATED,prediction logs/PREDICTION_LOG_COMBINED_6.md#all-log-resolution--2026-10-05,False,True,ALREADY_CANONICAL_REFERENCE,KNOWN,NO_NEW_GRADE_FROM_2026-10-09,YES; unresolved prior sporting/operator/certification requirements retained
P-537,"Kyrgyzstan vs Lebanon (International Friendly, FIFA Window)",International Friendly,—,,NOT RESTATED IN CURRENT SELECTED CARRYOVER REGISTER — preserve original canonical/source record; no inference made.,PARTIALLY_DIAGNOSTICALLY_SETTLED_PERIOD_AND_PROVIDER_OPEN,CANONICAL_REFERENCE_ID_NOT_NEW_TRIAL,ALREADY_CANONICAL_REFERENCE,CONTRACT_OR_SPORTING_FIELD_OPEN,ACTIVE_CONTRACT_OR_SPORTING_UNRESOLVED,MULTIPLE_SECONDARY_CORROBORATION_OWNER_PENDING,P-537,SOURCE_POINTER_ONLY_NOT_RESTATED,`prediction logs/PREDICTION_LOG_COMBINED_6.md#all-log-resolution--2026-10-05`,True,True,ALREADY_CANONICAL_REFERENCE,KNOWN,NO_NEW_GRADE_FROM_2026-10-09,YES; unresolved prior sporting/operator/certification requirements retained
P-538,Florida Panthers @ Los Angeles Kings,NHL,UNKNOWN_FROM_REFERENCE,UNKNOWN_FROM_REFERENCE,FROZEN_CANONICAL_CARD_NOT_REPEATED_IN_MINI,DIAGNOSTIC_SPORTING_COMPLETE_CERTIFICATION_UNRESOLVED,CANONICAL_REFERENCE_ID_NOT_NEW_TRIAL,ALREADY_CANONICAL_REFERENCE,PREVIOUSLY_DIAGNOSTICALLY_COMPLETE,REFERENCE_ONLY_CERTIFICATION_NOT_COMPLETE,NO_NEW_ADMITTED_TERMINAL_FIELD,P-538,SOURCE_POINTER_ONLY_NOT_RESTATED,prediction logs/PREDICTION_LOG_COMBINED_6.md,False,True,ALREADY_CANONICAL_REFERENCE,KNOWN,NO_NEW_GRADE_FROM_2026-10-09,YES; unresolved prior sporting/operator/certification requirements retained
P-539,Aleksandar Kovacevic vs Matteo Berrettini,ATP Shanghai,UNKNOWN_FROM_REFERENCE,UNKNOWN_FROM_REFERENCE,FROZEN_CANONICAL_CARD_NOT_REPEATED_IN_MINI,DIAGNOSTIC_SPORTING_COMPLETE_CERTIFICATION_UNRESOLVED,CANONICAL_REFERENCE_ID_NOT_NEW_TRIAL,ALREADY_CANONICAL_REFERENCE,PREVIOUSLY_DIAGNOSTICALLY_COMPLETE,REFERENCE_ONLY_CERTIFICATION_NOT_COMPLETE,NO_NEW_ADMITTED_TERMINAL_FIELD,P-539,SOURCE_POINTER_ONLY_NOT_RESTATED,prediction logs/PREDICTION_LOG_COMBINED_6.md,False,True,ALREADY_CANONICAL_REFERENCE,KNOWN,NO_NEW_GRADE_FROM_2026-10-09,YES; unresolved prior sporting/operator/certification requirements retained
P-540,Adrian Mannarino vs Nikoloz Basilashvili,ATP Shanghai,—,,NOT RESTATED IN CURRENT SELECTED CARRYOVER REGISTER — preserve original canonical/source record; no inference made.,UNKNOWN_DEFINITION_RETIREMENT,CANONICAL_REFERENCE_ID_NOT_NEW_TRIAL,ALREADY_CANONICAL_REFERENCE,CONTRACT_OR_SPORTING_FIELD_OPEN,ACTIVE_CONTRACT_OR_SPORTING_UNRESOLVED,NO_NEW_ADMITTED_TERMINAL_FIELD,P-540,SOURCE_POINTER_ONLY_NOT_RESTATED,`prediction logs/PREDICTION_LOG_COMBINED_6.md`,True,True,ALREADY_CANONICAL_REFERENCE,KNOWN,NO_NEW_GRADE_FROM_2026-10-09,YES; unresolved prior sporting/operator/certification requirements retained
P-541,Mattia Bellucci vs Yi Zhou,ATP Shanghai,UNKNOWN_FROM_REFERENCE,UNKNOWN_FROM_REFERENCE,FROZEN_CANONICAL_CARD_NOT_REPEATED_IN_MINI,DIAGNOSTIC_SPORTING_COMPLETE_CERTIFICATION_UNRESOLVED,CANONICAL_REFERENCE_ID_NOT_NEW_TRIAL,ALREADY_CANONICAL_REFERENCE,PREVIOUSLY_DIAGNOSTICALLY_COMPLETE,REFERENCE_ONLY_CERTIFICATION_NOT_COMPLETE,NO_NEW_ADMITTED_TERMINAL_FIELD,P-541,SOURCE_POINTER_ONLY_NOT_RESTATED,prediction logs/PREDICTION_LOG_COMBINED_6.md,False,True,ALREADY_CANONICAL_REFERENCE,KNOWN,NO_NEW_GRADE_FROM_2026-10-09,YES; unresolved prior sporting/operator/certification requirements retained
P-542,Adelaide 36ers vs Melbourne United,NBL,UNKNOWN_FROM_REFERENCE,UNKNOWN_FROM_REFERENCE,FROZEN_CANONICAL_CARD_NOT_REPEATED_IN_MINI,DIAGNOSTIC_SPORTING_COMPLETE_CERTIFICATION_UNRESOLVED,CANONICAL_REFERENCE_ID_NOT_NEW_TRIAL,ALREADY_CANONICAL_REFERENCE,PREVIOUSLY_DIAGNOSTICALLY_COMPLETE,REFERENCE_ONLY_CERTIFICATION_NOT_COMPLETE,NO_NEW_ADMITTED_TERMINAL_FIELD,P-542,SOURCE_POINTER_ONLY_NOT_RESTATED,prediction logs/PREDICTION_LOG_COMBINED_6.md,False,True,ALREADY_CANONICAL_REFERENCE,KNOWN,NO_NEW_GRADE_FROM_2026-10-09,YES; unresolved prior sporting/operator/certification requirements retained
P-543,Hiroshima Toyo Carp @ Hanshin Tigers,NPB,UNKNOWN_FROM_REFERENCE,UNKNOWN_FROM_REFERENCE,FROZEN_CANONICAL_CARD_NOT_REPEATED_IN_MINI,DIAGNOSTIC_SPORTING_COMPLETE_CERTIFICATION_UNRESOLVED,CANONICAL_REFERENCE_ID_NOT_NEW_TRIAL,ALREADY_CANONICAL_REFERENCE,PREVIOUSLY_DIAGNOSTICALLY_COMPLETE,REFERENCE_ONLY_CERTIFICATION_NOT_COMPLETE,NO_NEW_ADMITTED_TERMINAL_FIELD,P-543,SOURCE_POINTER_ONLY_NOT_RESTATED,prediction logs/PREDICTION_LOG_COMBINED_6.md,False,True,ALREADY_CANONICAL_REFERENCE,KNOWN,NO_NEW_GRADE_FROM_2026-10-09,YES; unresolved prior sporting/operator/certification requirements retained
P-544,Doosan Bears @ LG Twins,KBO,UNKNOWN_FROM_REFERENCE,UNKNOWN_FROM_REFERENCE,FROZEN_CANONICAL_CARD_NOT_REPEATED_IN_MINI,DIAGNOSTIC_SPORTING_COMPLETE_CERTIFICATION_UNRESOLVED,CANONICAL_REFERENCE_ID_NOT_NEW_TRIAL,ALREADY_CANONICAL_REFERENCE,PREVIOUSLY_DIAGNOSTICALLY_COMPLETE,REFERENCE_ONLY_CERTIFICATION_NOT_COMPLETE,NO_NEW_ADMITTED_TERMINAL_FIELD,P-544,SOURCE_POINTER_ONLY_NOT_RESTATED,prediction logs/PREDICTION_LOG_COMBINED_6.md,False,True,ALREADY_CANONICAL_REFERENCE,KNOWN,NO_NEW_GRADE_FROM_2026-10-09,YES; unresolved prior sporting/operator/certification requirements retained
P-545,Hanwha Eagles @ Kiwoom Heroes,KBO,UNKNOWN_FROM_REFERENCE,UNKNOWN_FROM_REFERENCE,FROZEN_CANONICAL_CARD_NOT_REPEATED_IN_MINI,DIAGNOSTIC_SPORTING_COMPLETE_CERTIFICATION_UNRESOLVED,CANONICAL_REFERENCE_ID_NOT_NEW_TRIAL,ALREADY_CANONICAL_REFERENCE,PREVIOUSLY_DIAGNOSTICALLY_COMPLETE,REFERENCE_ONLY_CERTIFICATION_NOT_COMPLETE,NO_NEW_ADMITTED_TERMINAL_FIELD,P-545,SOURCE_POINTER_ONLY_NOT_RESTATED,prediction logs/PREDICTION_LOG_COMBINED_6.md,False,True,ALREADY_CANONICAL_REFERENCE,KNOWN,NO_NEW_GRADE_FROM_2026-10-09,YES; unresolved prior sporting/operator/certification requirements retained
P-546,Samsung Lions @ KT Wiz,KBO,UNKNOWN_FROM_REFERENCE,UNKNOWN_FROM_REFERENCE,FROZEN_CANONICAL_CARD_NOT_REPEATED_IN_MINI,DIAGNOSTIC_SPORTING_COMPLETE_CERTIFICATION_UNRESOLVED,CANONICAL_REFERENCE_ID_NOT_NEW_TRIAL,ALREADY_CANONICAL_REFERENCE,PREVIOUSLY_DIAGNOSTICALLY_COMPLETE,REFERENCE_ONLY_CERTIFICATION_NOT_COMPLETE,NO_NEW_ADMITTED_TERMINAL_FIELD,P-546,SOURCE_POINTER_ONLY_NOT_RESTATED,prediction logs/PREDICTION_LOG_COMBINED_6.md,False,True,ALREADY_CANONICAL_REFERENCE,KNOWN,NO_NEW_GRADE_FROM_2026-10-09,YES; unresolved prior sporting/operator/certification requirements retained
P-547,NC Dinos @ SSG Landers,KBO,UNKNOWN_FROM_REFERENCE,UNKNOWN_FROM_REFERENCE,FROZEN_CANONICAL_CARD_NOT_REPEATED_IN_MINI,DIAGNOSTIC_SPORTING_COMPLETE_CERTIFICATION_UNRESOLVED,CANONICAL_REFERENCE_ID_NOT_NEW_TRIAL,ALREADY_CANONICAL_REFERENCE,PREVIOUSLY_DIAGNOSTICALLY_COMPLETE,REFERENCE_ONLY_CERTIFICATION_NOT_COMPLETE,NO_NEW_ADMITTED_TERMINAL_FIELD,P-547,SOURCE_POINTER_ONLY_NOT_RESTATED,prediction logs/PREDICTION_LOG_COMBINED_6.md,False,True,ALREADY_CANONICAL_REFERENCE,KNOWN,NO_NEW_GRADE_FROM_2026-10-09,YES; unresolved prior sporting/operator/certification requirements retained
P-548,Busan KCC Egis vs Daegu Korea Gas Corporation Pegasus,KBL,UNKNOWN_FROM_REFERENCE,UNKNOWN_FROM_REFERENCE,FROZEN_CANONICAL_CARD_NOT_REPEATED_IN_MINI,DIAGNOSTIC_SPORTING_COMPLETE_CERTIFICATION_UNRESOLVED,CANONICAL_REFERENCE_ID_NOT_NEW_TRIAL,ALREADY_CANONICAL_REFERENCE,PREVIOUSLY_DIAGNOSTICALLY_COMPLETE,REFERENCE_ONLY_CERTIFICATION_NOT_COMPLETE,NO_NEW_ADMITTED_TERMINAL_FIELD,P-548,SOURCE_POINTER_ONLY_NOT_RESTATED,prediction logs/PREDICTION_LOG_COMBINED_6.md,False,True,ALREADY_CANONICAL_REFERENCE,KNOWN,NO_NEW_GRADE_FROM_2026-10-09,YES; unresolved prior sporting/operator/certification requirements retained
P-549,Foshan Nanshi vs Guangxi Hengchen,China League One,UNKNOWN_FROM_REFERENCE,UNKNOWN_FROM_REFERENCE,FROZEN_CANONICAL_CARD_NOT_REPEATED_IN_MINI,DIAGNOSTIC_SPORTING_COMPLETE_CERTIFICATION_UNRESOLVED,CANONICAL_REFERENCE_ID_NOT_NEW_TRIAL,ALREADY_CANONICAL_REFERENCE,PREVIOUSLY_DIAGNOSTICALLY_COMPLETE,REFERENCE_ONLY_CERTIFICATION_NOT_COMPLETE,NO_NEW_ADMITTED_TERMINAL_FIELD,P-549,SOURCE_POINTER_ONLY_NOT_RESTATED,prediction logs/PREDICTION_LOG_COMBINED_6.md,False,True,ALREADY_CANONICAL_REFERENCE,KNOWN,NO_NEW_GRADE_FROM_2026-10-09,YES; unresolved prior sporting/operator/certification requirements retained
P-550,Edmonton Oilers @ Anaheim Ducks,NHL ice hockey,LOCAL-20261008-P-550-NHL-EDM-ANA,2026020055,LATE_START_UNVERIFIED; NOT_CERTIFIED,LOCAL_SPORTING_SETTLED_PROCESS_UNCERTIFIED,UNIQUE_LOCAL_EVENT,LOCAL_UNIMPORTED_EVENT,OFFICIAL_COMPLETED_SPORTING_FINAL,4_SPORTING_ROWS_GRADED_WITH_ORIGINAL_ENDPOINT,FIRST_PARTY_OFFICIAL_SCORE_RESEARCHED_AFTER_ISSUE,PENDING_IMPORT,2026-10-08T13:11:54+11:00 (prior local working mini),,True,True,LOCAL_UNIMPORTED_EVENT,PENDING_IMPORT,3 WIN 1 LOSS,YES; process certification / canonical import outstanding
P-551,Adolfo Daniel Vallejo vs Valentin Royer,ATP tennis,LOCAL-20261008-P-551-ATP-SHANGHAI-VALLEJO-ROYER,,START_UNVERIFIED / POSSIBLY_LIVE; NOT_CERTIFIED; handicap interpreted as games,LOCAL_SPORTING_SETTLED_PROCESS_UNCERTIFIED,UNIQUE_LOCAL_EVENT,LOCAL_UNIMPORTED_EVENT,OFFICIAL_COMPLETED_SPORTING_FINAL,4_SPORTING_ROWS_GRADED_WITH_ORIGINAL_ENDPOINT,FIRST_PARTY_OFFICIAL_SCORE_RESEARCHED_AFTER_ISSUE,PENDING_IMPORT,2026-10-08T16:23:53+11:00,,True,True,LOCAL_UNIMPORTED_EVENT,PENDING_IMPORT,2 WIN 2 LOSS,YES; process certification / canonical import outstanding
P-552,Cairns Taipans vs Brisbane Bullets,Australian NBL basketball,LOCAL-20261008-P-552-NBL-CNS-BRI,,LATE_START_UNVERIFIED_PREGAME_ONLY; NOT_CERTIFIED,LOCAL_SPORTING_SETTLED_PROCESS_UNCERTIFIED,UNIQUE_LOCAL_EVENT,LOCAL_UNIMPORTED_EVENT,OFFICIAL_COMPLETED_SPORTING_FINAL,4_SPORTING_ROWS_GRADED_WITH_ORIGINAL_ENDPOINT,FIRST_PARTY_OFFICIAL_SCORE_RESEARCHED_AFTER_ISSUE,PENDING_IMPORT,2026-10-08T19:35:49+11:00,,True,True,LOCAL_UNIMPORTED_EVENT,PENDING_IMPORT,2 WIN 2 LOSS,YES; process certification / canonical import outstanding
P-553,Kobe Storks vs Chiba Jets,Japan B.PREMIER basketball,LOCAL-20261008-P-553-BP-KOB-CHJ,506439,PREGAME_LISTING / ACTUAL_TIP_UNVERIFIED; NOT_CERTIFIED,LOCAL_SPORTING_SETTLED_PROCESS_UNCERTIFIED,UNIQUE_LOCAL_EVENT,LOCAL_UNIMPORTED_EVENT,OFFICIAL_COMPLETED_SPORTING_FINAL,4_SPORTING_ROWS_GRADED_WITH_ORIGINAL_ENDPOINT,FIRST_PARTY_OFFICIAL_SCORE_RESEARCHED_AFTER_ISSUE,PENDING_IMPORT,2026-10-08T21:03:35+11:00,,True,True,LOCAL_UNIMPORTED_EVENT,PENDING_IMPORT,2 WIN 2 LOSS,YES; process certification / canonical import outstanding
P-554,Nagasaki Velca vs Shinshu Brave Warriors,Japan B.PREMIER basketball,LOCAL-20261008-P-554-BP-NAG-SHI,506440,LATE_OR_IN_PROGRESS_START_UNVERIFIED; NOT_CERTIFIED,LOCAL_SPORTING_SETTLED_PROCESS_UNCERTIFIED,UNIQUE_LOCAL_EVENT,LOCAL_UNIMPORTED_EVENT,OFFICIAL_COMPLETED_SPORTING_FINAL,4_SPORTING_ROWS_GRADED_WITH_ORIGINAL_ENDPOINT,FIRST_PARTY_OFFICIAL_SCORE_RESEARCHED_AFTER_ISSUE,PENDING_IMPORT,2026-10-08T21:12:xx+11:00 (exact local issue timestamp not firmly normalized),,True,True,LOCAL_UNIMPORTED_EVENT,PENDING_IMPORT,2 WIN 2 LOSS,YES; process certification / canonical import outstanding
P-555,Vít Kopřiva vs Zizou Bergs,ATP tennis,LOCAL-20261008-P-555-ATP-SHA-KOP-BER,,START_UNVERIFIED / after estimated clock; NOT_CERTIFIED,LOCAL_SPORTING_SETTLED_PROCESS_UNCERTIFIED,UNIQUE_LOCAL_EVENT,LOCAL_UNIMPORTED_EVENT,OFFICIAL_COMPLETED_SPORTING_FINAL,4_SPORTING_ROWS_GRADED_WITH_ORIGINAL_ENDPOINT,FIRST_PARTY_OFFICIAL_SCORE_RESEARCHED_AFTER_ISSUE,PENDING_IMPORT,2026-10-08T22:34:33+11:00,,True,True,LOCAL_UNIMPORTED_EVENT,PENDING_IMPORT,2 WIN 2 LOSS,YES; process certification / canonical import outstanding
P-556,Cameron Norrie vs Dalibor Svrčina,ATP tennis,LOCAL-20261008-P-556-ATP-SHA-NOR-SVR,,START_UNVERIFIED; NOT_CERTIFIED,LOCAL_SPORTING_SETTLED_PROCESS_UNCERTIFIED,UNIQUE_LOCAL_EVENT,LOCAL_UNIMPORTED_EVENT,OFFICIAL_COMPLETED_SPORTING_FINAL,4_SPORTING_ROWS_GRADED_WITH_ORIGINAL_ENDPOINT,FIRST_PARTY_OFFICIAL_SCORE_RESEARCHED_AFTER_ISSUE,PENDING_IMPORT,2026-10-08T22:45:51+11:00,,True,True,LOCAL_UNIMPORTED_EVENT,PENDING_IMPORT,2 WIN 2 LOSS,YES; process certification / canonical import outstanding
