Game Number,Game ID,Season,Season Phase,Game Type,Series / Round,Series Game No.,Date,Day of Week,Start Time (KST),Away Team,Away Team (Korean),Home Team,Home Team (Korean),Venue,Venue (Korean),City,Away Score,Home Score,Total Runs,Winning Margin,Winning Team,Losing Team,Result,Game Score,Innings Played,Extra Innings,Game Status,Cancellation Reason,Away Line Score,Home Line Score,Away Hits,Home Hits,Away Errors,Home Errors,Away Walks,Home Walks,Winning Pitcher,Losing Pitcher,Save Pitcher,Away Starting Pitcher,Home Starting Pitcher,Notable Players,Game Summary,Primary Data Source
1,20000405HYHA0,2000,Regular Season,Regular Season,None,,2000-04-05,Wednesday,14:00,Hyundai Unicorns,현대 유니콘스,Hanwha Eagles,한화 이글스,Hanwha Life Eagles Park,한화생명이글스파크,Daejeon,17,10,27,7,Hyundai Unicorns,Hanwha Eagles,Away Win,Hyundai Unicorns 17 def. Hanwha Eagles 10,9,N,Official Final,None,,,,,,,,,,,,,,,Record 14 home runs hit combined in season opener; Hyundai 17 def. Hanwha 10.,KBO Official Historical Archive & Opening Day Boxscores
2,20000405LGLO0,2000,Regular Season,Regular Season,None,,2000-04-05,Wednesday,14:00,LG Twins,LG 트윈스,Lotte Giants,롯데 자이언츠,Sajik Baseball Stadium,사직야구장,Busan,12,5,17,7,LG Twins,Lotte Giants,Away Win,LG Twins 12 def. Lotte Giants 5,9,N,Official Final,None,,,,,,,,,,,,,,,LG pitcher Denny Harriger became first foreign pitcher to win an Opening Day game.,KBO Official Historical Archive & Opening Day Boxscores
3,20000405DOHA0,2000,Regular Season,Regular Season,None,,2000-04-05,Wednesday,14:00,Doosan Bears,두산 베어스,Haitai Tigers,해태 타이거즈,Gwangju Mudeung Stadium,광주무등야구장,Gwangju,2,1,3,1,Doosan Bears,Haitai Tigers,Away Win,Doosan Bears 2 def. Haitai Tigers 1,9,N,Official Final,None,,,,,,,,,,,,,,,Doosan edge Haitai 2-1 in pitchers duel at Mudeung Stadium.,KBO Official Historical Archive & Opening Day Boxscores
4,20000405SKSA0,2000,Regular Season,Regular Season,None,,2000-04-05,Wednesday,14:00,SK Wyverns,SK 와이번스,Samsung Lions,삼성 라이온즈,Daegu Citizen Stadium,대구시민야구장,Daegu,2,3,5,1,Samsung Lions,SK Wyverns,Home Win,Samsung Lions 3 def. SK Wyverns 2,9,N,Official Final,None,,,,,,,,,,,,,,,SK Wyverns inaugural franchise game; Samsung win 3-2 at Daegu Citizen Stadium.,KBO Official Historical Archive & Opening Day Boxscores
5,2000POSTSEMI1,2000,Postseason,Semi-Playoff,Semi-Playoff,1,2000-10-14,Saturday,18:00,Samsung Lions,삼성 라이온즈,Lotte Giants,롯데 자이언츠,Sajik Baseball Stadium,사직야구장,Busan,2,0,2,2,Samsung Lions,Lotte Giants,Away Win,Samsung Lions 2 def. Lotte Giants 0,9,N,Official Final,None,0-0-0-0-0-0-0-0-2,0-0-0-0-0-0-0-0-0,,,,,,,마이클 가르시아,주형광,임창용,,,W: 마이클 가르시아; L: 주형광; S: 임창용,Semi-Playoff Game 1: Samsung Lions 2 def. Lotte Giants 0 at Sajik Baseball Stadium.,KBO Official Postseason Boxscores
6,2000POSTSEMI2,2000,Postseason,Semi-Playoff,Semi-Playoff,2,2000-10-15,Sunday,18:00,Lotte Giants,롯데 자이언츠,Samsung Lions,삼성 라이온즈,Daegu Citizen Stadium,대구시민야구장,Daegu,4,2,6,2,Lotte Giants,Samsung Lions,Away Win,Lotte Giants 4 def. Samsung Lions 2,10,Y,Official Final,None,0-0-0-0-0-0-0-0-2-2,0-0-0-1-0-1-0-0-0-0,,,,,,,주형광,임창용,강상수,,,W: 주형광; L: 임창용; S: 강상수,Semi-Playoff Game 2: Lotte Giants 4 def. Samsung Lions 2 at Daegu Citizen Stadium.,KBO Official Postseason Boxscores
7,2000POSTSEMI3,2000,Postseason,Semi-Playoff,Semi-Playoff,3,2000-10-17,Tuesday,18:00,Samsung Lions,삼성 라이온즈,Lotte Giants,롯데 자이언츠,Jamsil Baseball Stadium,잠실야구장,Seoul,5,1,6,4,Samsung Lions,Lotte Giants,Away Win,Samsung Lions 5 def. Lotte Giants 1,9,N,Official Final,None,2-0-0-0-1-0-1-0-1,0-1-0-0-0-0-0-0-0,,,,,,,김현욱,손민한,마이클 가르시아,,,W: 김현욱; L: 손민한; S: 마이클 가르시아,Semi-Playoff Game 3: Samsung Lions 5 def. Lotte Giants 1 at Jamsil Baseball Stadium.,KBO Official Postseason Boxscores
8,2000POSTPO1_1,2000,Postseason,Playoff,Playoff,1,2000-10-19,Thursday,18:00,Samsung Lions,삼성 라이온즈,Hyundai Unicorns,현대 유니콘스,Suwon KT Wiz Park,수원KT위즈파크,Suwon,3,8,11,5,Hyundai Unicorns,Samsung Lions,Home Win,Hyundai Unicorns 8 def. Samsung Lions 3,9,N,Official Final,None,0-0-2-0-0-0-0-0-1,0-0-2-0-3-0-0-3-X,,,,,,,정민태,김진웅,,,,W: 정민태; L: 김진웅,Playoff Series 1 Game 1: Hyundai Unicorns 8 def. Samsung Lions 3 at Suwon KT Wiz Park.,KBO Official Postseason Boxscores
9,2000POSTPO1_2,2000,Postseason,Playoff,Playoff,2,2000-10-20,Friday,18:00,Samsung Lions,삼성 라이온즈,Hyundai Unicorns,현대 유니콘스,Suwon KT Wiz Park,수원KT위즈파크,Suwon,0,6,6,6,Hyundai Unicorns,Samsung Lions,Home Win,Hyundai Unicorns 6 def. Samsung Lions 0,9,N,Official Final,None,0-0-0-0-0-0-0-0-0,2-0-0-0-4-0-0-0-X,,,,,,,김수경,김상진,,,,W: 김수경; L: 김상진,Playoff Series 1 Game 2: Hyundai Unicorns 6 def. Samsung Lions 0 at Suwon KT Wiz Park.,KBO Official Postseason Boxscores
10,2000POSTPO1_3,2000,Postseason,Playoff,Playoff,3,2000-10-22,Sunday,18:00,Hyundai Unicorns,현대 유니콘스,Samsung Lions,삼성 라이온즈,Daegu Citizen Stadium,대구시민야구장,Daegu,4,1,5,3,Hyundai Unicorns,Samsung Lions,Away Win,Hyundai Unicorns 4 def. Samsung Lions 1,9,N,Official Final,None,2-0-0-0-1-0-0-1-1,1-0-0-0-0-0-0-0-0,,,,,,,임선동,마이클 가르시아,위재영,,,W: 임선동; L: 마이클 가르시아,Playoff Series 1 Game 3: Hyundai Unicorns 4 def. Samsung Lions 1 at Daegu Citizen Stadium.,KBO Official Postseason Boxscores
11,2000POSTPO1_4,2000,Postseason,Playoff,Playoff,4,2000-10-23,Monday,18:00,Hyundai Unicorns,현대 유니콘스,Samsung Lions,삼성 라이온즈,Daegu Citizen Stadium,대구시민야구장,Daegu,8,0,8,8,Hyundai Unicorns,Samsung Lions,Away Win,Hyundai Unicorns 8 def. Samsung Lions 0,9,N,Official Final,None,0-0-0-0-6-0-2-0-0,0-0-0-0-0-0-0-0-0,,,,,,,정민태,김진웅,,,,W: 정민태; L: 김진웅,Playoff Series 1 Game 4: Hyundai Unicorns 8 def. Samsung Lions 0 at Daegu Citizen Stadium.,KBO Official Postseason Boxscores
12,2000POSTPO2_1,2000,Postseason,Playoff,Playoff,1,2000-10-20,Friday,18:00,Doosan Bears,두산 베어스,LG Twins,LG 트윈스,Jamsil Baseball Stadium,잠실야구장,Seoul,2,3,5,1,LG Twins,Doosan Bears,Home Win,LG Twins 3 def. Doosan Bears 2,9,N,Official Final,None,0-0-0-1-0-0-1-0-0,0-0-1-0-0-0-0-0-2,,,,,,,김용수,진필중,,,,W: 김용수; L: 진필중,Playoff Series 2 Game 1: LG Twins 3 def. Doosan Bears 2 at Jamsil Baseball Stadium.,KBO Official Postseason Boxscores
13,2000POSTPO2_2,2000,Postseason,Playoff,Playoff,2,2000-10-21,Saturday,18:00,Doosan Bears,두산 베어스,LG Twins,LG 트윈스,Jamsil Baseball Stadium,잠실야구장,Seoul,5,3,8,2,Doosan Bears,LG Twins,Away Win,Doosan Bears 5 def. LG Twins 3,9,N,Official Final,None,0-0-2-0-1-0-0-1-1,1-1-1-0-0-0-0-0-0,,,,,,,이혜천,김용수,박명환,,,W: 이혜천; L: 김용수,Playoff Series 2 Game 2: Doosan Bears 5 def. LG Twins 3 at Jamsil Baseball Stadium.,KBO Official Postseason Boxscores
14,2000POSTPO2_3,2000,Postseason,Playoff,Playoff,3,2000-10-23,Monday,18:00,LG Twins,LG 트윈스,Doosan Bears,두산 베어스,Jamsil Baseball Stadium,잠실야구장,Seoul,4,2,6,2,LG Twins,Doosan Bears,Away Win,LG Twins 4 def. Doosan Bears 2,9,N,Official Final,None,2-1-0-1-0-0-0-0-0,0-0-0-0-0-0-1-1-0,,,,,,,안병원,최용호,장문석,,,W: 안병원; L: 최용호,Playoff Series 2 Game 3: LG Twins 4 def. Doosan Bears 2 at Jamsil Baseball Stadium.,KBO Official Postseason Boxscores
15,2000POSTPO2_4,2000,Postseason,Playoff,Playoff,4,2000-10-24,Tuesday,18:00,LG Twins,LG 트윈스,Doosan Bears,두산 베어스,Jamsil Baseball Stadium,잠실야구장,Seoul,1,5,6,4,Doosan Bears,LG Twins,Home Win,Doosan Bears 5 def. LG Twins 1,9,N,Official Final,None,0-0-0-0-0-0-0-0-1,3-0-0-1-0-1-0-0-X,,,,,,,조계현,데니 해리거,,,,W: 조계현; L: 데니 해리거,Playoff Series 2 Game 4: Doosan Bears 5 def. LG Twins 1 at Jamsil Baseball Stadium.,KBO Official Postseason Boxscores
16,2000POSTPO2_5,2000,Postseason,Playoff,Playoff,5,2000-10-26,Thursday,18:00,LG Twins,LG 트윈스,Doosan Bears,두산 베어스,Jamsil Baseball Stadium,잠실야구장,Seoul,1,3,4,2,Doosan Bears,LG Twins,Home Win,Doosan Bears 3 def. LG Twins 1,9,N,Official Final,None,0-0-1-0-0-0-0-0-0,0-0-0-0-0-0-0-3-X,,,,,,,이혜천,장문석,박명환,,,W: 이혜천; L: 장문석,Playoff Series 2 Game 5: Doosan Bears 3 def. LG Twins 1 at Jamsil Baseball Stadium.,KBO Official Postseason Boxscores
17,2000POSTPO2_6,2000,Postseason,Playoff,Playoff,6,2000-10-27,Friday,18:00,Doosan Bears,두산 베어스,LG Twins,LG 트윈스,Jamsil Baseball Stadium,잠실야구장,Seoul,5,4,9,1,Doosan Bears,LG Twins,Away Win,Doosan Bears 5 def. LG Twins 4,11,Y,Official Final,None,0-0-0-0-2-0-1-0-1-0-1,1-0-0-3-0-0-0-0-0-0-0,,,,,,,박명환,장문석,,,,W: 박명환; L: 장문석,Playoff Series 2 Game 6: Doosan Bears 5 def. LG Twins 4 at Jamsil Baseball Stadium.,KBO Official Postseason Boxscores
18,2000POSTKS_1,2000,Postseason,Korean Series,Korean Series,1,2000-10-30,Monday,18:00,Doosan Bears,두산 베어스,Hyundai Unicorns,현대 유니콘스,Suwon KT Wiz Park,수원KT위즈파크,Suwon,1,9,10,8,Hyundai Unicorns,Doosan Bears,Home Win,Hyundai Unicorns 9 def. Doosan Bears 1,9,N,Official Final,None,0-0-0-0-1-0-0-0-0,1-0-0-3-0-1-0-4-X,,,,,,,김수경,조계현,,,,W: 김수경; L: 조계현,Korean Series Game 1: Hyundai Unicorns 9 def. Doosan Bears 1 at Suwon KT Wiz Park.,KBO Official Postseason Boxscores
19,2000POSTKS_2,2000,Postseason,Korean Series,Korean Series,2,2000-10-31,Tuesday,18:00,Doosan Bears,두산 베어스,Hyundai Unicorns,현대 유니콘스,Suwon KT Wiz Park,수원KT위즈파크,Suwon,0,7,7,7,Hyundai Unicorns,Doosan Bears,Home Win,Hyundai Unicorns 7 def. Doosan Bears 0,9,N,Official Final,None,0-0-0-0-0-0-0-0-0,2-0-0-0-1-3-0-1-X,,,,,,,임선동,이광우,,,,W: 임선동; L: 이광우,Korean Series Game 2: Hyundai Unicorns 7 def. Doosan Bears 0 at Suwon KT Wiz Park.,KBO Official Postseason Boxscores
20,2000POSTKS_3,2000,Postseason,Korean Series,Korean Series,3,2000-11-02,Thursday,18:00,Hyundai Unicorns,현대 유니콘스,Doosan Bears,두산 베어스,Jamsil Baseball Stadium,잠실야구장,Seoul,3,1,4,2,Hyundai Unicorns,Doosan Bears,Away Win,Hyundai Unicorns 3 def. Doosan Bears 1,9,N,Official Final,None,1-0-1-0-0-0-0-0-1,0-0-0-0-0-0-0-0-1,,,,,,,정민태,최용호,조웅천,,,W: 정민태; L: 최용호; S: 조웅천,Korean Series Game 3: Hyundai Unicorns 3 def. Doosan Bears 1 at Jamsil Baseball Stadium.,KBO Official Postseason Boxscores
21,2000POSTKS_4,2000,Postseason,Korean Series,Korean Series,4,2000-11-03,Friday,18:00,Hyundai Unicorns,현대 유니콘스,Doosan Bears,두산 베어스,Jamsil Baseball Stadium,잠실야구장,Seoul,0,6,6,6,Doosan Bears,Hyundai Unicorns,Home Win,Doosan Bears 6 def. Hyundai Unicorns 0,9,N,Official Final,None,0-0-0-0-0-0-0-0-0,0-0-0-4-0-1-1-0-X,,,,,,,조계현,김수경,,,,W: 조계현; L: 김수경,Korean Series Game 4: Doosan Bears 6 def. Hyundai Unicorns 0 at Jamsil Baseball Stadium.,KBO Official Postseason Boxscores
22,2000POSTKS_5,2000,Postseason,Korean Series,Korean Series,5,2000-11-05,Sunday,18:00,Hyundai Unicorns,현대 유니콘스,Doosan Bears,두산 베어스,Jamsil Baseball Stadium,잠실야구장,Seoul,5,8,13,3,Doosan Bears,Hyundai Unicorns,Home Win,Doosan Bears 8 def. Hyundai Unicorns 5,9,N,Official Final,None,0-0-0-0-2-3-0-0-0,0-0-0-0-0-3-0-5-X,,,,,,,진필중,조웅천,,,,W: 진필중; L: 조웅천,Korean Series Game 5: Doosan Bears 8 def. Hyundai Unicorns 5 at Jamsil Baseball Stadium.,KBO Official Postseason Boxscores
23,2000POSTKS_6,2000,Postseason,Korean Series,Korean Series,6,2000-11-06,Monday,18:00,Doosan Bears,두산 베어스,Hyundai Unicorns,현대 유니콘스,Suwon KT Wiz Park,수원KT위즈파크,Suwon,5,4,9,1,Doosan Bears,Hyundai Unicorns,Away Win,Doosan Bears 5 def. Hyundai Unicorns 4,9,N,Official Final,None,0-0-0-3-0-0-1-0-1,1-0-0-0-0-2-0-1-0,,,,,,,박명환,위재영,,,,W: 박명환; L: 위재영,Korean Series Game 6: Doosan Bears 5 def. Hyundai Unicorns 4 at Suwon KT Wiz Park.,KBO Official Postseason Boxscores
24,2000POSTKS_7,2000,Postseason,Korean Series,Korean Series,7,2000-11-07,Tuesday,18:00,Doosan Bears,두산 베어스,Hyundai Unicorns,현대 유니콘스,Suwon KT Wiz Park,수원KT위즈파크,Suwon,2,6,8,4,Hyundai Unicorns,Doosan Bears,Home Win,Hyundai Unicorns 6 def. Doosan Bears 2,9,N,Official Final,None,0-0-0-2-0-0-0-0-0,0-2-0-3-0-0-0-1-X,,,,,,,김수경,조계현,임선동,,,W: 김수경; L: 조계현; S: 임선동,Korean Series Game 7: Hyundai Unicorns 6 def. Doosan Bears 2 at Suwon KT Wiz Park.,KBO Official Postseason Boxscores
