Game Number,Game ID,Season,Season Year,Season Code,Season Phase,Game Type,Round / Stage,Date,Day of Week,Start Time (CET/CEST),UTC Date,Team A,Team B,Home,Away,Home Team Code,Away Team Code,Venue,City / Address,Capacity,Attendance,Home Score,Away Score,Total Points,Winning Margin,Winning Team,Losing Team,Result,Game Score,Overtime,Home Q1,Away Q1,Home Q2,Away Q2,Home Q3,Away Q3,Home Q4,Away Q4,Home OT,Away OT,Game Status,Cancellation Reason,Lead Referee,Referee 2,Referee 3,Notable Players,A Succint one line game comment to summarise that game,Primary Data Source
1,E2000_8,2000-01,2000,E2000,Regular Season,Regular Season,Round 1,2000-10-16,Monday,00:00,2000-10-15T22:00:00Z,Olympiakos,Real Madrid,Real Madrid,Olympiakos,MAD,OLY,PABELLON RAIMUNDO SAPORTA,,5200,4300,75,73,148,2,Real Madrid,Olympiakos,Home Win (75-73),75-73,No,19,23,18,16,16,16,22,18,,,Played,,"RADIC, DANKO","STOKES, RICHARD","COELHO, ANTONIO",Real Madrid team victory,Real Madrid defeated Olympiakos 75-73 in Round 1 (Regular Season).,Euroleague Basketball Official API (api-live.euroleague.net / live.euroleague.net)
2,E2000_4,2000-01,2000,E2000,Regular Season,Regular Season,Round 1,2000-10-18,Wednesday,00:00,2000-10-17T22:00:00Z,Saint Petersburg Lions,Region Wallone Spirou Charleroi,Region Wallone Spirou Charleroi,Saint Petersburg Lions,CHA,PET,LA COUPULE,,3800,3500,80,68,148,12,Region Wallone Spirou Charleroi,Saint Petersburg Lions,Home Win (80-68),80-68,No,23,19,25,20,12,15,20,14,,,Played,,"MPOTITSIS, NIKOS","LAINIOTIS, SOTIRIOS","HARRISON, ROGER",Region Wallone Spirou Charleroi team victory,Region Wallone Spirou Charleroi defeated Saint Petersburg Lions 80-68 in Round 1 (Regular Season).,Euroleague Basketball Official API (api-live.euroleague.net / live.euroleague.net)
3,E2000_5,2000-01,2000,E2000,Regular Season,Regular Season,Round 1,2000-10-18,Wednesday,00:00,2000-10-17T22:00:00Z,Kinder Virtus Bologna,AEK Athens,AEK Athens,Kinder Virtus Bologna,AEK,VIR,OLYMPIC BASKETBALL STADIUM,,18000,1000,78,77,155,1,AEK Athens,Kinder Virtus Bologna,Home Win (78-77),78-77,No,24,15,15,21,27,19,12,22,,,Played,,"BETANCOR, MIGUELO","SHTRIKS, SHAY","LEPETIC, NIKOLA",AEK Athens team victory,AEK Athens defeated Kinder Virtus Bologna 78-77 in Round 1 (Regular Season).,Euroleague Basketball Official API (api-live.euroleague.net / live.euroleague.net)
4,E2000_6,2000-01,2000,E2000,Regular Season,Regular Season,Round 1,2000-10-18,Wednesday,00:00,2000-10-17T22:00:00Z,Tau Ceramica Vitoria-Gasteiz,Cibona VIP,Cibona VIP,Tau Ceramica Vitoria-Gasteiz,CIB,BAS,BASKETBALL CENTER  DRAZEN PETROVIC,"Savska 30, 10000 Zagreb, Croatia",5400,2000,62,60,122,2,Cibona VIP,Tau Ceramica Vitoria-Gasteiz,Home Win (62-60),62-60,No,15,18,13,10,20,17,14,15,,,Played,,"KOUKOULEKIDIS, STELIOS","POZZANA, MAURO","DERVISEVIC, OTGONEDI",Cibona VIP team victory,Cibona VIP defeated Tau Ceramica Vitoria-Gasteiz 62-60 in Round 1 (Regular Season).,Euroleague Basketball Official API (api-live.euroleague.net / live.euroleague.net)
5,E2000_10,2000-01,2000,E2000,Regular Season,Regular Season,Round 1,2000-10-18,Wednesday,00:00,2000-10-17T22:00:00Z,Opel Skyliners,Haribo London Towers,Haribo London Towers,Opel Skyliners,LON,FRA,CRYSTAL PALACE NATIONAL SPORT CENTER,,5000,1100,86,61,147,25,Haribo London Towers,Opel Skyliners,Home Win (86-61),86-61,No,21,14,22,19,16,12,27,16,,,Played,,"KLAAR, LARS","RAMOS, MATEO","MEDAN, DRAGAN",Haribo London Towers team victory,Haribo London Towers defeated Opel Skyliners 86-61 in Round 1 (Regular Season).,Euroleague Basketball Official API (api-live.euroleague.net / live.euroleague.net)
6,E2000_11,2000-01,2000,E2000,Regular Season,Regular Season,Round 1,2000-10-18,Wednesday,00:00,2000-10-17T22:00:00Z,FC Barcelona,Buducnost,Buducnost,FC Barcelona,BUD,BAR,JP CENTAR MORACA,Ivana Milutinovica BB - 81000 Podgorica - Montenegro,5200,4320,77,85,162,8,FC Barcelona,Buducnost,Away Win (85-77),77-85,No,19,26,25,19,17,19,16,21,,,Played,,"NOWICKI, MAREK","ANKARALI, RECEP","RYZHYK, BORYS",FC Barcelona team victory,FC Barcelona defeated Buducnost 77-85 in Round 1 (Regular Season).,Euroleague Basketball Official API (api-live.euroleague.net / live.euroleague.net)
7,E2000_12,2000-01,2000,E2000,Regular Season,Regular Season,Round 1,2000-10-18,Wednesday,00:00,2000-10-17T22:00:00Z,Muller Verona,PAOK Thessaloniki,PAOK Thessaloniki,Muller Verona,PAO,VER,PAOK SPORTS ARENA,"Antoni Tritsi 12 St., 55510 Thessaloniki, Greece",8120,4500,97,94,191,3,PAOK Thessaloniki,Muller Verona,Home Win (97-94),97-94,Yes (1 OT),18,16,21,23,19,24,20,15,19,16,Played,,"MITJANA, JUAN CARLOS","MARTIN, JOSE","ZAMOJSKI, JAKUB",PAOK Thessaloniki team victory,PAOK Thessaloniki defeated Muller Verona 97-94 in Round 1 (Regular Season).,Euroleague Basketball Official API (api-live.euroleague.net / live.euroleague.net)
8,E2000_1,2000-01,2000,E2000,Regular Season,Regular Season,Round 1,2000-10-19,Thursday,00:00,2000-10-18T22:00:00Z,Zadar,Lugano Snakes,Lugano Snakes,Zadar,LUG,ZAD,PALABASKET,,4500,4500,75,74,149,1,Lugano Snakes,Zadar,Home Win (75-74),75-74,No,21,18,17,19,16,15,21,22,,,Played,,"REATTO, MARCELLO","LOVSIN, ANDREJ","PILOIDIS, ANASTASIOS",Lugano Snakes team victory,Lugano Snakes defeated Zadar 75-74 in Round 1 (Regular Season).,Euroleague Basketball Official API (api-live.euroleague.net / live.euroleague.net)
9,E2000_2,2000-01,2000,E2000,Regular Season,Regular Season,Round 1,2000-10-19,Thursday,00:00,2000-10-18T22:00:00Z,Zalgiris Kaunas,PAF Bologna,PAF Bologna,Zalgiris Kaunas,FOR,ZAL,PALADOZZA,"Via Nannetti 1, 40122 Bologna - Italy",5700,4522,91,85,176,6,PAF Bologna,Zalgiris Kaunas,Home Win (91-85),91-85,No,19,22,30,27,22,16,20,20,,,Played,,"TSANIDIS, STAVROS","URUKALO, GORAN","JERSAN, ANDREJ",PAF Bologna team victory,PAF Bologna defeated Zalgiris Kaunas 91-85 in Round 1 (Regular Season).,Euroleague Basketball Official API (api-live.euroleague.net / live.euroleague.net)
10,E2000_3,2000-01,2000,E2000,Regular Season,Regular Season,Round 1,2000-10-19,Thursday,00:00,2000-10-18T22:00:00Z,Peristeri,Adecco Estudiantes,Adecco Estudiantes,Peristeri,EST,PER,PAB. DEP. COMUNIDAD DE MADRID,,11000,4100,86,91,177,5,Peristeri,Adecco Estudiantes,Away Win (91-86),86-91,No,13,23,19,29,22,14,32,25,,,Played,,"DE KEYSER, ARMAND","JOVANOVIC, BRANKO","LICINA, MIODRAG",Peristeri team victory,Peristeri defeated Adecco Estudiantes 86-91 in Round 1 (Regular Season).,Euroleague Basketball Official API (api-live.euroleague.net / live.euroleague.net)
11,E2000_7,2000-01,2000,E2000,Regular Season,Regular Season,Round 1,2000-10-19,Thursday,00:00,2000-10-18T22:00:00Z,Hapoel Jerusalem,Ovarense Aerosoles,Ovarense Aerosoles,Hapoel Jerusalem,OVA,JER,PABELLON POLIVALENTE DAS TRAVESSAS,,5000,3800,82,94,176,12,Hapoel Jerusalem,Ovarense Aerosoles,Away Win (94-82),82-94,No,25,27,20,28,19,21,18,18,,,Played,,"REQUENA, JUAN","MOUZAKIS, COSTAS","KRAAIJEVELD, KAREL",Hapoel Jerusalem team victory,Hapoel Jerusalem defeated Ovarense Aerosoles 82-94 in Round 1 (Regular Season).,Euroleague Basketball Official API (api-live.euroleague.net / live.euroleague.net)
12,E2000_9,2000-01,2000,E2000,Regular Season,Regular Season,Round 1,2000-10-19,Thursday,00:00,2000-10-18T22:00:00Z,Union Olimpija Ljubljana,Benetton Basket,Benetton Basket,Union Olimpija Ljubljana,TRE,LJU,PALAVERDE,,5500,2467,69,71,140,2,Union Olimpija Ljubljana,Benetton Basket,Away Win (71-69),69-71,No,15,27,23,24,17,14,14,6,,,Played,,"WARNICK, TODD","ARTEAGA, JUAN CARLOS","ROCHA, FERNANDO",Union Olimpija Ljubljana team victory,Union Olimpija Ljubljana defeated Benetton Basket 69-71 in Round 1 (Regular Season).,Euroleague Basketball Official API (api-live.euroleague.net / live.euroleague.net)
13,E2000_16,2000-01,2000,E2000,Regular Season,Regular Season,Round 2,2000-10-25,Wednesday,00:00,2000-10-24T22:00:00Z,Region Wallone Spirou Charleroi,Tau Ceramica Vitoria-Gasteiz,Tau Ceramica Vitoria-Gasteiz,Region Wallone Spirou Charleroi,BAS,CHA,FERNANDO BUESA ARENA,"Ctra.  Zurbano s/n, 01013 Vitoria",9923,7000,76,64,140,12,Tau Ceramica Vitoria-Gasteiz,Region Wallone Spirou Charleroi,Home Win (76-64),76-64,No,24,14,17,22,18,17,17,11,,,Played,,"PIMENTEL, ANTONIO","LOPES, LUIS","CHIARI, ROBERTO",Tau Ceramica Vitoria-Gasteiz team victory,Tau Ceramica Vitoria-Gasteiz defeated Region Wallone Spirou Charleroi 76-64 in Round 2 (Regular Season).,Euroleague Basketball Official API (api-live.euroleague.net / live.euroleague.net)
14,E2000_17,2000-01,2000,E2000,Regular Season,Regular Season,Round 2,2000-10-25,Wednesday,00:00,2000-10-24T22:00:00Z,Cibona VIP,Kinder Virtus Bologna,Kinder Virtus Bologna,Cibona VIP,VIR,CIB,PALAMALAGUTI,,8278,5520,106,88,194,18,Kinder Virtus Bologna,Cibona VIP,Home Win (106-88),106-88,No,30,21,36,23,22,23,18,21,,,Played,,"AMOROS, XAVIER","NOWICKI, MAREK","MOUZAKIS, COSTAS",Kinder Virtus Bologna team victory,Kinder Virtus Bologna defeated Cibona VIP 106-88 in Round 2 (Regular Season).,Euroleague Basketball Official API (api-live.euroleague.net / live.euroleague.net)
15,E2000_18,2000-01,2000,E2000,Regular Season,Regular Season,Round 2,2000-10-25,Wednesday,00:00,2000-10-24T22:00:00Z,AEK Athens,Saint Petersburg Lions,Saint Petersburg Lions,AEK Athens,PET,AEK,YUBILEYNI PALACE,"Dobrolyubova Pr., 18 A - 197198 Saint Petersburg",9000,6000,69,90,159,21,AEK Athens,Saint Petersburg Lions,Away Win (90-69),69-90,No,12,21,20,27,11,18,26,24,,,Played,,"RAMOS, MATEO","KRAJNOVIC, STJEPAN","JOVANOVIC, BRANKO",AEK Athens team victory,AEK Athens defeated Saint Petersburg Lions 69-90 in Round 2 (Regular Season).,Euroleague Basketball Official API (api-live.euroleague.net / live.euroleague.net)
16,E2000_22,2000-01,2000,E2000,Regular Season,Regular Season,Round 2,2000-10-25,Wednesday,00:00,2000-10-24T22:00:00Z,Haribo London Towers,Muller Verona,Muller Verona,Haribo London Towers,VER,LON,PALASPORT DI VERONA,,5290,1500,102,76,178,26,Muller Verona,Haribo London Towers,Home Win (102-76),102-76,No,23,17,25,21,25,17,29,21,,,Played,,"TSANIDIS, STAVROS","COELHO, ANTONIO","LLAMAZARES, FELIPE",Muller Verona team victory,Muller Verona defeated Haribo London Towers 102-76 in Round 2 (Regular Season).,Euroleague Basketball Official API (api-live.euroleague.net / live.euroleague.net)
17,E2000_23,2000-01,2000,E2000,Regular Season,Regular Season,Round 2,2000-10-25,Wednesday,00:00,2000-10-24T22:00:00Z,PAOK Thessaloniki,FC Barcelona,FC Barcelona,PAOK Thessaloniki,BAR,PAO,PALAU BLAUGRANA,"Aristides Maillol Av S/N, 08028 Barcelona",7320,6000,58,67,125,9,PAOK Thessaloniki,FC Barcelona,Away Win (67-58),58-67,No,16,20,17,16,6,14,19,17,,,Played,,"DE KEYSER, ARMAND","MPOTITSIS, NIKOS","REATTO, MARCELLO",PAOK Thessaloniki team victory,PAOK Thessaloniki defeated FC Barcelona 58-67 in Round 2 (Regular Season).,Euroleague Basketball Official API (api-live.euroleague.net / live.euroleague.net)
18,E2000_24,2000-01,2000,E2000,Regular Season,Regular Season,Round 2,2000-10-25,Wednesday,00:00,2000-10-24T22:00:00Z,Buducnost,Opel Skyliners,Opel Skyliners,Buducnost,FRA,BUD,BALLSPORTHALLE,,5000,850,79,94,173,15,Buducnost,Opel Skyliners,Away Win (94-79),79-94,No,15,25,21,22,28,23,15,24,,,Played,,"STOKES, RICHARD","JONES, WILLIAM","GARCIA, JOSE RAMON",Buducnost team victory,Buducnost defeated Opel Skyliners 79-94 in Round 2 (Regular Season).,Euroleague Basketball Official API (api-live.euroleague.net / live.euroleague.net)
19,E2000_13,2000-01,2000,E2000,Regular Season,Regular Season,Round 2,2000-10-26,Thursday,00:00,2000-10-25T22:00:00Z,Lugano Snakes,Peristeri,Peristeri,Lugano Snakes,PER,LUG,ANDREAS PAPANDREU,,4000,1532,85,68,153,17,Peristeri,Lugano Snakes,Home Win (85-68),85-68,No,23,17,23,19,26,8,13,24,,,Played,,"SHTRIKS, SHAY","POZZANA, MAURO","CANKOVIC, MILAN",Peristeri team victory,Peristeri defeated Lugano Snakes 85-68 in Round 2 (Regular Season).,Euroleague Basketball Official API (api-live.euroleague.net / live.euroleague.net)
20,E2000_14,2000-01,2000,E2000,Regular Season,Regular Season,Round 2,2000-10-26,Thursday,00:00,2000-10-25T22:00:00Z,Adecco Estudiantes,Zalgiris Kaunas,Zalgiris Kaunas,Adecco Estudiantes,ZAL,EST,S.DARIUS AND S.GIRENAS SPORT CENTER,,4800,1800,77,80,157,3,Adecco Estudiantes,Zalgiris Kaunas,Away Win (80-77),77-80,No,24,25,13,14,22,15,18,26,,,Played,,"RADIC, DANKO","VALTCHEV, GEORGY","SHARRO, LAHDO",Adecco Estudiantes team victory,Adecco Estudiantes defeated Zalgiris Kaunas 77-80 in Round 2 (Regular Season).,Euroleague Basketball Official API (api-live.euroleague.net / live.euroleague.net)
21,E2000_15,2000-01,2000,E2000,Regular Season,Regular Season,Round 2,2000-10-26,Thursday,00:00,2000-10-25T22:00:00Z,PAF Bologna,Zadar,Zadar,PAF Bologna,ZAD,FOR,BASKETBALL HALL JAZINE,,3000,2000,87,91,178,4,PAF Bologna,Zadar,Away Win (91-87),87-91,Yes (1 OT),20,16,23,26,14,18,18,15,12,16,Played,,"BETANCOR, MIGUELO","ANKARALI, RECEP","GUIRAO, LUIS",PAF Bologna team victory,PAF Bologna defeated Zadar 87-91 in Round 2 (Regular Season).,Euroleague Basketball Official API (api-live.euroleague.net / live.euroleague.net)
22,E2000_19,2000-01,2000,E2000,Regular Season,Regular Season,Round 2,2000-10-26,Thursday,00:00,2000-10-25T22:00:00Z,Ovarense Aerosoles,Union Olimpija Ljubljana,Union Olimpija Ljubljana,Ovarense Aerosoles,LJU,OVA,ZAVOD TIVOLI,,4100,2500,102,79,181,23,Union Olimpija Ljubljana,Ovarense Aerosoles,Home Win (102-79),102-79,No,30,20,21,17,22,19,29,23,,,Played,,"DE LA MAZA, FRANCISCO","RALLIS, IOANNIS","BAKALIS, PANAGIOTIS",Union Olimpija Ljubljana team victory,Union Olimpija Ljubljana defeated Ovarense Aerosoles 102-79 in Round 2 (Regular Season).,Euroleague Basketball Official API (api-live.euroleague.net / live.euroleague.net)
23,E2000_20,2000-01,2000,E2000,Regular Season,Regular Season,Round 2,2000-10-26,Thursday,00:00,2000-10-25T22:00:00Z,Benetton Basket,Olympiakos,Olympiakos,Benetton Basket,OLY,TRE,PEACE AND FRIENDSHIP STADIUM,"Ethnarchou Makariou Av., Piraeus",14700,3500,82,73,155,9,Olympiakos,Benetton Basket,Home Win (82-73),82-73,No,26,21,18,15,20,23,18,14,,,Played,,"GALLO, ANTONIO","MITJANA, JUAN CARLOS","RYZHYK, BORYS",Olympiakos team victory,Olympiakos defeated Benetton Basket 82-73 in Round 2 (Regular Season).,Euroleague Basketball Official API (api-live.euroleague.net / live.euroleague.net)
24,E2000_21,2000-01,2000,E2000,Regular Season,Regular Season,Round 2,2000-10-26,Thursday,00:00,2000-10-25T22:00:00Z,Real Madrid,Hapoel Jerusalem,Hapoel Jerusalem,Real Madrid,JER,MAD,MALCHA SPORTS HALL,,3000,3000,74,87,161,13,Real Madrid,Hapoel Jerusalem,Away Win (87-74),74-87,No,25,20,13,29,23,23,13,15,,,Played,,"KOUKOULEKIDIS, STELIOS","ZAMOJSKI, JAKUB","GKONTAS, SPIROS",Real Madrid team victory,Real Madrid defeated Hapoel Jerusalem 74-87 in Round 2 (Regular Season).,Euroleague Basketball Official API (api-live.euroleague.net / live.euroleague.net)
25,E2000_28,2000-01,2000,E2000,Regular Season,Regular Season,Round 3,2000-11-01,Wednesday,00:00,2000-10-31T23:00:00Z,Region Wallone Spirou Charleroi,AEK Athens,AEK Athens,Region Wallone Spirou Charleroi,AEK,CHA,OLYMPIC BASKETBALL STADIUM,,18000,600,97,73,170,24,AEK Athens,Region Wallone Spirou Charleroi,Home Win (97-73),97-73,No,26,29,22,13,24,17,25,14,,,Played,,"MITJANA, JUAN CARLOS","REQUENA, JUAN","REATTO, MARCELLO",AEK Athens team victory,AEK Athens defeated Region Wallone Spirou Charleroi 97-73 in Round 3 (Regular Season).,Euroleague Basketball Official API (api-live.euroleague.net / live.euroleague.net)
26,E2000_29,2000-01,2000,E2000,Regular Season,Regular Season,Round 3,2000-11-01,Wednesday,00:00,2000-10-31T23:00:00Z,Saint Petersburg Lions,Cibona VIP,Cibona VIP,Saint Petersburg Lions,CIB,PET,BASKETBALL CENTER  DRAZEN PETROVIC,"Savska 30, 10000 Zagreb, Croatia",5400,2000,75,70,145,5,Cibona VIP,Saint Petersburg Lions,Home Win (75-70),75-70,No,22,28,11,11,20,14,22,17,,,Played,,"ANKARALI, RECEP","LEPETIC, NIKOLA","PILOIDIS, ANASTASIOS",Cibona VIP team victory,Cibona VIP defeated Saint Petersburg Lions 75-70 in Round 3 (Regular Season).,Euroleague Basketball Official API (api-live.euroleague.net / live.euroleague.net)
27,E2000_30,2000-01,2000,E2000,Regular Season,Regular Season,Round 3,2000-11-01,Wednesday,00:00,2000-10-31T23:00:00Z,Kinder Virtus Bologna,Tau Ceramica Vitoria-Gasteiz,Tau Ceramica Vitoria-Gasteiz,Kinder Virtus Bologna,BAS,VIR,FERNANDO BUESA ARENA,"Ctra.  Zurbano s/n, 01013 Vitoria",9923,9050,59,65,124,6,Kinder Virtus Bologna,Tau Ceramica Vitoria-Gasteiz,Away Win (65-59),59-65,No,18,18,15,12,10,16,16,19,,,Played,,"RADIC, DANKO","DE KEYSER, ARMAND","SHARRO, LAHDO",Kinder Virtus Bologna team victory,Kinder Virtus Bologna defeated Tau Ceramica Vitoria-Gasteiz 59-65 in Round 3 (Regular Season).,Euroleague Basketball Official API (api-live.euroleague.net / live.euroleague.net)
28,E2000_35,2000-01,2000,E2000,Regular Season,Regular Season,Round 3,2000-11-01,Wednesday,00:00,2000-10-31T23:00:00Z,Opel Skyliners,PAOK Thessaloniki,PAOK Thessaloniki,Opel Skyliners,PAO,FRA,PAOK SPORTS ARENA,"Antoni Tritsi 12 St., 55510 Thessaloniki, Greece",8120,1500,100,70,170,30,PAOK Thessaloniki,Opel Skyliners,Home Win (100-70),100-70,No,22,27,24,6,26,11,28,26,,,Played,,"GALLO, ANTONIO","SHTRIKS, SHAY","LOVSIN, ANDREJ",PAOK Thessaloniki team victory,PAOK Thessaloniki defeated Opel Skyliners 100-70 in Round 3 (Regular Season).,Euroleague Basketball Official API (api-live.euroleague.net / live.euroleague.net)
29,E2000_36,2000-01,2000,E2000,Regular Season,Regular Season,Round 3,2000-11-01,Wednesday,00:00,2000-10-31T23:00:00Z,FC Barcelona,Muller Verona,Muller Verona,FC Barcelona,VER,BAR,PALASPORT DI VERONA,,5290,3466,94,90,184,4,Muller Verona,FC Barcelona,Home Win (94-90),94-90,No,24,31,20,21,23,23,27,15,,,Played,,"KOUKOULEKIDIS, STELIOS","GKONTAS, SPIROS","RYZHYK, BORYS",Muller Verona team victory,Muller Verona defeated FC Barcelona 94-90 in Round 3 (Regular Season).,Euroleague Basketball Official API (api-live.euroleague.net / live.euroleague.net)
30,E2000_25,2000-01,2000,E2000,Regular Season,Regular Season,Round 3,2000-11-02,Thursday,00:00,2000-11-01T23:00:00Z,PAF Bologna,Lugano Snakes,Lugano Snakes,PAF Bologna,LUG,FOR,PALABASKET,,4500,3500,72,100,172,28,PAF Bologna,Lugano Snakes,Away Win (100-72),72-100,No,10,19,25,32,19,30,18,19,,,Played,,"JONES, WILLIAM","BAKALIS, PANAGIOTIS","GKONTAS, SPIROS",PAF Bologna team victory,PAF Bologna defeated Lugano Snakes 72-100 in Round 3 (Regular Season).,Euroleague Basketball Official API (api-live.euroleague.net / live.euroleague.net)
31,E2000_26,2000-01,2000,E2000,Regular Season,Regular Season,Round 3,2000-11-02,Thursday,00:00,2000-11-01T23:00:00Z,Zadar,Adecco Estudiantes,Adecco Estudiantes,Zadar,EST,ZAD,PAB. DEP. COMUNIDAD DE MADRID,,11000,3000,93,81,174,12,Adecco Estudiantes,Zadar,Home Win (93-81),93-81,No,27,24,24,15,18,23,24,19,,,Played,,"PIMENTEL, ANTONIO","MOUZAKIS, COSTAS","RALLIS, IOANNIS",Adecco Estudiantes team victory,Adecco Estudiantes defeated Zadar 93-81 in Round 3 (Regular Season).,Euroleague Basketball Official API (api-live.euroleague.net / live.euroleague.net)
32,E2000_27,2000-01,2000,E2000,Regular Season,Regular Season,Round 3,2000-11-02,Thursday,00:00,2000-11-01T23:00:00Z,Zalgiris Kaunas,Peristeri,Peristeri,Zalgiris Kaunas,PER,ZAL,ANDREAS PAPANDREU,,4000,2800,74,92,166,18,Zalgiris Kaunas,Peristeri,Away Win (92-74),74-92,No,20,16,17,21,23,21,14,34,,,Played,,"WARNICK, TODD","COELHO, ANTONIO","MEDAN, DRAGAN",Zalgiris Kaunas team victory,Zalgiris Kaunas defeated Peristeri 74-92 in Round 3 (Regular Season).,Euroleague Basketball Official API (api-live.euroleague.net / live.euroleague.net)
33,E2000_31,2000-01,2000,E2000,Regular Season,Regular Season,Round 3,2000-11-02,Thursday,00:00,2000-11-01T23:00:00Z,Real Madrid,Ovarense Aerosoles,Ovarense Aerosoles,Real Madrid,OVA,MAD,PABELLON POLIVALENTE DAS TRAVESSAS,,5000,5000,73,80,153,7,Real Madrid,Ovarense Aerosoles,Away Win (80-73),73-80,No,15,18,14,29,17,17,27,16,,,Played,,"KLAAR, LARS","KRAJNOVIC, STJEPAN","HARRISON, ROGER",Real Madrid team victory,Real Madrid defeated Ovarense Aerosoles 73-80 in Round 3 (Regular Season).,Euroleague Basketball Official API (api-live.euroleague.net / live.euroleague.net)
34,E2000_32,2000-01,2000,E2000,Regular Season,Regular Season,Round 3,2000-11-02,Thursday,00:00,2000-11-01T23:00:00Z,Hapoel Jerusalem,Benetton Basket,Benetton Basket,Hapoel Jerusalem,TRE,JER,PALAVERDE,,5500,2186,78,71,149,7,Benetton Basket,Hapoel Jerusalem,Home Win (78-71),78-71,No,27,10,20,17,20,20,11,24,,,Played,,"TSANIDIS, STAVROS","AMOROS, XAVIER","GARCIA, JOSE RAMON",Benetton Basket team victory,Benetton Basket defeated Hapoel Jerusalem 78-71 in Round 3 (Regular Season).,Euroleague Basketball Official API (api-live.euroleague.net / live.euroleague.net)
35,E2000_33,2000-01,2000,E2000,Regular Season,Regular Season,Round 3,2000-11-02,Thursday,00:00,2000-11-01T23:00:00Z,Olympiakos,Union Olimpija Ljubljana,Union Olimpija Ljubljana,Olympiakos,LJU,OLY,ZAVOD TIVOLI,,4100,4050,69,73,142,4,Olympiakos,Union Olimpija Ljubljana,Away Win (73-69),69-73,No,18,22,17,12,15,17,19,22,,,Played,,"BETANCOR, MIGUELO","MARTIN, JOSE","POZZANA, MAURO",Olympiakos team victory,Olympiakos defeated Union Olimpija Ljubljana 69-73 in Round 3 (Regular Season).,Euroleague Basketball Official API (api-live.euroleague.net / live.euroleague.net)
36,E2000_34,2000-01,2000,E2000,Regular Season,Regular Season,Round 3,2000-11-02,Thursday,00:00,2000-11-01T23:00:00Z,Buducnost,Haribo London Towers,Haribo London Towers,Buducnost,LON,BUD,CRYSTAL PALACE NATIONAL SPORT CENTER,,5000,1900,88,95,183,7,Buducnost,Haribo London Towers,Away Win (95-88),88-95,No,17,35,24,20,23,26,24,14,,,Played,,"ARTEAGA, JUAN CARLOS","LAINIOTIS, SOTIRIOS","KRAAIJEVELD, KAREL",Buducnost team victory,Buducnost defeated Haribo London Towers 88-95 in Round 3 (Regular Season).,Euroleague Basketball Official API (api-live.euroleague.net / live.euroleague.net)
37,E2000_40,2000-01,2000,E2000,Regular Season,Regular Season,Round 4,2000-11-08,Wednesday,00:00,2000-11-07T23:00:00Z,Kinder Virtus Bologna,Region Wallone Spirou Charleroi,Region Wallone Spirou Charleroi,Kinder Virtus Bologna,CHA,VIR,LA COUPULE,,3800,3500,58,80,138,22,Kinder Virtus Bologna,Region Wallone Spirou Charleroi,Away Win (80-58),58-80,No,16,21,13,19,19,29,10,11,,,Played,,"RAMOS, MATEO",,"DE LA MAZA, FRANCISCO",Kinder Virtus Bologna team victory,Kinder Virtus Bologna defeated Region Wallone Spirou Charleroi 58-80 in Round 4 (Regular Season).,Euroleague Basketball Official API (api-live.euroleague.net / live.euroleague.net)
38,E2000_41,2000-01,2000,E2000,Regular Season,Regular Season,Round 4,2000-11-08,Wednesday,00:00,2000-11-07T23:00:00Z,Tau Ceramica Vitoria-Gasteiz,Saint Petersburg Lions,Saint Petersburg Lions,Tau Ceramica Vitoria-Gasteiz,PET,BAS,YUBILEYNI PALACE,"Dobrolyubova Pr., 18 A - 197198 Saint Petersburg",9000,3000,79,81,160,2,Tau Ceramica Vitoria-Gasteiz,Saint Petersburg Lions,Away Win (81-79),79-81,No,24,19,27,22,15,17,13,23,,,Played,,"RYZHYK, ROMAN","VALTCHEV, GEORGY","LOVSIN, ANDREJ",Tau Ceramica Vitoria-Gasteiz team victory,Tau Ceramica Vitoria-Gasteiz defeated Saint Petersburg Lions 79-81 in Round 4 (Regular Season).,Euroleague Basketball Official API (api-live.euroleague.net / live.euroleague.net)
39,E2000_42,2000-01,2000,E2000,Regular Season,Regular Season,Round 4,2000-11-08,Wednesday,00:00,2000-11-07T23:00:00Z,Cibona VIP,AEK Athens,AEK Athens,Cibona VIP,AEK,CIB,OLYMPIC BASKETBALL STADIUM,,18000,150,83,75,158,8,AEK Athens,Cibona VIP,Home Win (83-75),83-75,No,17,13,25,19,19,16,22,27,,,Played,,"STOKES, RICHARD","RYZHYK, BORYS","GUIRAO, LUIS",AEK Athens team victory,AEK Athens defeated Cibona VIP 83-75 in Round 4 (Regular Season).,Euroleague Basketball Official API (api-live.euroleague.net / live.euroleague.net)
40,E2000_45,2000-01,2000,E2000,Regular Season,Regular Season,Round 4,2000-11-08,Wednesday,00:00,2000-11-07T23:00:00Z,Benetton Basket,Real Madrid,Real Madrid,Benetton Basket,MAD,TRE,PABELLON RAIMUNDO SAPORTA,,5200,2900,64,75,139,11,Benetton Basket,Real Madrid,Away Win (75-64),64-75,No,15,15,14,15,18,14,17,31,,,Played,,"MPOTITSIS, NIKOS","DE KEYSER, ARMAND","SHARRO, LAHDO",Benetton Basket team victory,Benetton Basket defeated Real Madrid 64-75 in Round 4 (Regular Season).,Euroleague Basketball Official API (api-live.euroleague.net / live.euroleague.net)
41,E2000_46,2000-01,2000,E2000,Regular Season,Regular Season,Round 4,2000-11-08,Wednesday,00:00,2000-11-07T23:00:00Z,FC Barcelona,Haribo London Towers,Haribo London Towers,FC Barcelona,LON,BAR,CRYSTAL PALACE NATIONAL SPORT CENTER,,5000,3000,82,97,179,15,FC Barcelona,Haribo London Towers,Away Win (97-82),82-97,No,13,21,17,24,31,22,21,30,,,Played,,"KLAAR, LARS","BAKALIS, PANAGIOTIS","GKONTAS, SPIROS",FC Barcelona team victory,FC Barcelona defeated Haribo London Towers 82-97 in Round 4 (Regular Season).,Euroleague Basketball Official API (api-live.euroleague.net / live.euroleague.net)
42,E2000_47,2000-01,2000,E2000,Regular Season,Regular Season,Round 4,2000-11-08,Wednesday,00:00,2000-11-07T23:00:00Z,Muller Verona,Opel Skyliners,Opel Skyliners,Muller Verona,FRA,VER,BALLSPORTHALLE,,5000,820,80,97,177,17,Muller Verona,Opel Skyliners,Away Win (97-80),80-97,No,16,25,16,25,23,31,25,16,,,Played,,"TSANIDIS, STAVROS","ROCHA, FERNANDO","CANKOVIC, MILAN",Muller Verona team victory,Muller Verona defeated Opel Skyliners 80-97 in Round 4 (Regular Season).,Euroleague Basketball Official API (api-live.euroleague.net / live.euroleague.net)
43,E2000_48,2000-01,2000,E2000,Regular Season,Regular Season,Round 4,2000-11-08,Wednesday,00:00,2000-11-07T23:00:00Z,PAOK Thessaloniki,Buducnost,Buducnost,PAOK Thessaloniki,BUD,PAO,JP CENTAR MORACA,Ivana Milutinovica BB - 81000 Podgorica - Montenegro,5200,4200,83,71,154,12,Buducnost,PAOK Thessaloniki,Home Win (83-71),83-71,No,25,17,21,19,13,25,24,10,,,Played,,"RADIC, DANKO","PIMENTEL, ANTONIO","JERSAN, ANDREJ",Buducnost team victory,Buducnost defeated PAOK Thessaloniki 83-71 in Round 4 (Regular Season).,Euroleague Basketball Official API (api-live.euroleague.net / live.euroleague.net)
44,E2000_37,2000-01,2000,E2000,Regular Season,Regular Season,Round 4,2000-11-09,Thursday,00:00,2000-11-08T23:00:00Z,Zalgiris Kaunas,Lugano Snakes,Lugano Snakes,Zalgiris Kaunas,LUG,ZAL,PALABASKET,,4500,1800,95,87,182,8,Lugano Snakes,Zalgiris Kaunas,Home Win (95-87),95-87,No,30,22,19,18,19,22,27,25,,,Played,,"LAINIOTIS, SOTIRIOS","DERVISEVIC, OTGONEDI","CHIARI, ROBERTO",Lugano Snakes team victory,Lugano Snakes defeated Zalgiris Kaunas 95-87 in Round 4 (Regular Season).,Euroleague Basketball Official API (api-live.euroleague.net / live.euroleague.net)
45,E2000_38,2000-01,2000,E2000,Regular Season,Regular Season,Round 4,2000-11-09,Thursday,00:00,2000-11-08T23:00:00Z,Peristeri,Zadar,Zadar,Peristeri,ZAD,PER,BASKETBALL HALL JAZINE,,3000,1500,79,92,171,13,Peristeri,Zadar,Away Win (92-79),79-92,No,19,23,26,19,24,24,10,26,,,Played,,"ZAMOJSKI, JAKUB","LLAMAZARES, FELIPE","LOPES, LUIS",Peristeri team victory,Peristeri defeated Zadar 79-92 in Round 4 (Regular Season).,Euroleague Basketball Official API (api-live.euroleague.net / live.euroleague.net)
46,E2000_39,2000-01,2000,E2000,Regular Season,Regular Season,Round 4,2000-11-09,Thursday,00:00,2000-11-08T23:00:00Z,Adecco Estudiantes,PAF Bologna,PAF Bologna,Adecco Estudiantes,FOR,EST,PALADOZZA,"Via Nannetti 1, 40122 Bologna - Italy",5700,4247,81,72,153,9,PAF Bologna,Adecco Estudiantes,Home Win (81-72),81-72,No,23,20,17,25,16,20,25,7,,,Played,,"KOUKOULEKIDIS, STELIOS","NOWICKI, MAREK","PILOIDIS, ANASTASIOS",PAF Bologna team victory,PAF Bologna defeated Adecco Estudiantes 81-72 in Round 4 (Regular Season).,Euroleague Basketball Official API (api-live.euroleague.net / live.euroleague.net)
47,E2000_43,2000-01,2000,E2000,Regular Season,Regular Season,Round 4,2000-11-09,Thursday,00:00,2000-11-08T23:00:00Z,Olympiakos,Ovarense Aerosoles,Ovarense Aerosoles,Olympiakos,OVA,OLY,PABELLON POLIVALENTE DAS TRAVESSAS,,5000,2800,53,100,153,47,Olympiakos,Ovarense Aerosoles,Away Win (100-53),53-100,No,11,27,12,19,13,29,17,25,,,Played,,"URUKALO, GORAN","REATTO, MARCELLO","JOVANOVIC, BRANKO",Olympiakos team victory,Olympiakos defeated Ovarense Aerosoles 53-100 in Round 4 (Regular Season).,Euroleague Basketball Official API (api-live.euroleague.net / live.euroleague.net)
48,E2000_44,2000-01,2000,E2000,Regular Season,Regular Season,Round 4,2000-11-09,Thursday,00:00,2000-11-08T23:00:00Z,Union Olimpija Ljubljana,Hapoel Jerusalem,Hapoel Jerusalem,Union Olimpija Ljubljana,JER,LJU,MALCHA SPORTS HALL,,3000,3000,76,88,164,12,Union Olimpija Ljubljana,Hapoel Jerusalem,Away Win (88-76),76-88,No,23,22,22,25,19,15,12,26,,,Played,,"ANKARALI, RECEP","MOUZAKIS, COSTAS","LICINA, MIODRAG",Union Olimpija Ljubljana team victory,Union Olimpija Ljubljana defeated Hapoel Jerusalem 76-88 in Round 4 (Regular Season).,Euroleague Basketball Official API (api-live.euroleague.net / live.euroleague.net)
49,E2000_52,2000-01,2000,E2000,Regular Season,Regular Season,Round 5,2000-11-15,Wednesday,00:00,2000-11-14T23:00:00Z,Region Wallone Spirou Charleroi,Cibona VIP,Cibona VIP,Region Wallone Spirou Charleroi,CIB,CHA,BASKETBALL CENTER  DRAZEN PETROVIC,"Savska 30, 10000 Zagreb, Croatia",5400,2500,85,70,155,15,Cibona VIP,Region Wallone Spirou Charleroi,Home Win (85-70),85-70,No,20,18,23,23,23,9,19,20,,,Played,,"JOVANOVIC, BRANKO","MOUZAKIS, COSTAS","BAKALIS, PANAGIOTIS",Cibona VIP team victory,Cibona VIP defeated Region Wallone Spirou Charleroi 85-70 in Round 5 (Regular Season).,Euroleague Basketball Official API (api-live.euroleague.net / live.euroleague.net)
50,E2000_53,2000-01,2000,E2000,Regular Season,Regular Season,Round 5,2000-11-15,Wednesday,00:00,2000-11-14T23:00:00Z,AEK Athens,Tau Ceramica Vitoria-Gasteiz,Tau Ceramica Vitoria-Gasteiz,AEK Athens,BAS,AEK,FERNANDO BUESA ARENA,"Ctra.  Zurbano s/n, 01013 Vitoria",9923,7600,85,65,150,20,Tau Ceramica Vitoria-Gasteiz,AEK Athens,Home Win (85-65),85-65,No,23,20,18,14,23,17,21,14,,,Played,,"COELHO, ANTONIO","LICINA, MIODRAG","RYZHYK, BORYS",Tau Ceramica Vitoria-Gasteiz team victory,Tau Ceramica Vitoria-Gasteiz defeated AEK Athens 85-65 in Round 5 (Regular Season).,Euroleague Basketball Official API (api-live.euroleague.net / live.euroleague.net)
51,E2000_54,2000-01,2000,E2000,Regular Season,Regular Season,Round 5,2000-11-15,Wednesday,00:00,2000-11-14T23:00:00Z,Saint Petersburg Lions,Kinder Virtus Bologna,Kinder Virtus Bologna,Saint Petersburg Lions,VIR,PET,PALAMALAGUTI,,8278,5762,84,78,162,6,Kinder Virtus Bologna,Saint Petersburg Lions,Home Win (84-78),84-78,No,25,18,28,20,15,27,16,13,,,Played,,"GALLO, ANTONIO","LAINIOTIS, SOTIRIOS","RALLIS, IOANNIS",Kinder Virtus Bologna team victory,Kinder Virtus Bologna defeated Saint Petersburg Lions 84-78 in Round 5 (Regular Season).,Euroleague Basketball Official API (api-live.euroleague.net / live.euroleague.net)
52,E2000_58,2000-01,2000,E2000,Regular Season,Regular Season,Round 5,2000-11-15,Wednesday,00:00,2000-11-14T23:00:00Z,Haribo London Towers,PAOK Thessaloniki,PAOK Thessaloniki,Haribo London Towers,PAO,LON,PAOK SPORTS ARENA,"Antoni Tritsi 12 St., 55510 Thessaloniki, Greece",8120,1000,70,58,128,12,PAOK Thessaloniki,Haribo London Towers,Home Win (70-58),70-58,No,18,12,12,14,17,12,23,20,,,Played,,"WARNICK, TODD","PIMENTEL, ANTONIO","CHIARI, ROBERTO",PAOK Thessaloniki team victory,PAOK Thessaloniki defeated Haribo London Towers 70-58 in Round 5 (Regular Season).,Euroleague Basketball Official API (api-live.euroleague.net / live.euroleague.net)
53,E2000_59,2000-01,2000,E2000,Regular Season,Regular Season,Round 5,2000-11-15,Wednesday,00:00,2000-11-14T23:00:00Z,Buducnost,Muller Verona,Muller Verona,Buducnost,VER,BUD,PALASPORT DI VERONA,,5290,2129,86,91,177,5,Buducnost,Muller Verona,Away Win (91-86),86-91,No,16,18,26,20,26,30,18,23,,,Played,,"RAMOS, MATEO","VALTCHEV, GEORGY","LLAMAZARES, FELIPE",Buducnost team victory,Buducnost defeated Muller Verona 86-91 in Round 5 (Regular Season).,Euroleague Basketball Official API (api-live.euroleague.net / live.euroleague.net)
54,E2000_60,2000-01,2000,E2000,Regular Season,Regular Season,Round 5,2000-11-15,Wednesday,00:00,2000-11-14T23:00:00Z,Opel Skyliners,FC Barcelona,FC Barcelona,Opel Skyliners,BAR,FRA,PALAU BLAUGRANA,"Aristides Maillol Av S/N, 08028 Barcelona",7320,4500,86,60,146,26,FC Barcelona,Opel Skyliners,Home Win (86-60),86-60,No,18,13,26,19,14,17,28,11,,,Played,,"POZZANA, MAURO","HARRISON, ROGER","PILOIDIS, ANASTASIOS",FC Barcelona team victory,FC Barcelona defeated Opel Skyliners 86-60 in Round 5 (Regular Season).,Euroleague Basketball Official API (api-live.euroleague.net / live.euroleague.net)
55,E2000_49,2000-01,2000,E2000,Regular Season,Regular Season,Round 5,2000-11-16,Thursday,00:00,2000-11-15T23:00:00Z,Lugano Snakes,Adecco Estudiantes,Adecco Estudiantes,Lugano Snakes,EST,LUG,PAB. DEP. COMUNIDAD DE MADRID,,11000,4500,97,76,173,21,Adecco Estudiantes,Lugano Snakes,Home Win (97-76),97-76,No,20,18,24,21,22,16,31,21,,,Played,,"RYZHYK, ROMAN","ROCHA, FERNANDO","LOPES, LUIS",Adecco Estudiantes team victory,Adecco Estudiantes defeated Lugano Snakes 97-76 in Round 5 (Regular Season).,Euroleague Basketball Official API (api-live.euroleague.net / live.euroleague.net)
56,E2000_50,2000-01,2000,E2000,Regular Season,Regular Season,Round 5,2000-11-16,Thursday,00:00,2000-11-15T23:00:00Z,PAF Bologna,Peristeri,Peristeri,PAF Bologna,PER,FOR,ANDREAS PAPANDREU,,4000,4000,83,70,153,13,Peristeri,PAF Bologna,Home Win (83-70),83-70,No,26,19,15,20,18,13,24,18,,,Played,,"BETANCOR, MIGUELO","MPOTITSIS, NIKOS","LEPETIC, NIKOLA",Peristeri team victory,Peristeri defeated PAF Bologna 83-70 in Round 5 (Regular Season).,Euroleague Basketball Official API (api-live.euroleague.net / live.euroleague.net)
57,E2000_51,2000-01,2000,E2000,Regular Season,Regular Season,Round 5,2000-11-16,Thursday,00:00,2000-11-15T23:00:00Z,Zadar,Zalgiris Kaunas,Zalgiris Kaunas,Zadar,ZAL,ZAD,S.DARIUS AND S.GIRENAS SPORT CENTER,,4800,2000,97,85,182,12,Zalgiris Kaunas,Zadar,Home Win (97-85),97-85,No,20,22,32,21,21,23,24,19,,,Played,,"KOUKOULEKIDIS, STELIOS","NOWICKI, MAREK","GKONTAS, SPIROS",Zalgiris Kaunas team victory,Zalgiris Kaunas defeated Zadar 97-85 in Round 5 (Regular Season).,Euroleague Basketball Official API (api-live.euroleague.net / live.euroleague.net)
58,E2000_55,2000-01,2000,E2000,Regular Season,Regular Season,Round 5,2000-11-16,Thursday,00:00,2000-11-15T23:00:00Z,Ovarense Aerosoles,Benetton Basket,Benetton Basket,Ovarense Aerosoles,TRE,OVA,PALAVERDE,,5500,2639,106,81,187,25,Benetton Basket,Ovarense Aerosoles,Home Win (106-81),106-81,No,27,19,27,14,24,18,28,30,,,Played,,"SHTRIKS, SHAY","CANKOVIC, MILAN","MEDAN, DRAGAN",Benetton Basket team victory,Benetton Basket defeated Ovarense Aerosoles 106-81 in Round 5 (Regular Season).,Euroleague Basketball Official API (api-live.euroleague.net / live.euroleague.net)
59,E2000_56,2000-01,2000,E2000,Regular Season,Regular Season,Round 5,2000-11-16,Thursday,00:00,2000-11-15T23:00:00Z,Real Madrid,Union Olimpija Ljubljana,Union Olimpija Ljubljana,Real Madrid,LJU,MAD,ZAVOD TIVOLI,,4100,4050,88,79,167,9,Union Olimpija Ljubljana,Real Madrid,Home Win (88-79),88-79,No,27,25,14,17,22,18,25,19,,,Played,,"TSANIDIS, STAVROS","ANKARALI, RECEP","KRAJNOVIC, STJEPAN",Union Olimpija Ljubljana team victory,Union Olimpija Ljubljana defeated Real Madrid 88-79 in Round 5 (Regular Season).,Euroleague Basketball Official API (api-live.euroleague.net / live.euroleague.net)
60,E2000_57,2000-01,2000,E2000,Regular Season,Regular Season,Round 5,2000-11-16,Thursday,00:00,2000-11-15T23:00:00Z,Hapoel Jerusalem,Olympiakos,Olympiakos,Hapoel Jerusalem,OLY,JER,PEACE AND FRIENDSHIP STADIUM,"Ethnarchou Makariou Av., Piraeus",14700,1500,102,69,171,33,Olympiakos,Hapoel Jerusalem,Home Win (102-69),102-69,No,26,21,20,18,25,9,31,21,,,Played,,"DE KEYSER, ARMAND","REQUENA, JUAN","GUIRAO, LUIS",Olympiakos team victory,Olympiakos defeated Hapoel Jerusalem 102-69 in Round 5 (Regular Season).,Euroleague Basketball Official API (api-live.euroleague.net / live.euroleague.net)
61,E2000_70,2000-01,2000,E2000,Regular Season,Regular Season,Round 6,2000-12-05,Tuesday,00:00,2000-12-04T23:00:00Z,Haribo London Towers,Opel Skyliners,Opel Skyliners,Haribo London Towers,FRA,LON,BALLSPORTHALLE,,5000,1480,79,76,155,3,Opel Skyliners,Haribo London Towers,Home Win (79-76),79-76,No,14,30,17,9,27,17,21,20,,,Played,,"REATTO, MARCELLO","DE LA MAZA, FRANCISCO","SHARRO, LAHDO",Opel Skyliners team victory,Opel Skyliners defeated Haribo London Towers 79-76 in Round 6 (Regular Season).,Euroleague Basketball Official API (api-live.euroleague.net / live.euroleague.net)
62,E2000_64,2000-01,2000,E2000,Regular Season,Regular Season,Round 6,2000-12-06,Wednesday,00:00,2000-12-05T23:00:00Z,Region Wallone Spirou Charleroi,Saint Petersburg Lions,Saint Petersburg Lions,Region Wallone Spirou Charleroi,PET,CHA,YUBILEYNI PALACE,"Dobrolyubova Pr., 18 A - 197198 Saint Petersburg",9000,3000,83,77,160,6,Saint Petersburg Lions,Region Wallone Spirou Charleroi,Home Win (83-77),83-77,No,18,20,23,27,23,8,19,22,,,Played,,"URUKALO, GORAN","MOUZAKIS, COSTAS","GKONTAS, SPIROS",Saint Petersburg Lions team victory,Saint Petersburg Lions defeated Region Wallone Spirou Charleroi 83-77 in Round 6 (Regular Season).,Euroleague Basketball Official API (api-live.euroleague.net / live.euroleague.net)
63,E2000_65,2000-01,2000,E2000,Regular Season,Regular Season,Round 6,2000-12-06,Wednesday,00:00,2000-12-05T23:00:00Z,AEK Athens,Kinder Virtus Bologna,Kinder Virtus Bologna,AEK Athens,VIR,AEK,PALAMALAGUTI,,8278,5697,81,66,147,15,Kinder Virtus Bologna,AEK Athens,Home Win (81-66),81-66,No,19,21,20,17,21,12,21,16,,,Played,,"RADIC, DANKO","ANKARALI, RECEP","ZAMOJSKI, JAKUB",Kinder Virtus Bologna team victory,Kinder Virtus Bologna defeated AEK Athens 81-66 in Round 6 (Regular Season).,Euroleague Basketball Official API (api-live.euroleague.net / live.euroleague.net)
64,E2000_66,2000-01,2000,E2000,Regular Season,Regular Season,Round 6,2000-12-06,Wednesday,00:00,2000-12-05T23:00:00Z,Cibona VIP,Tau Ceramica Vitoria-Gasteiz,Tau Ceramica Vitoria-Gasteiz,Cibona VIP,BAS,CIB,FERNANDO BUESA ARENA,"Ctra.  Zurbano s/n, 01013 Vitoria",9923,9050,92,66,158,26,Tau Ceramica Vitoria-Gasteiz,Cibona VIP,Home Win (92-66),92-66,No,29,23,18,12,28,14,17,17,,,Played,,"TSANIDIS, STAVROS","LAINIOTIS, SOTIRIOS","ROCHA, FERNANDO",Tau Ceramica Vitoria-Gasteiz team victory,Tau Ceramica Vitoria-Gasteiz defeated Cibona VIP 92-66 in Round 6 (Regular Season).,Euroleague Basketball Official API (api-live.euroleague.net / live.euroleague.net)
65,E2000_68,2000-01,2000,E2000,Regular Season,Regular Season,Round 6,2000-12-06,Wednesday,00:00,2000-12-05T23:00:00Z,Real Madrid,Olympiakos,Olympiakos,Real Madrid,OLY,MAD,PEACE AND FRIENDSHIP STADIUM,"Ethnarchou Makariou Av., Piraeus",14700,3500,91,84,175,7,Olympiakos,Real Madrid,Home Win (91-84),91-84,No,23,18,23,22,20,16,25,28,,,Played,,"WARNICK, TODD","NOWICKI, MAREK","LICINA, MIODRAG",Olympiakos team victory,Olympiakos defeated Real Madrid 91-84 in Round 6 (Regular Season).,Euroleague Basketball Official API (api-live.euroleague.net / live.euroleague.net)
66,E2000_71,2000-01,2000,E2000,Regular Season,Regular Season,Round 6,2000-12-06,Wednesday,00:00,2000-12-05T23:00:00Z,Buducnost,FC Barcelona,FC Barcelona,Buducnost,BAR,BUD,PALAU BLAUGRANA,"Aristides Maillol Av S/N, 08028 Barcelona",7320,7200,92,75,167,17,FC Barcelona,Buducnost,Home Win (92-75),92-75,No,19,21,21,10,28,14,24,30,,,Played,,"COELHO, ANTONIO","JERSAN, ANDREJ","LOVSIN, ANDREJ",FC Barcelona team victory,FC Barcelona defeated Buducnost 92-75 in Round 6 (Regular Season).,Euroleague Basketball Official API (api-live.euroleague.net / live.euroleague.net)
67,E2000_72,2000-01,2000,E2000,Regular Season,Regular Season,Round 6,2000-12-06,Wednesday,00:00,2000-12-05T23:00:00Z,PAOK Thessaloniki,Muller Verona,Muller Verona,PAOK Thessaloniki,VER,PAO,PALASPORT DI VERONA,,5290,2045,102,88,190,14,Muller Verona,PAOK Thessaloniki,Home Win (102-88),102-88,No,25,27,28,11,31,18,18,32,,,Played,,"BETANCOR, MIGUELO","AMOROS, XAVIER","JOVANOVIC, BRANKO",Muller Verona team victory,Muller Verona defeated PAOK Thessaloniki 102-88 in Round 6 (Regular Season).,Euroleague Basketball Official API (api-live.euroleague.net / live.euroleague.net)
68,E2000_61,2000-01,2000,E2000,Regular Season,Regular Season,Round 6,2000-12-07,Thursday,00:00,2000-12-06T23:00:00Z,Lugano Snakes,Zadar,Zadar,Lugano Snakes,ZAD,LUG,BASKETBALL HALL JAZINE,,3000,1000,118,79,197,39,Zadar,Lugano Snakes,Home Win (118-79),118-79,No,28,23,29,14,29,24,32,18,,,Played,,"GARCIA, JOSE RAMON","LEPETIC, NIKOLA","KRAAIJEVELD, KAREL",Zadar team victory,Zadar defeated Lugano Snakes 118-79 in Round 6 (Regular Season).,Euroleague Basketball Official API (api-live.euroleague.net / live.euroleague.net)
69,E2000_62,2000-01,2000,E2000,Regular Season,Regular Season,Round 6,2000-12-07,Thursday,00:00,2000-12-06T23:00:00Z,PAF Bologna,Zalgiris Kaunas,Zalgiris Kaunas,PAF Bologna,ZAL,FOR,S.DARIUS AND S.GIRENAS SPORT CENTER,,4800,3000,73,56,129,17,Zalgiris Kaunas,PAF Bologna,Home Win (73-56),73-56,No,16,19,20,16,16,5,21,16,,,Played,,"RAMOS, MATEO","STOKES, RICHARD","MARTIN, JOSE",Zalgiris Kaunas team victory,Zalgiris Kaunas defeated PAF Bologna 73-56 in Round 6 (Regular Season).,Euroleague Basketball Official API (api-live.euroleague.net / live.euroleague.net)
70,E2000_63,2000-01,2000,E2000,Regular Season,Regular Season,Round 6,2000-12-07,Thursday,00:00,2000-12-06T23:00:00Z,Adecco Estudiantes,Peristeri,Peristeri,Adecco Estudiantes,PER,EST,ANDREAS PAPANDREU,,4000,1500,91,81,172,10,Peristeri,Adecco Estudiantes,Home Win (91-81),91-81,No,18,26,32,26,20,14,21,15,,,Played,,"JONES, WILLIAM","KLAAR, LARS","LICINA, MIODRAG",Peristeri team victory,Peristeri defeated Adecco Estudiantes 91-81 in Round 6 (Regular Season).,Euroleague Basketball Official API (api-live.euroleague.net / live.euroleague.net)
71,E2000_67,2000-01,2000,E2000,Regular Season,Regular Season,Round 6,2000-12-07,Thursday,00:00,2000-12-06T23:00:00Z,Ovarense Aerosoles,Hapoel Jerusalem,Hapoel Jerusalem,Ovarense Aerosoles,JER,OVA,MALCHA SPORTS HALL,,3000,3000,106,71,177,35,Hapoel Jerusalem,Ovarense Aerosoles,Home Win (106-71),106-71,No,25,13,27,23,25,17,29,18,,,Played,,"VALTCHEV, GEORGY","BAKALIS, PANAGIOTIS","PILOIDIS, ANASTASIOS",Hapoel Jerusalem team victory,Hapoel Jerusalem defeated Ovarense Aerosoles 106-71 in Round 6 (Regular Season).,Euroleague Basketball Official API (api-live.euroleague.net / live.euroleague.net)
72,E2000_69,2000-01,2000,E2000,Regular Season,Regular Season,Round 6,2000-12-07,Thursday,00:00,2000-12-06T23:00:00Z,Benetton Basket,Union Olimpija Ljubljana,Union Olimpija Ljubljana,Benetton Basket,LJU,TRE,ZAVOD TIVOLI,,4100,4050,78,74,152,4,Union Olimpija Ljubljana,Benetton Basket,Home Win (78-74),78-74,No,20,20,19,17,13,18,26,19,,,Played,,"KOUKOULEKIDIS, STELIOS","MITJANA, JUAN CARLOS","ARTEAGA, JUAN CARLOS",Union Olimpija Ljubljana team victory,Union Olimpija Ljubljana defeated Benetton Basket 78-74 in Round 6 (Regular Season).,Euroleague Basketball Official API (api-live.euroleague.net / live.euroleague.net)
73,E2000_76,2000-01,2000,E2000,Regular Season,Regular Season,Round 7,2000-12-13,Wednesday,00:00,2000-12-12T23:00:00Z,Tau Ceramica Vitoria-Gasteiz,Region Wallone Spirou Charleroi,Region Wallone Spirou Charleroi,Tau Ceramica Vitoria-Gasteiz,CHA,BAS,LA COUPULE,,3800,3500,71,74,145,3,Tau Ceramica Vitoria-Gasteiz,Region Wallone Spirou Charleroi,Away Win (74-71),71-74,No,16,20,15,19,18,18,22,17,,,Played,,"REATTO, MARCELLO","RALLIS, IOANNIS","PILOIDIS, ANASTASIOS",Tau Ceramica Vitoria-Gasteiz team victory,Tau Ceramica Vitoria-Gasteiz defeated Region Wallone Spirou Charleroi 71-74 in Round 7 (Regular Season).,Euroleague Basketball Official API (api-live.euroleague.net / live.euroleague.net)
74,E2000_77,2000-01,2000,E2000,Regular Season,Regular Season,Round 7,2000-12-13,Wednesday,00:00,2000-12-12T23:00:00Z,Kinder Virtus Bologna,Cibona VIP,Cibona VIP,Kinder Virtus Bologna,CIB,VIR,BASKETBALL CENTER  DRAZEN PETROVIC,"Savska 30, 10000 Zagreb, Croatia",5400,3000,69,74,143,5,Kinder Virtus Bologna,Cibona VIP,Away Win (74-69),69-74,No,15,16,17,28,12,16,25,14,,,Played,,"BETANCOR, MIGUELO","ARTEAGA, JUAN CARLOS","BAKALIS, PANAGIOTIS",Kinder Virtus Bologna team victory,Kinder Virtus Bologna defeated Cibona VIP 69-74 in Round 7 (Regular Season).,Euroleague Basketball Official API (api-live.euroleague.net / live.euroleague.net)
75,E2000_78,2000-01,2000,E2000,Regular Season,Regular Season,Round 7,2000-12-13,Wednesday,00:00,2000-12-12T23:00:00Z,Saint Petersburg Lions,AEK Athens,AEK Athens,Saint Petersburg Lions,AEK,PET,OLYMPIC BASKETBALL STADIUM,,18000,150,84,73,157,11,AEK Athens,Saint Petersburg Lions,Home Win (84-73),84-73,No,16,23,19,15,11,18,38,17,,,Played,,"AMOROS, XAVIER","LOPES, LUIS","CANKOVIC, MILAN",AEK Athens team victory,AEK Athens defeated Saint Petersburg Lions 84-73 in Round 7 (Regular Season).,Euroleague Basketball Official API (api-live.euroleague.net / live.euroleague.net)
76,E2000_83,2000-01,2000,E2000,Regular Season,Regular Season,Round 7,2000-12-13,Wednesday,00:00,2000-12-12T23:00:00Z,FC Barcelona,PAOK Thessaloniki,PAOK Thessaloniki,FC Barcelona,PAO,BAR,PAOK SPORTS ARENA,"Antoni Tritsi 12 St., 55510 Thessaloniki, Greece",8120,4500,91,102,193,11,FC Barcelona,PAOK Thessaloniki,Away Win (102-91),91-102,No,22,29,22,21,27,15,20,37,,,Played,,"DE KEYSER, ARMAND","VALTCHEV, GEORGY","RYZHYK, BORYS",FC Barcelona team victory,FC Barcelona defeated PAOK Thessaloniki 91-102 in Round 7 (Regular Season).,Euroleague Basketball Official API (api-live.euroleague.net / live.euroleague.net)
77,E2000_84,2000-01,2000,E2000,Regular Season,Regular Season,Round 7,2000-12-13,Wednesday,00:00,2000-12-12T23:00:00Z,Opel Skyliners,Buducnost,Buducnost,Opel Skyliners,BUD,FRA,JP CENTAR MORACA,Ivana Milutinovica BB - 81000 Podgorica - Montenegro,5200,4680,79,73,152,6,Buducnost,Opel Skyliners,Home Win (79-73),79-73,No,20,15,21,14,16,24,22,20,,,Played,,"RYZHYK, ROMAN","MOUZAKIS, COSTAS","CHIARI, ROBERTO",Buducnost team victory,Buducnost defeated Opel Skyliners 79-73 in Round 7 (Regular Season).,Euroleague Basketball Official API (api-live.euroleague.net / live.euroleague.net)
78,E2000_73,2000-01,2000,E2000,Regular Season,Regular Season,Round 7,2000-12-14,Thursday,00:00,2000-12-13T23:00:00Z,Peristeri,Lugano Snakes,Lugano Snakes,Peristeri,LUG,PER,PALABASKET,,4500,1300,80,91,171,11,Peristeri,Lugano Snakes,Away Win (91-80),80-91,No,28,25,19,24,13,17,20,25,,,Played,,"RADIC, DANKO","KRAJNOVIC, STJEPAN","JERSAN, ANDREJ",Peristeri team victory,Peristeri defeated Lugano Snakes 80-91 in Round 7 (Regular Season).,Euroleague Basketball Official API (api-live.euroleague.net / live.euroleague.net)
79,E2000_74,2000-01,2000,E2000,Regular Season,Regular Season,Round 7,2000-12-14,Thursday,00:00,2000-12-13T23:00:00Z,Zalgiris Kaunas,Adecco Estudiantes,Adecco Estudiantes,Zalgiris Kaunas,EST,ZAL,PAB. DEP. COMUNIDAD DE MADRID,,11000,4500,87,77,164,10,Adecco Estudiantes,Zalgiris Kaunas,Home Win (87-77),87-77,Yes (1 OT),22,23,19,16,16,13,15,20,15,5,Played,,"TSANIDIS, STAVROS","MPOTITSIS, NIKOS","POZZANA, MAURO",Adecco Estudiantes team victory,Adecco Estudiantes defeated Zalgiris Kaunas 87-77 in Round 7 (Regular Season).,Euroleague Basketball Official API (api-live.euroleague.net / live.euroleague.net)
80,E2000_75,2000-01,2000,E2000,Regular Season,Regular Season,Round 7,2000-12-14,Thursday,00:00,2000-12-13T23:00:00Z,Zadar,PAF Bologna,PAF Bologna,Zadar,FOR,ZAD,PALADOZZA,"Via Nannetti 1, 40122 Bologna - Italy",5700,4367,81,77,158,4,PAF Bologna,Zadar,Home Win (81-77),81-77,No,25,10,13,20,24,21,19,26,,,Played,,"RAMOS, MATEO","REQUENA, JUAN","SHTRIKS, SHAY",PAF Bologna team victory,PAF Bologna defeated Zadar 81-77 in Round 7 (Regular Season).,Euroleague Basketball Official API (api-live.euroleague.net / live.euroleague.net)
81,E2000_79,2000-01,2000,E2000,Regular Season,Regular Season,Round 7,2000-12-14,Thursday,00:00,2000-12-13T23:00:00Z,Union Olimpija Ljubljana,Ovarense Aerosoles,Ovarense Aerosoles,Union Olimpija Ljubljana,OVA,LJU,PABELLON POLIVALENTE DAS TRAVESSAS,,5000,2100,70,92,162,22,Union Olimpija Ljubljana,Ovarense Aerosoles,Away Win (92-70),70-92,No,21,19,22,29,17,22,10,22,,,Played,,"JONES, WILLIAM","MARTIN, JOSE","GKONTAS, SPIROS",Union Olimpija Ljubljana team victory,Union Olimpija Ljubljana defeated Ovarense Aerosoles 70-92 in Round 7 (Regular Season).,Euroleague Basketball Official API (api-live.euroleague.net / live.euroleague.net)
82,E2000_80,2000-01,2000,E2000,Regular Season,Regular Season,Round 7,2000-12-14,Thursday,00:00,2000-12-13T23:00:00Z,Olympiakos,Benetton Basket,Benetton Basket,Olympiakos,TRE,OLY,PALAVERDE,,5500,2584,95,87,182,8,Benetton Basket,Olympiakos,Home Win (95-87),95-87,No,29,22,26,24,15,23,25,18,,,Played,,"STOKES, RICHARD","COELHO, ANTONIO","ZAMOJSKI, JAKUB",Benetton Basket team victory,Benetton Basket defeated Olympiakos 95-87 in Round 7 (Regular Season).,Euroleague Basketball Official API (api-live.euroleague.net / live.euroleague.net)
83,E2000_81,2000-01,2000,E2000,Regular Season,Regular Season,Round 7,2000-12-14,Thursday,00:00,2000-12-13T23:00:00Z,Hapoel Jerusalem,Real Madrid,Real Madrid,Hapoel Jerusalem,MAD,JER,PABELLON RAIMUNDO SAPORTA,,5200,2700,104,64,168,40,Real Madrid,Hapoel Jerusalem,Home Win (104-64),104-64,No,28,10,32,25,24,15,20,14,,,Played,,"KOUKOULEKIDIS, STELIOS","PIMENTEL, ANTONIO","LAINIOTIS, SOTIRIOS",Real Madrid team victory,Real Madrid defeated Hapoel Jerusalem 104-64 in Round 7 (Regular Season).,Euroleague Basketball Official API (api-live.euroleague.net / live.euroleague.net)
84,E2000_82,2000-01,2000,E2000,Regular Season,Regular Season,Round 7,2000-12-14,Thursday,00:00,2000-12-13T23:00:00Z,Muller Verona,Haribo London Towers,Haribo London Towers,Muller Verona,LON,VER,CRYSTAL PALACE NATIONAL SPORT CENTER,,5000,2400,89,98,187,9,Muller Verona,Haribo London Towers,Away Win (98-89),89-98,No,19,16,22,29,22,18,26,35,,,Played,,"GALLO, ANTONIO","LLAMAZARES, FELIPE","MEDAN, DRAGAN",Muller Verona team victory,Muller Verona defeated Haribo London Towers 89-98 in Round 7 (Regular Season).,Euroleague Basketball Official API (api-live.euroleague.net / live.euroleague.net)
85,E2000_86,2000-01,2000,E2000,Regular Season,Regular Season,Round 8,2000-12-20,Wednesday,00:00,2000-12-19T23:00:00Z,Adecco Estudiantes,Zadar,Zadar,Adecco Estudiantes,ZAD,EST,BASKETBALL HALL JAZINE,,3000,1000,80,72,152,8,Zadar,Adecco Estudiantes,Home Win (80-72),80-72,No,16,18,27,21,24,19,13,14,,,Played,,"WARNICK, TODD","MOUZAKIS, COSTAS","VALTCHEV, GEORGY",Zadar team victory,Zadar defeated Adecco Estudiantes 80-72 in Round 8 (Regular Season).,Euroleague Basketball Official API (api-live.euroleague.net / live.euroleague.net)
86,E2000_88,2000-01,2000,E2000,Regular Season,Regular Season,Round 8,2000-12-20,Wednesday,00:00,2000-12-19T23:00:00Z,AEK Athens,Region Wallone Spirou Charleroi,Region Wallone Spirou Charleroi,AEK Athens,CHA,AEK,LA COUPULE,,3800,3500,89,97,186,8,AEK Athens,Region Wallone Spirou Charleroi,Away Win (97-89),89-97,No,20,23,20,15,19,23,30,36,,,Played,,"STOKES, RICHARD","KRAJNOVIC, STJEPAN","ROCHA, FERNANDO",AEK Athens team victory,AEK Athens defeated Region Wallone Spirou Charleroi 89-97 in Round 8 (Regular Season).,Euroleague Basketball Official API (api-live.euroleague.net / live.euroleague.net)
87,E2000_89,2000-01,2000,E2000,Regular Season,Regular Season,Round 8,2000-12-20,Wednesday,00:00,2000-12-19T23:00:00Z,Cibona VIP,Saint Petersburg Lions,Saint Petersburg Lions,Cibona VIP,PET,CIB,YUBILEYNI PALACE,"Dobrolyubova Pr., 18 A - 197198 Saint Petersburg",9000,3000,92,90,182,2,Saint Petersburg Lions,Cibona VIP,Home Win (92-90),92-90,Yes (1 OT),25,17,13,23,28,15,7,18,19,17,Played,,"MPOTITSIS, NIKOS","KLAAR, LARS","KRAAIJEVELD, KAREL",Saint Petersburg Lions team victory,Saint Petersburg Lions defeated Cibona VIP 92-90 in Round 8 (Regular Season).,Euroleague Basketball Official API (api-live.euroleague.net / live.euroleague.net)
88,E2000_90,2000-01,2000,E2000,Regular Season,Regular Season,Round 8,2000-12-20,Wednesday,00:00,2000-12-19T23:00:00Z,Tau Ceramica Vitoria-Gasteiz,Kinder Virtus Bologna,Kinder Virtus Bologna,Tau Ceramica Vitoria-Gasteiz,VIR,BAS,PALAMALAGUTI,,8278,5836,76,73,149,3,Kinder Virtus Bologna,Tau Ceramica Vitoria-Gasteiz,Home Win (76-73),76-73,No,14,17,24,21,18,19,20,16,,,Played,,"KOUKOULEKIDIS, STELIOS","COELHO, ANTONIO","PIMENTEL, ANTONIO",Kinder Virtus Bologna team victory,Kinder Virtus Bologna defeated Tau Ceramica Vitoria-Gasteiz 76-73 in Round 8 (Regular Season).,Euroleague Basketball Official API (api-live.euroleague.net / live.euroleague.net)
89,E2000_91,2000-01,2000,E2000,Regular Season,Regular Season,Round 8,2000-12-20,Wednesday,00:00,2000-12-19T23:00:00Z,Ovarense Aerosoles,Real Madrid,Real Madrid,Ovarense Aerosoles,MAD,OVA,PABELLON RAIMUNDO SAPORTA,,5200,1700,116,94,210,22,Real Madrid,Ovarense Aerosoles,Home Win (116-94),116-94,No,23,30,23,25,41,15,29,24,,,Played,,"ZAMOJSKI, JAKUB","LEPETIC, NIKOLA","JERSAN, ANDREJ",Real Madrid team victory,Real Madrid defeated Ovarense Aerosoles 116-94 in Round 8 (Regular Season).,Euroleague Basketball Official API (api-live.euroleague.net / live.euroleague.net)
90,E2000_95,2000-01,2000,E2000,Regular Season,Regular Season,Round 8,2000-12-20,Wednesday,00:00,2000-12-19T23:00:00Z,PAOK Thessaloniki,Opel Skyliners,Opel Skyliners,PAOK Thessaloniki,FRA,PAO,BALLSPORTHALLE,,5000,3120,73,80,153,7,PAOK Thessaloniki,Opel Skyliners,Away Win (80-73),73-80,No,12,24,8,16,26,24,27,16,,,Played,,"MITJANA, JUAN CARLOS","SHTRIKS, SHAY","DERVISEVIC, OTGONEDI",PAOK Thessaloniki team victory,PAOK Thessaloniki defeated Opel Skyliners 73-80 in Round 8 (Regular Season).,Euroleague Basketball Official API (api-live.euroleague.net / live.euroleague.net)
91,E2000_96,2000-01,2000,E2000,Regular Season,Regular Season,Round 8,2000-12-20,Wednesday,00:00,2000-12-19T23:00:00Z,Muller Verona,FC Barcelona,FC Barcelona,Muller Verona,BAR,VER,PALAU BLAUGRANA,"Aristides Maillol Av S/N, 08028 Barcelona",7320,6000,96,84,180,12,FC Barcelona,Muller Verona,Home Win (96-84),96-84,No,30,17,26,20,26,22,14,25,,,Played,,"NOWICKI, MAREK","ANKARALI, RECEP","JONES, WILLIAM",FC Barcelona team victory,FC Barcelona defeated Muller Verona 96-84 in Round 8 (Regular Season).,Euroleague Basketball Official API (api-live.euroleague.net / live.euroleague.net)
92,E2000_85,2000-01,2000,E2000,Regular Season,Regular Season,Round 8,2000-12-21,Thursday,00:00,2000-12-20T23:00:00Z,Lugano Snakes,PAF Bologna,PAF Bologna,Lugano Snakes,FOR,LUG,PALADOZZA,"Via Nannetti 1, 40122 Bologna - Italy",5700,4329,81,66,147,15,PAF Bologna,Lugano Snakes,Home Win (81-66),81-66,No,26,18,14,15,18,17,23,16,,,Played,,"URUKALO, GORAN","LOVSIN, ANDREJ","PILOIDIS, ANASTASIOS",PAF Bologna team victory,PAF Bologna defeated Lugano Snakes 81-66 in Round 8 (Regular Season).,Euroleague Basketball Official API (api-live.euroleague.net / live.euroleague.net)
93,E2000_87,2000-01,2000,E2000,Regular Season,Regular Season,Round 8,2000-12-21,Thursday,00:00,2000-12-20T23:00:00Z,Peristeri,Zalgiris Kaunas,Zalgiris Kaunas,Peristeri,ZAL,PER,S.DARIUS AND S.GIRENAS SPORT CENTER,,4800,3100,86,73,159,13,Zalgiris Kaunas,Peristeri,Home Win (86-73),86-73,No,26,14,19,23,19,18,22,18,,,Played,,"ARTEAGA, JUAN CARLOS","LICINA, MIODRAG","DE LA MAZA, FRANCISCO",Zalgiris Kaunas team victory,Zalgiris Kaunas defeated Peristeri 86-73 in Round 8 (Regular Season).,Euroleague Basketball Official API (api-live.euroleague.net / live.euroleague.net)
94,E2000_92,2000-01,2000,E2000,Regular Season,Regular Season,Round 8,2000-12-21,Thursday,00:00,2000-12-20T23:00:00Z,Benetton Basket,Hapoel Jerusalem,Hapoel Jerusalem,Benetton Basket,JER,TRE,MALCHA SPORTS HALL,,3000,3000,79,104,183,25,Benetton Basket,Hapoel Jerusalem,Away Win (104-79),79-104,No,23,27,20,21,12,31,24,25,,,Played,,"RAMOS, MATEO","AMOROS, XAVIER","SHARRO, LAHDO",Benetton Basket team victory,Benetton Basket defeated Hapoel Jerusalem 79-104 in Round 8 (Regular Season).,Euroleague Basketball Official API (api-live.euroleague.net / live.euroleague.net)
95,E2000_93,2000-01,2000,E2000,Regular Season,Regular Season,Round 8,2000-12-21,Thursday,00:00,2000-12-20T23:00:00Z,Union Olimpija Ljubljana,Olympiakos,Olympiakos,Union Olimpija Ljubljana,OLY,LJU,PEACE AND FRIENDSHIP STADIUM,"Ethnarchou Makariou Av., Piraeus",14700,4000,82,70,152,12,Olympiakos,Union Olimpija Ljubljana,Home Win (82-70),82-70,No,15,15,30,15,17,18,20,22,,,Played,,"RADIC, DANKO","REATTO, MARCELLO","JOVANOVIC, BRANKO",Olympiakos team victory,Olympiakos defeated Union Olimpija Ljubljana 82-70 in Round 8 (Regular Season).,Euroleague Basketball Official API (api-live.euroleague.net / live.euroleague.net)
96,E2000_94,2000-01,2000,E2000,Regular Season,Regular Season,Round 8,2000-12-21,Thursday,00:00,2000-12-20T23:00:00Z,Haribo London Towers,Buducnost,Buducnost,Haribo London Towers,BUD,LON,JP CENTAR MORACA,Ivana Milutinovica BB - 81000 Podgorica - Montenegro,5200,1200,101,83,184,18,Buducnost,Haribo London Towers,Home Win (101-83),101-83,No,25,27,26,16,19,18,31,22,,,Played,,"POZZANA, MAURO","MEDAN, DRAGAN","CANKOVIC, MILAN",Buducnost team victory,Buducnost defeated Haribo London Towers 101-83 in Round 8 (Regular Season).,Euroleague Basketball Official API (api-live.euroleague.net / live.euroleague.net)
97,E2000_100,2000-01,2000,E2000,Regular Season,Regular Season,Round 9,2001-01-10,Wednesday,00:00,2001-01-09T23:00:00Z,Region Wallone Spirou Charleroi,Kinder Virtus Bologna,Kinder Virtus Bologna,Region Wallone Spirou Charleroi,VIR,CHA,PALAMALAGUTI,,8278,5921,106,87,193,19,Kinder Virtus Bologna,Region Wallone Spirou Charleroi,Home Win (106-87),106-87,No,24,17,28,30,29,9,25,31,,,Played,,"KLAAR, LARS","LEPETIC, NIKOLA","MEDAN, DRAGAN",Kinder Virtus Bologna team victory,Kinder Virtus Bologna defeated Region Wallone Spirou Charleroi 106-87 in Round 9 (Regular Season).,Euroleague Basketball Official API (api-live.euroleague.net / live.euroleague.net)
98,E2000_101,2000-01,2000,E2000,Regular Season,Regular Season,Round 9,2001-01-10,Wednesday,00:00,2001-01-09T23:00:00Z,Saint Petersburg Lions,Tau Ceramica Vitoria-Gasteiz,Tau Ceramica Vitoria-Gasteiz,Saint Petersburg Lions,BAS,PET,FERNANDO BUESA ARENA,"Ctra.  Zurbano s/n, 01013 Vitoria",9923,6300,97,88,185,9,Tau Ceramica Vitoria-Gasteiz,Saint Petersburg Lions,Home Win (97-88),97-88,No,20,19,28,16,24,26,25,27,,,Played,,"URUKALO, GORAN","BAKALIS, PANAGIOTIS","GKONTAS, SPIROS",Tau Ceramica Vitoria-Gasteiz team victory,Tau Ceramica Vitoria-Gasteiz defeated Saint Petersburg Lions 97-88 in Round 9 (Regular Season).,Euroleague Basketball Official API (api-live.euroleague.net / live.euroleague.net)
99,E2000_102,2000-01,2000,E2000,Regular Season,Regular Season,Round 9,2001-01-10,Wednesday,00:00,2001-01-09T23:00:00Z,AEK Athens,Cibona VIP,Cibona VIP,AEK Athens,CIB,AEK,BASKETBALL CENTER  DRAZEN PETROVIC,"Savska 30, 10000 Zagreb, Croatia",5400,3000,72,81,153,9,AEK Athens,Cibona VIP,Away Win (81-72),72-81,No,19,14,16,23,20,21,17,23,,,Played,,"MITJANA, JUAN CARLOS","REATTO, MARCELLO","DERVISEVIC, OTGONEDI",AEK Athens team victory,AEK Athens defeated Cibona VIP 72-81 in Round 9 (Regular Season).,Euroleague Basketball Official API (api-live.euroleague.net / live.euroleague.net)
100,E2000_105,2000-01,2000,E2000,Regular Season,Regular Season,Round 9,2001-01-10,Wednesday,00:00,2001-01-09T23:00:00Z,Real Madrid,Benetton Basket,Benetton Basket,Real Madrid,TRE,MAD,PALAVERDE,,5500,2900,87,88,175,1,Real Madrid,Benetton Basket,Away Win (88-87),87-88,No,18,22,22,19,28,24,19,23,,,Played,,"RADIC, DANKO","ANKARALI, RECEP","LOVSIN, ANDREJ",Real Madrid team victory,Real Madrid defeated Benetton Basket 87-88 in Round 9 (Regular Season).,Euroleague Basketball Official API (api-live.euroleague.net / live.euroleague.net)
101,E2000_107,2000-01,2000,E2000,Regular Season,Regular Season,Round 9,2001-01-10,Wednesday,00:00,2001-01-09T23:00:00Z,Opel Skyliners,Muller Verona,Muller Verona,Opel Skyliners,VER,FRA,PALASPORT DI VERONA,,5290,1353,90,70,160,20,Muller Verona,Opel Skyliners,Home Win (90-70),90-70,No,26,7,22,15,24,20,18,28,,,Played,,"DE LA MAZA, FRANCISCO","JOVANOVIC, BRANKO","PILOIDIS, ANASTASIOS",Muller Verona team victory,Muller Verona defeated Opel Skyliners 90-70 in Round 9 (Regular Season).,Euroleague Basketball Official API (api-live.euroleague.net / live.euroleague.net)
102,E2000_108,2000-01,2000,E2000,Regular Season,Regular Season,Round 9,2001-01-10,Wednesday,00:00,2001-01-09T23:00:00Z,Buducnost,PAOK Thessaloniki,PAOK Thessaloniki,Buducnost,PAO,BUD,PAOK SPORTS ARENA,"Antoni Tritsi 12 St., 55510 Thessaloniki, Greece",8120,1000,89,72,161,17,PAOK Thessaloniki,Buducnost,Home Win (89-72),89-72,No,21,12,23,20,24,20,21,20,,,Played,,"BETANCOR, MIGUELO","STOKES, RICHARD","POZZANA, MAURO",PAOK Thessaloniki team victory,PAOK Thessaloniki defeated Buducnost 89-72 in Round 9 (Regular Season).,Euroleague Basketball Official API (api-live.euroleague.net / live.euroleague.net)
103,E2000_97,2000-01,2000,E2000,Regular Season,Regular Season,Round 9,2001-01-11,Thursday,00:00,2001-01-10T23:00:00Z,Lugano Snakes,Zalgiris Kaunas,Zalgiris Kaunas,Lugano Snakes,ZAL,LUG,S.DARIUS AND S.GIRENAS SPORT CENTER,,4800,2600,105,89,194,16,Zalgiris Kaunas,Lugano Snakes,Home Win (105-89),105-89,No,33,24,23,19,21,20,28,26,,,Played,,"SHARRO, LAHDO","ZAMOJSKI, JAKUB","KRAAIJEVELD, KAREL",Zalgiris Kaunas team victory,Zalgiris Kaunas defeated Lugano Snakes 105-89 in Round 9 (Regular Season).,Euroleague Basketball Official API (api-live.euroleague.net / live.euroleague.net)
104,E2000_98,2000-01,2000,E2000,Regular Season,Regular Season,Round 9,2001-01-11,Thursday,00:00,2001-01-10T23:00:00Z,Zadar,Peristeri,Peristeri,Zadar,PER,ZAD,ANDREAS PAPANDREU,,4000,2500,92,73,165,19,Peristeri,Zadar,Home Win (92-73),92-73,No,30,20,12,20,25,12,25,21,,,Played,,"AMOROS, XAVIER","MARTIN, JOSE","HARRISON, ROGER",Peristeri team victory,Peristeri defeated Zadar 92-73 in Round 9 (Regular Season).,Euroleague Basketball Official API (api-live.euroleague.net / live.euroleague.net)
105,E2000_99,2000-01,2000,E2000,Regular Season,Regular Season,Round 9,2001-01-11,Thursday,00:00,2001-01-10T23:00:00Z,PAF Bologna,Adecco Estudiantes,Adecco Estudiantes,PAF Bologna,EST,FOR,PAB. DEP. COMUNIDAD DE MADRID,,11000,3500,76,90,166,14,PAF Bologna,Adecco Estudiantes,Away Win (90-76),76-90,No,18,19,15,25,15,25,28,21,,,Played,,"DE KEYSER, ARMAND","LAINIOTIS, SOTIRIOS","JERSAN, ANDREJ",PAF Bologna team victory,PAF Bologna defeated Adecco Estudiantes 76-90 in Round 9 (Regular Season).,Euroleague Basketball Official API (api-live.euroleague.net / live.euroleague.net)
106,E2000_103,2000-01,2000,E2000,Regular Season,Regular Season,Round 9,2001-01-11,Thursday,00:00,2001-01-10T23:00:00Z,Ovarense Aerosoles,Olympiakos,Olympiakos,Ovarense Aerosoles,OLY,OVA,PEACE AND FRIENDSHIP STADIUM,"Ethnarchou Makariou Av., Piraeus",14700,1000,101,67,168,34,Olympiakos,Ovarense Aerosoles,Home Win (101-67),101-67,No,28,24,23,15,24,13,26,15,,,Played,,"GARCIA, JOSE RAMON","LLAMAZARES, FELIPE","CHIARI, ROBERTO",Olympiakos team victory,Olympiakos defeated Ovarense Aerosoles 101-67 in Round 9 (Regular Season).,Euroleague Basketball Official API (api-live.euroleague.net / live.euroleague.net)
107,E2000_104,2000-01,2000,E2000,Regular Season,Regular Season,Round 9,2001-01-11,Thursday,00:00,2001-01-10T23:00:00Z,Hapoel Jerusalem,Union Olimpija Ljubljana,Union Olimpija Ljubljana,Hapoel Jerusalem,LJU,JER,ZAVOD TIVOLI,,4100,4050,95,68,163,27,Union Olimpija Ljubljana,Hapoel Jerusalem,Home Win (95-68),95-68,No,19,17,23,21,24,15,29,15,,,Played,,"KOUKOULEKIDIS, STELIOS","MPOTITSIS, NIKOS","MOUZAKIS, COSTAS",Union Olimpija Ljubljana team victory,Union Olimpija Ljubljana defeated Hapoel Jerusalem 95-68 in Round 9 (Regular Season).,Euroleague Basketball Official API (api-live.euroleague.net / live.euroleague.net)
108,E2000_106,2000-01,2000,E2000,Regular Season,Regular Season,Round 9,2001-01-11,Thursday,00:00,2001-01-10T23:00:00Z,Haribo London Towers,FC Barcelona,FC Barcelona,Haribo London Towers,BAR,LON,PALAU BLAUGRANA,"Aristides Maillol Av S/N, 08028 Barcelona",7320,5100,82,76,158,6,FC Barcelona,Haribo London Towers,Home Win (82-76),82-76,No,26,12,18,25,12,19,26,20,,,Played,,"TSANIDIS, STAVROS","ROCHA, FERNANDO","LOPES, LUIS",FC Barcelona team victory,FC Barcelona defeated Haribo London Towers 82-76 in Round 9 (Regular Season).,Euroleague Basketball Official API (api-live.euroleague.net / live.euroleague.net)
109,E2000_109,2000-01,2000,E2000,Regular Season,Regular Season,Round 10,2001-01-17,Wednesday,00:00,2001-01-16T23:00:00Z,Adecco Estudiantes,Lugano Snakes,Lugano Snakes,Adecco Estudiantes,LUG,EST,PALABASKET,,4500,4500,77,76,153,1,Lugano Snakes,Adecco Estudiantes,Home Win (77-76),77-76,No,15,19,22,17,12,16,28,24,,,Played,,"TSANIDIS, STAVROS","ANKARALI, RECEP","CHIARI, ROBERTO",Lugano Snakes team victory,Lugano Snakes defeated Adecco Estudiantes 77-76 in Round 10 (Regular Season).,Euroleague Basketball Official API (api-live.euroleague.net / live.euroleague.net)
110,E2000_110,2000-01,2000,E2000,Regular Season,Regular Season,Round 10,2001-01-17,Wednesday,00:00,2001-01-16T23:00:00Z,Peristeri,PAF Bologna,PAF Bologna,Peristeri,FOR,PER,PALADOZZA,"Via Nannetti 1, 40122 Bologna - Italy",5700,4621,71,69,140,2,PAF Bologna,Peristeri,Home Win (71-69),71-69,No,25,17,18,24,15,16,13,12,,,Played,,"NOWICKI, MAREK","MITJANA, JUAN CARLOS","CANKOVIC, MILAN",PAF Bologna team victory,PAF Bologna defeated Peristeri 71-69 in Round 10 (Regular Season).,Euroleague Basketball Official API (api-live.euroleague.net / live.euroleague.net)
111,E2000_111,2000-01,2000,E2000,Regular Season,Regular Season,Round 10,2001-01-17,Wednesday,00:00,2001-01-16T23:00:00Z,Zalgiris Kaunas,Zadar,Zadar,Zalgiris Kaunas,ZAD,ZAL,BASKETBALL HALL JAZINE,,3000,2000,86,87,173,1,Zalgiris Kaunas,Zadar,Away Win (87-86),86-87,No,18,22,24,16,19,26,25,23,,,Played,,"RAMOS, MATEO","ROCHA, FERNANDO","LOVSIN, ANDREJ",Zalgiris Kaunas team victory,Zalgiris Kaunas defeated Zadar 86-87 in Round 10 (Regular Season).,Euroleague Basketball Official API (api-live.euroleague.net / live.euroleague.net)
112,E2000_112,2000-01,2000,E2000,Regular Season,Regular Season,Round 10,2001-01-17,Wednesday,00:00,2001-01-16T23:00:00Z,Cibona VIP,Region Wallone Spirou Charleroi,Region Wallone Spirou Charleroi,Cibona VIP,CHA,CIB,LA COUPULE,,3800,3500,100,91,191,9,Region Wallone Spirou Charleroi,Cibona VIP,Home Win (100-91),100-91,No,19,24,24,18,34,21,23,28,,,Played,,"JONES, WILLIAM","VALTCHEV, GEORGY","LOPES, LUIS",Region Wallone Spirou Charleroi team victory,Region Wallone Spirou Charleroi defeated Cibona VIP 100-91 in Round 10 (Regular Season).,Euroleague Basketball Official API (api-live.euroleague.net / live.euroleague.net)
113,E2000_113,2000-01,2000,E2000,Regular Season,Regular Season,Round 10,2001-01-17,Wednesday,00:00,2001-01-16T23:00:00Z,Tau Ceramica Vitoria-Gasteiz,AEK Athens,AEK Athens,Tau Ceramica Vitoria-Gasteiz,AEK,BAS,OLYMPIC BASKETBALL STADIUM,,18000,1000,64,52,116,12,AEK Athens,Tau Ceramica Vitoria-Gasteiz,Home Win (64-52),64-52,No,16,12,13,19,15,11,20,10,,,Played,,"WARNICK, TODD","SHTRIKS, SHAY","POZZANA, MAURO",AEK Athens team victory,AEK Athens defeated Tau Ceramica Vitoria-Gasteiz 64-52 in Round 10 (Regular Season).,Euroleague Basketball Official API (api-live.euroleague.net / live.euroleague.net)
114,E2000_114,2000-01,2000,E2000,Regular Season,Regular Season,Round 10,2001-01-17,Wednesday,00:00,2001-01-16T23:00:00Z,Kinder Virtus Bologna,Saint Petersburg Lions,Saint Petersburg Lions,Kinder Virtus Bologna,PET,VIR,YUBILEYNI PALACE,"Dobrolyubova Pr., 18 A - 197198 Saint Petersburg",9000,4000,78,82,160,4,Kinder Virtus Bologna,Saint Petersburg Lions,Away Win (82-78),78-82,No,27,18,19,24,19,26,13,14,,,Played,,"GALLO, ANTONIO","RYZHYK, ROMAN","RYZHYK, BORYS",Kinder Virtus Bologna team victory,Kinder Virtus Bologna defeated Saint Petersburg Lions 78-82 in Round 10 (Regular Season).,Euroleague Basketball Official API (api-live.euroleague.net / live.euroleague.net)
115,E2000_115,2000-01,2000,E2000,Regular Season,Regular Season,Round 10,2001-01-18,Thursday,00:00,2001-01-17T23:00:00Z,Benetton Basket,Ovarense Aerosoles,Ovarense Aerosoles,Benetton Basket,OVA,TRE,PABELLON POLIVALENTE DAS TRAVESSAS,,5000,4000,76,86,162,10,Benetton Basket,Ovarense Aerosoles,Away Win (86-76),76-86,No,20,17,22,29,12,22,22,18,,,Played,,"MPOTITSIS, NIKOS","RALLIS, IOANNIS","GUIRAO, LUIS",Benetton Basket team victory,Benetton Basket defeated Ovarense Aerosoles 76-86 in Round 10 (Regular Season).,Euroleague Basketball Official API (api-live.euroleague.net / live.euroleague.net)
116,E2000_116,2000-01,2000,E2000,Regular Season,Regular Season,Round 10,2001-01-18,Thursday,00:00,2001-01-17T23:00:00Z,Union Olimpija Ljubljana,Real Madrid,Real Madrid,Union Olimpija Ljubljana,MAD,LJU,PABELLON RAIMUNDO SAPORTA,,5200,4800,82,70,152,12,Real Madrid,Union Olimpija Ljubljana,Home Win (82-70),82-70,No,25,19,18,21,22,15,17,15,,,Played,,"STOKES, RICHARD","COELHO, ANTONIO","URUKALO, GORAN",Real Madrid team victory,Real Madrid defeated Union Olimpija Ljubljana 82-70 in Round 10 (Regular Season).,Euroleague Basketball Official API (api-live.euroleague.net / live.euroleague.net)
117,E2000_117,2000-01,2000,E2000,Regular Season,Regular Season,Round 10,2001-01-18,Thursday,00:00,2001-01-17T23:00:00Z,Olympiakos,Hapoel Jerusalem,Hapoel Jerusalem,Olympiakos,JER,OLY,MALCHA SPORTS HALL,,3000,2400,83,70,153,13,Hapoel Jerusalem,Olympiakos,Home Win (83-70),83-70,No,14,20,22,17,27,20,20,13,,,Played,,"BETANCOR, MIGUELO","JERSAN, ANDREJ","LEPETIC, NIKOLA",Hapoel Jerusalem team victory,Hapoel Jerusalem defeated Olympiakos 83-70 in Round 10 (Regular Season).,Euroleague Basketball Official API (api-live.euroleague.net / live.euroleague.net)
118,E2000_118,2000-01,2000,E2000,Regular Season,Regular Season,Round 10,2001-01-18,Thursday,00:00,2001-01-17T23:00:00Z,PAOK Thessaloniki,Haribo London Towers,Haribo London Towers,PAOK Thessaloniki,LON,PAO,CRYSTAL PALACE NATIONAL SPORT CENTER,,5000,2500,61,93,154,32,PAOK Thessaloniki,Haribo London Towers,Away Win (93-61),61-93,No,21,15,13,27,16,23,11,28,,,Played,,"ARTEAGA, JUAN CARLOS","KRAJNOVIC, STJEPAN","LICINA, MIODRAG",PAOK Thessaloniki team victory,PAOK Thessaloniki defeated Haribo London Towers 61-93 in Round 10 (Regular Season).,Euroleague Basketball Official API (api-live.euroleague.net / live.euroleague.net)
119,E2000_119,2000-01,2000,E2000,Regular Season,Regular Season,Round 10,2001-01-18,Thursday,00:00,2001-01-17T23:00:00Z,Muller Verona,Buducnost,Buducnost,Muller Verona,BUD,VER,JP CENTAR MORACA,Ivana Milutinovica BB - 81000 Podgorica - Montenegro,5200,4500,77,73,150,4,Buducnost,Muller Verona,Home Win (77-73),77-73,No,21,21,22,15,18,17,16,20,,,Played,,"KOUKOULEKIDIS, STELIOS","REQUENA, JUAN","BAKALIS, PANAGIOTIS",Buducnost team victory,Buducnost defeated Muller Verona 77-73 in Round 10 (Regular Season).,Euroleague Basketball Official API (api-live.euroleague.net / live.euroleague.net)
120,E2000_120,2000-01,2000,E2000,Regular Season,Regular Season,Round 10,2001-01-18,Thursday,00:00,2001-01-17T23:00:00Z,FC Barcelona,Opel Skyliners,Opel Skyliners,FC Barcelona,FRA,BAR,BALLSPORTHALLE,,5000,850,51,68,119,17,FC Barcelona,Opel Skyliners,Away Win (68-51),51-68,No,7,17,15,16,14,17,15,18,,,Played,,"PIMENTEL, ANTONIO","LAINIOTIS, SOTIRIOS","GKONTAS, SPIROS",FC Barcelona team victory,FC Barcelona defeated Opel Skyliners 51-68 in Round 10 (Regular Season).,Euroleague Basketball Official API (api-live.euroleague.net / live.euroleague.net)
121,E2000_121,2000-01,2000,E2000,Playoffs,Eighth-Finals / Playoffs,Round 11,2001-01-31,Wednesday,20:30,2001-01-31T19:30:00Z,Cibona VIP,PAF Bologna,PAF Bologna,Cibona VIP,FOR,CIB,PALADOZZA,"Via Nannetti 1, 40122 Bologna - Italy",5700,4485,76,64,140,12,PAF Bologna,Cibona VIP,Home Win (76-64),76-64,No,24,20,13,28,18,9,21,7,,,Played,,"AMOROS, XAVIER","MOUZAKIS, COSTAS","PILOIDIS, ANASTASIOS",PAF Bologna team victory,PAF Bologna beat Cibona VIP 76-64 in Round 11 (First Round 1).,Euroleague Basketball Official API (api-live.euroleague.net / live.euroleague.net)
122,E2000_122,2000-01,2000,E2000,Playoffs,Eighth-Finals / Playoffs,Round 11,2001-01-31,Wednesday,20:30,2001-01-31T19:30:00Z,Buducnost,Real Madrid,Real Madrid,Buducnost,MAD,BUD,PABELLON RAIMUNDO SAPORTA,,5200,3500,91,63,154,28,Real Madrid,Buducnost,Home Win (91-63),91-63,No,23,12,18,19,26,12,24,20,,,Played,,"STOKES, RICHARD","MPOTITSIS, NIKOS","CHIARI, ROBERTO",Real Madrid team victory,Real Madrid beat Buducnost 91-63 in Round 11 (First Round 2).,Euroleague Basketball Official API (api-live.euroleague.net / live.euroleague.net)
123,E2000_126,2000-01,2000,E2000,Playoffs,Eighth-Finals / Playoffs,Round 11,2001-01-31,Wednesday,21:00,2001-01-31T20:00:00Z,Tau Ceramica Vitoria-Gasteiz,Peristeri,Peristeri,Tau Ceramica Vitoria-Gasteiz,PER,BAS,ANDREAS PAPANDREU,,4000,3500,79,81,160,2,Tau Ceramica Vitoria-Gasteiz,Peristeri,Away Win (81-79),79-81,No,23,26,22,18,13,23,21,14,,,Played,,"JONES, WILLIAM","REATTO, MARCELLO","LEPETIC, NIKOLA",Tau Ceramica Vitoria-Gasteiz team victory,Tau Ceramica Vitoria-Gasteiz beat Peristeri 79-81 in Round 11 (First Round 6).,Euroleague Basketball Official API (api-live.euroleague.net / live.euroleague.net)
124,E2000_125,2000-01,2000,E2000,Playoffs,Eighth-Finals / Playoffs,Round 11,2001-01-31,Wednesday,21:15,2001-01-31T20:15:00Z,Muller Verona,Olympiakos,Olympiakos,Muller Verona,OLY,VER,PEACE AND FRIENDSHIP STADIUM,"Ethnarchou Makariou Av., Piraeus",14700,5000,94,92,186,2,Olympiakos,Muller Verona,Home Win (94-92),94-92,No,28,21,20,18,16,29,30,24,,,Played,,"MITJANA, JUAN CARLOS","SHTRIKS, SHAY","ROCHA, FERNANDO",Olympiakos team victory,Olympiakos beat Muller Verona 94-92 in Round 11 (First Round 5).,Euroleague Basketball Official API (api-live.euroleague.net / live.euroleague.net)
125,E2000_123,2000-01,2000,E2000,Playoffs,Eighth-Finals / Playoffs,Round 11,2001-02-01,Thursday,20:30,2001-02-01T19:30:00Z,Adecco Estudiantes,Kinder Virtus Bologna,Kinder Virtus Bologna,Adecco Estudiantes,VIR,EST,PALAMALAGUTI,,8278,5967,113,70,183,43,Kinder Virtus Bologna,Adecco Estudiantes,Home Win (113-70),113-70,No,26,22,39,12,23,17,25,19,,,Played,,"DE KEYSER, ARMAND","LAINIOTIS, SOTIRIOS","JERSAN, ANDREJ",Kinder Virtus Bologna team victory,Kinder Virtus Bologna beat Adecco Estudiantes 113-70 in Round 11 (First Round 3).,Euroleague Basketball Official API (api-live.euroleague.net / live.euroleague.net)
126,E2000_124,2000-01,2000,E2000,Playoffs,Eighth-Finals / Playoffs,Round 11,2001-02-01,Thursday,20:30,2001-02-01T19:30:00Z,Union Olimpija Ljubljana,PAOK Thessaloniki,PAOK Thessaloniki,Union Olimpija Ljubljana,PAO,LJU,PAOK SPORTS ARENA,"Antoni Tritsi 12 St., 55510 Thessaloniki, Greece",8120,2000,75,64,139,11,PAOK Thessaloniki,Union Olimpija Ljubljana,Home Win (75-64),75-64,No,21,17,19,22,12,13,23,12,,,Played,,"RADIC, DANKO","MARTIN, JOSE","LLAMAZARES, FELIPE",PAOK Thessaloniki team victory,PAOK Thessaloniki beat Union Olimpija Ljubljana 75-64 in Round 11 (First Round 4).,Euroleague Basketball Official API (api-live.euroleague.net / live.euroleague.net)
127,E2000_127,2000-01,2000,E2000,Playoffs,Eighth-Finals / Playoffs,Round 11,2001-02-01,Thursday,20:35,2001-02-01T19:35:00Z,Benetton Basket,FC Barcelona,FC Barcelona,Benetton Basket,BAR,TRE,PALAU BLAUGRANA,"Aristides Maillol Av S/N, 08028 Barcelona",7320,7320,85,86,171,1,Benetton Basket,FC Barcelona,Away Win (86-85),85-86,No,25,21,25,23,18,24,17,18,,,Played,,"KOUKOULEKIDIS, STELIOS","TSANIDIS, STAVROS","RYZHYK, BORYS",Benetton Basket team victory,Benetton Basket beat FC Barcelona 85-86 in Round 11 (First Round 7).,Euroleague Basketball Official API (api-live.euroleague.net / live.euroleague.net)
128,E2000_128,2000-01,2000,E2000,Playoffs,Eighth-Finals / Playoffs,Round 11,2001-02-01,Thursday,21:30,2001-02-01T20:30:00Z,Zalgiris Kaunas,AEK Athens,AEK Athens,Zalgiris Kaunas,AEK,ZAL,OLYMPIC BASKETBALL STADIUM,,18000,1500,69,60,129,9,AEK Athens,Zalgiris Kaunas,Home Win (69-60),69-60,No,17,14,12,17,21,7,19,22,,,Played,,"BETANCOR, MIGUELO","DE LA MAZA, FRANCISCO","JOVANOVIC, BRANKO",AEK Athens team victory,AEK Athens beat Zalgiris Kaunas 69-60 in Round 11 (First Round 8).,Euroleague Basketball Official API (api-live.euroleague.net / live.euroleague.net)
129,E2000_133,2000-01,2000,E2000,Playoffs,Eighth-Finals / Playoffs,Round 12,2001-02-07,Wednesday,20:30,2001-02-07T19:30:00Z,Olympiakos,Muller Verona,Muller Verona,Olympiakos,VER,OLY,PALASPORT DI VERONA,,5290,2898,84,96,180,12,Olympiakos,Muller Verona,Away Win (96-84),84-96,No,21,33,20,17,17,21,26,25,,,Played,,"RAMOS, MATEO","REQUENA, JUAN","URUKALO, GORAN",Olympiakos team victory,Olympiakos beat Muller Verona 84-96 in Round 12 (First Round 5).,Euroleague Basketball Official API (api-live.euroleague.net / live.euroleague.net)
130,E2000_134,2000-01,2000,E2000,Playoffs,Eighth-Finals / Playoffs,Round 12,2001-02-07,Wednesday,20:30,2001-02-07T19:30:00Z,Peristeri,Tau Ceramica Vitoria-Gasteiz,Tau Ceramica Vitoria-Gasteiz,Peristeri,BAS,PER,FERNANDO BUESA ARENA,"Ctra.  Zurbano s/n, 01013 Vitoria",9923,8600,81,68,149,13,Tau Ceramica Vitoria-Gasteiz,Peristeri,Home Win (81-68),81-68,No,21,19,16,15,19,17,25,17,,,Played,,"RADIC, DANKO","DE KEYSER, ARMAND","COELHO, ANTONIO",Tau Ceramica Vitoria-Gasteiz team victory,Tau Ceramica Vitoria-Gasteiz beat Peristeri 81-68 in Round 12 (First Round 6).,Euroleague Basketball Official API (api-live.euroleague.net / live.euroleague.net)
131,E2000_135,2000-01,2000,E2000,Playoffs,Eighth-Finals / Playoffs,Round 12,2001-02-07,Wednesday,20:30,2001-02-07T19:30:00Z,FC Barcelona,Benetton Basket,Benetton Basket,FC Barcelona,TRE,BAR,PALAVERDE,,5500,3164,99,82,181,17,Benetton Basket,FC Barcelona,Home Win (99-82),99-82,No,21,29,17,21,29,6,32,26,,,Played,,"WARNICK, TODD","STOKES, RICHARD","LOVSIN, ANDREJ",Benetton Basket team victory,Benetton Basket beat FC Barcelona 99-82 in Round 12 (First Round 7).,Euroleague Basketball Official API (api-live.euroleague.net / live.euroleague.net)
132,E2000_136,2000-01,2000,E2000,Playoffs,Eighth-Finals / Playoffs,Round 12,2001-02-08,Thursday,19:30,2001-02-08T18:30:00Z,AEK Athens,Zalgiris Kaunas,Zalgiris Kaunas,AEK Athens,ZAL,AEK,S.DARIUS AND S.GIRENAS SPORT CENTER,,4800,3500,71,73,144,2,AEK Athens,Zalgiris Kaunas,Away Win (73-71),71-73,No,24,24,18,17,16,10,13,22,,,Played,,"GALLO, ANTONIO","NOWICKI, MAREK","VALTCHEV, GEORGY",AEK Athens team victory,AEK Athens beat Zalgiris Kaunas 71-73 in Round 12 (First Round 8).,Euroleague Basketball Official API (api-live.euroleague.net / live.euroleague.net)
133,E2000_129,2000-01,2000,E2000,Playoffs,Eighth-Finals / Playoffs,Round 12,2001-02-08,Thursday,20:30,2001-02-08T19:30:00Z,PAF Bologna,Cibona VIP,Cibona VIP,PAF Bologna,CIB,FOR,BASKETBALL CENTER  DRAZEN PETROVIC,"Savska 30, 10000 Zagreb, Croatia",5400,5200,74,75,149,1,PAF Bologna,Cibona VIP,Away Win (75-74),74-75,Yes (1 OT),18,13,17,22,18,16,13,15,8,9,Played,,"BETANCOR, MIGUELO","ARTEAGA, JUAN CARLOS","GKONTAS, SPIROS",PAF Bologna team victory,PAF Bologna beat Cibona VIP 74-75 in Round 12 (First Round 1).,Euroleague Basketball Official API (api-live.euroleague.net / live.euroleague.net)
134,E2000_130,2000-01,2000,E2000,Playoffs,Eighth-Finals / Playoffs,Round 12,2001-02-08,Thursday,20:30,2001-02-08T19:30:00Z,Real Madrid,Buducnost,Buducnost,Real Madrid,BUD,MAD,JP CENTAR MORACA,Ivana Milutinovica BB - 81000 Podgorica - Montenegro,5200,5000,62,76,138,14,Real Madrid,Buducnost,Away Win (76-62),62-76,No,19,20,12,16,20,25,11,15,,,Played,,"TSANIDIS, STAVROS","POZZANA, MAURO","SHARRO, LAHDO",Real Madrid team victory,Real Madrid beat Buducnost 62-76 in Round 12 (First Round 2).,Euroleague Basketball Official API (api-live.euroleague.net / live.euroleague.net)
135,E2000_131,2000-01,2000,E2000,Playoffs,Eighth-Finals / Playoffs,Round 12,2001-02-08,Thursday,20:30,2001-02-08T19:30:00Z,Kinder Virtus Bologna,Adecco Estudiantes,Adecco Estudiantes,Kinder Virtus Bologna,EST,VIR,PAB. DEP. COMUNIDAD DE MADRID,,11000,4000,80,85,165,5,Kinder Virtus Bologna,Adecco Estudiantes,Away Win (85-80),80-85,No,16,28,29,19,13,23,22,15,,,Played,,"KOUKOULEKIDIS, STELIOS","ANKARALI, RECEP","BAKALIS, PANAGIOTIS",Kinder Virtus Bologna team victory,Kinder Virtus Bologna beat Adecco Estudiantes 80-85 in Round 12 (First Round 3).,Euroleague Basketball Official API (api-live.euroleague.net / live.euroleague.net)
136,E2000_132,2000-01,2000,E2000,Playoffs,Eighth-Finals / Playoffs,Round 12,2001-02-08,Thursday,20:30,2001-02-08T19:30:00Z,PAOK Thessaloniki,Union Olimpija Ljubljana,Union Olimpija Ljubljana,PAOK Thessaloniki,LJU,PAO,ZAVOD TIVOLI,,4100,4050,85,77,162,8,Union Olimpija Ljubljana,PAOK Thessaloniki,Home Win (85-77),85-77,No,18,18,25,25,21,17,21,17,,,Played,,"MITJANA, JUAN CARLOS","GARCIA, JOSE RAMON","ZAMOJSKI, JAKUB",Union Olimpija Ljubljana team victory,Union Olimpija Ljubljana beat PAOK Thessaloniki 85-77 in Round 12 (First Round 4).,Euroleague Basketball Official API (api-live.euroleague.net / live.euroleague.net)
137,E2000_140,2000-01,2000,E2000,Playoffs,Eighth-Finals / Playoffs,Round 13,2001-02-14,Wednesday,20:30,2001-02-14T19:30:00Z,Union Olimpija Ljubljana,PAOK Thessaloniki,PAOK Thessaloniki,Union Olimpija Ljubljana,PAO,LJU,PAOK SPORTS ARENA,"Antoni Tritsi 12 St., 55510 Thessaloniki, Greece",8120,1500,69,73,142,4,Union Olimpija Ljubljana,PAOK Thessaloniki,Away Win (73-69),69-73,No,19,11,18,25,11,13,21,24,,,Played,,"BETANCOR, MIGUELO","REATTO, MARCELLO","POZZANA, MAURO",Union Olimpija Ljubljana team victory,Union Olimpija Ljubljana beat PAOK Thessaloniki 69-73 in Round 13 (First Round Final).,Euroleague Basketball Official API (api-live.euroleague.net / live.euroleague.net)
138,E2000_154,2000-01,2000,E2000,Playoffs,Quarter-Finals / Playoffs,Round 14,2001-02-21,Wednesday,21:30,2001-02-21T20:30:00Z,Benetton Basket,AEK Athens,AEK Athens,Benetton Basket,AEK,TRE,OLYMPIC BASKETBALL STADIUM,,18000,5000,97,89,186,8,AEK Athens,Benetton Basket,Home Win (97-89),97-89,Yes (1 OT),27,20,9,20,12,22,34,20,15,7,Played,,"RAMOS, MATEO","ARTEAGA, JUAN CARLOS","ZAMOJSKI, JAKUB",AEK Athens team victory,AEK Athens beat Benetton Basket 97-89 in Round 14 (Quarterfinal 4).,Euroleague Basketball Official API (api-live.euroleague.net / live.euroleague.net)
139,E2000_145,2000-01,2000,E2000,Playoffs,Quarter-Finals / Playoffs,Round 14,2001-02-22,Thursday,20:30,2001-02-22T19:30:00Z,Real Madrid,PAF Bologna,PAF Bologna,Real Madrid,FOR,MAD,PALADOZZA,"Via Nannetti 1, 40122 Bologna - Italy",5700,4818,74,68,142,6,PAF Bologna,Real Madrid,Home Win (74-68),74-68,No,21,21,14,16,13,12,26,19,,,Played,,"DE KEYSER, ARMAND","TSANIDIS, STAVROS","STOKES, RICHARD",PAF Bologna team victory,PAF Bologna beat Real Madrid 74-68 in Round 14 (Quarterfinal 1).,Euroleague Basketball Official API (api-live.euroleague.net / live.euroleague.net)
140,E2000_148,2000-01,2000,E2000,Playoffs,Quarter-Finals / Playoffs,Round 14,2001-02-22,Thursday,20:30,2001-02-22T19:30:00Z,Union Olimpija Ljubljana,Kinder Virtus Bologna,Kinder Virtus Bologna,Union Olimpija Ljubljana,VIR,LJU,PALAMALAGUTI,,8278,6487,80,79,159,1,Kinder Virtus Bologna,Union Olimpija Ljubljana,Home Win (80-79),80-79,Yes (1 OT),22,16,15,17,19,19,12,16,12,11,Played,,"WARNICK, TODD","MITJANA, JUAN CARLOS","LAINIOTIS, SOTIRIOS",Kinder Virtus Bologna team victory,Kinder Virtus Bologna beat Union Olimpija Ljubljana 80-79 in Round 14 (Quarterfinal 2).,Euroleague Basketball Official API (api-live.euroleague.net / live.euroleague.net)
141,E2000_151,2000-01,2000,E2000,Playoffs,Quarter-Finals / Playoffs,Round 14,2001-02-22,Thursday,21:30,2001-02-22T20:30:00Z,Tau Ceramica Vitoria-Gasteiz,Olympiakos,Olympiakos,Tau Ceramica Vitoria-Gasteiz,OLY,BAS,PEACE AND FRIENDSHIP STADIUM,"Ethnarchou Makariou Av., Piraeus",14700,7000,72,78,150,6,Tau Ceramica Vitoria-Gasteiz,Olympiakos,Away Win (78-72),72-78,No,23,14,21,21,10,28,18,15,,,Played,,"RADIC, DANKO","POZZANA, MAURO","JERSAN, ANDREJ",Tau Ceramica Vitoria-Gasteiz team victory,Tau Ceramica Vitoria-Gasteiz beat Olympiakos 72-78 in Round 14 (Quarterfinal 3).,Euroleague Basketball Official API (api-live.euroleague.net / live.euroleague.net)
142,E2000_149,2000-01,2000,E2000,Playoffs,Quarter-Finals / Playoffs,Round 15,2001-02-28,Wednesday,20:30,2001-02-28T19:30:00Z,Kinder Virtus Bologna,Union Olimpija Ljubljana,Union Olimpija Ljubljana,Kinder Virtus Bologna,LJU,VIR,ZAVOD TIVOLI,,4100,4050,79,81,160,2,Kinder Virtus Bologna,Union Olimpija Ljubljana,Away Win (81-79),79-81,No,20,22,24,21,20,19,15,19,,,Played,,"RADIC, DANKO","RAMOS, MATEO","COELHO, ANTONIO",Kinder Virtus Bologna team victory,Kinder Virtus Bologna beat Union Olimpija Ljubljana 79-81 in Round 15 (Quarterfinal 2).,Euroleague Basketball Official API (api-live.euroleague.net / live.euroleague.net)
143,E2000_152,2000-01,2000,E2000,Playoffs,Quarter-Finals / Playoffs,Round 15,2001-02-28,Wednesday,20:30,2001-02-28T19:30:00Z,Olympiakos,Tau Ceramica Vitoria-Gasteiz,Tau Ceramica Vitoria-Gasteiz,Olympiakos,BAS,OLY,FERNANDO BUESA ARENA,"Ctra.  Zurbano s/n, 01013 Vitoria",9923,9323,98,76,174,22,Tau Ceramica Vitoria-Gasteiz,Olympiakos,Home Win (98-76),98-76,No,19,22,28,16,25,15,26,23,,,Played,,"STOKES, RICHARD","JONES, WILLIAM","REATTO, MARCELLO",Tau Ceramica Vitoria-Gasteiz team victory,Tau Ceramica Vitoria-Gasteiz beat Olympiakos 98-76 in Round 15 (Quarterfinal 3).,Euroleague Basketball Official API (api-live.euroleague.net / live.euroleague.net)
144,E2000_155,2000-01,2000,E2000,Playoffs,Quarter-Finals / Playoffs,Round 15,2001-03-01,Thursday,20:30,2001-03-01T19:30:00Z,AEK Athens,Benetton Basket,Benetton Basket,AEK Athens,TRE,AEK,PALAVERDE,,5500,2798,90,74,164,16,Benetton Basket,AEK Athens,Home Win (90-74),90-74,No,31,16,15,19,19,10,25,29,,,Played,,"BETANCOR, MIGUELO","AMOROS, XAVIER","JOVANOVIC, BRANKO",Benetton Basket team victory,Benetton Basket beat AEK Athens 90-74 in Round 15 (Quarterfinal 4).,Euroleague Basketball Official API (api-live.euroleague.net / live.euroleague.net)
145,E2000_146,2000-01,2000,E2000,Playoffs,Quarter-Finals / Playoffs,Round 15,2001-03-01,Thursday,21:00,2001-03-01T20:00:00Z,PAF Bologna,Real Madrid,Real Madrid,PAF Bologna,MAD,FOR,PABELLON RAIMUNDO SAPORTA,,5200,5200,88,57,145,31,Real Madrid,PAF Bologna,Home Win (88-57),88-57,No,13,6,21,16,26,17,28,18,,,Played,,"KOUKOULEKIDIS, STELIOS","MPOTITSIS, NIKOS","ANKARALI, RECEP",Real Madrid team victory,Real Madrid beat PAF Bologna 88-57 in Round 15 (Quarterfinal 1).,Euroleague Basketball Official API (api-live.euroleague.net / live.euroleague.net)
146,E2000_156,2000-01,2000,E2000,Playoffs,Quarter-Finals / Playoffs,Round 16,2001-03-07,Wednesday,17:00,2001-03-07T16:00:00Z,Benetton Basket,AEK Athens,AEK Athens,Benetton Basket,AEK,TRE,OLYMPIC BASKETBALL STADIUM,,18000,6500,71,56,127,15,AEK Athens,Benetton Basket,Home Win (71-56),71-56,No,17,14,18,22,17,13,19,7,,,Played,,"MITJANA, JUAN CARLOS","COELHO, ANTONIO","LOVSIN, ANDREJ",AEK Athens team victory,AEK Athens beat Benetton Basket 71-56 in Round 16 (Quarterfinal 4).,Euroleague Basketball Official API (api-live.euroleague.net / live.euroleague.net)
147,E2000_147,2000-01,2000,E2000,Playoffs,Quarter-Finals / Playoffs,Round 16,2001-03-07,Wednesday,20:30,2001-03-07T19:30:00Z,Real Madrid,PAF Bologna,PAF Bologna,Real Madrid,FOR,MAD,PALADOZZA,"Via Nannetti 1, 40122 Bologna - Italy",5700,4973,88,70,158,18,PAF Bologna,Real Madrid,Home Win (88-70),88-70,No,27,12,25,13,15,21,21,24,,,Played,,"RADIC, DANKO","DE KEYSER, ARMAND","JONES, WILLIAM",PAF Bologna team victory,PAF Bologna beat Real Madrid 88-70 in Round 16 (Quarterfinal 1).,Euroleague Basketball Official API (api-live.euroleague.net / live.euroleague.net)
148,E2000_157,2000-01,2000,E2000,Playoffs,Final Four Semifinal,Round 17,2001-03-27,Tuesday,20:30,2001-03-27T18:30:00Z,PAF Bologna,Kinder Virtus Bologna,Kinder Virtus Bologna,PAF Bologna,VIR,FOR,PALAMALAGUTI,,8278,7675,103,76,179,27,Kinder Virtus Bologna,PAF Bologna,Home Win (103-76),103-76,No,27,17,25,14,25,20,26,25,,,Played,,"BETANCOR, MIGUELO","ARTEAGA, JUAN CARLOS","COELHO, ANTONIO",Kinder Virtus Bologna team victory,Kinder Virtus Bologna defeated PAF Bologna 103-76 in Final Four (Final Four Semifinal) at PALAMALAGUTI.,Euroleague Basketball Official API (api-live.euroleague.net / live.euroleague.net)
149,E2000_158,2000-01,2000,E2000,Playoffs,Final Four Semifinal,Round 17,2001-03-29,Thursday,20:30,2001-03-29T18:30:00Z,PAF Bologna,Kinder Virtus Bologna,Kinder Virtus Bologna,PAF Bologna,VIR,FOR,PALAMALAGUTI,,8278,7675,92,84,176,8,Kinder Virtus Bologna,PAF Bologna,Home Win (92-84),92-84,No,26,12,17,31,25,16,24,25,,,Played,,"RAMOS, MATEO","KOUKOULEKIDIS, STELIOS","MPOTITSIS, NIKOS",Kinder Virtus Bologna team victory,Kinder Virtus Bologna defeated PAF Bologna 92-84 in Final Four (Final Four Semifinal) at PALAMALAGUTI.,Euroleague Basketball Official API (api-live.euroleague.net / live.euroleague.net)
150,E2000_163,2000-01,2000,E2000,Playoffs,Final Four Semifinal,Round 17,2001-03-30,Friday,21:00,2001-03-30T19:00:00Z,Tau Ceramica Vitoria-Gasteiz,AEK Athens,AEK Athens,Tau Ceramica Vitoria-Gasteiz,AEK,BAS,OLYMPIC BASKETBALL STADIUM,,18000,12000,67,70,137,3,Tau Ceramica Vitoria-Gasteiz,AEK Athens,Away Win (70-67),67-70,No,16,17,17,21,18,18,16,14,,,Played,,"WARNICK, TODD","DE KEYSER, ARMAND","JONES, WILLIAM",Tau Ceramica Vitoria-Gasteiz team victory,Tau Ceramica Vitoria-Gasteiz defeated AEK Athens 67-70 in Final Four (Final Four Semifinal) at OLYMPIC BASKETBALL STADIUM.,Euroleague Basketball Official API (api-live.euroleague.net / live.euroleague.net)
151,E2000_159,2000-01,2000,E2000,Playoffs,Final Four Semifinal,Round 17,2001-04-03,Tuesday,20:30,2001-04-03T18:30:00Z,Kinder Virtus Bologna,PAF Bologna,PAF Bologna,Kinder Virtus Bologna,FOR,VIR,PALADOZZA,"Via Nannetti 1, 40122 Bologna - Italy",5700,5309,70,74,144,4,Kinder Virtus Bologna,PAF Bologna,Away Win (74-70),70-74,No,22,17,18,15,23,13,7,29,,,Played,,"RADIC, DANKO","AMOROS, XAVIER","TSANIDIS, STAVROS",Kinder Virtus Bologna team victory,Kinder Virtus Bologna defeated PAF Bologna 70-74 in Final Four (Final Four Semifinal) at PALADOZZA.,Euroleague Basketball Official API (api-live.euroleague.net / live.euroleague.net)
152,E2000_162,2000-01,2000,E2000,Playoffs,Final Four Semifinal,Round 17,2001-04-04,Wednesday,21:00,2001-04-04T19:00:00Z,Tau Ceramica Vitoria-Gasteiz,AEK Athens,AEK Athens,Tau Ceramica Vitoria-Gasteiz,AEK,BAS,OLYMPIC BASKETBALL STADIUM,,18000,7000,65,90,155,25,Tau Ceramica Vitoria-Gasteiz,AEK Athens,Away Win (90-65),65-90,No,14,23,20,23,21,23,10,21,,,Played,,"COELHO, ANTONIO","REATTO, MARCELLO","JOVANOVIC, BRANKO",Tau Ceramica Vitoria-Gasteiz team victory,Tau Ceramica Vitoria-Gasteiz defeated AEK Athens 65-90 in Final Four (Final Four Semifinal) at OLYMPIC BASKETBALL STADIUM.,Euroleague Basketball Official API (api-live.euroleague.net / live.euroleague.net)
153,E2000_164,2000-01,2000,E2000,Playoffs,Final Four Semifinal,Round 17,2001-04-07,Saturday,19:00,2001-04-07T17:00:00Z,AEK Athens,Tau Ceramica Vitoria-Gasteiz,Tau Ceramica Vitoria-Gasteiz,AEK Athens,BAS,AEK,FERNANDO BUESA ARENA,"Ctra.  Zurbano s/n, 01013 Vitoria",9923,9323,76,62,138,14,Tau Ceramica Vitoria-Gasteiz,AEK Athens,Home Win (76-62),76-62,No,16,16,18,11,20,19,22,16,,,Played,,"STOKES, RICHARD","NOWICKI, MAREK","LOVSIN, ANDREJ",Tau Ceramica Vitoria-Gasteiz team victory,Tau Ceramica Vitoria-Gasteiz defeated AEK Athens 76-62 in Final Four (Final Four Semifinal) at FERNANDO BUESA ARENA.,Euroleague Basketball Official API (api-live.euroleague.net / live.euroleague.net)
154,E2000_165,2000-01,2000,E2000,Playoffs,Championship Game,Round 22,2001-04-17,Tuesday,20:30,2001-04-17T18:30:00Z,Tau Ceramica Vitoria-Gasteiz,Kinder Virtus Bologna,Kinder Virtus Bologna,Tau Ceramica Vitoria-Gasteiz,VIR,BAS,PALAMALAGUTI,,8278,7013,65,78,143,13,Tau Ceramica Vitoria-Gasteiz,Kinder Virtus Bologna,Away Win (78-65),65-78,No,14,18,16,28,19,19,16,13,,,Played,,"COELHO, ANTONIO","TSANIDIS, STAVROS","MPOTITSIS, NIKOS",Tau Ceramica Vitoria-Gasteiz team victory,Tau Ceramica Vitoria-Gasteiz crowned EuroLeague Champions after defeating Kinder Virtus Bologna 65-78 at PALAMALAGUTI.,Euroleague Basketball Official API (api-live.euroleague.net / live.euroleague.net)
155,E2000_166,2000-01,2000,E2000,Playoffs,Championship Game,Round 22,2001-04-19,Thursday,20:30,2001-04-19T18:30:00Z,Tau Ceramica Vitoria-Gasteiz,Kinder Virtus Bologna,Kinder Virtus Bologna,Tau Ceramica Vitoria-Gasteiz,VIR,BAS,PALAMALAGUTI,,8278,7046,94,73,167,21,Kinder Virtus Bologna,Tau Ceramica Vitoria-Gasteiz,Home Win (94-73),94-73,No,32,16,20,19,18,15,24,23,,,Played,,"STOKES, RICHARD","NOWICKI, MAREK","LOVSIN, ANDREJ",Kinder Virtus Bologna team victory,Kinder Virtus Bologna crowned EuroLeague Champions after defeating Tau Ceramica Vitoria-Gasteiz 94-73 at PALAMALAGUTI.,Euroleague Basketball Official API (api-live.euroleague.net / live.euroleague.net)
156,E2000_167,2000-01,2000,E2000,Playoffs,Championship Game,Round 22,2001-05-01,Tuesday,20:30,2001-05-01T18:30:00Z,Kinder Virtus Bologna,Tau Ceramica Vitoria-Gasteiz,Tau Ceramica Vitoria-Gasteiz,Kinder Virtus Bologna,BAS,VIR,FERNANDO BUESA ARENA,"Ctra.  Zurbano s/n, 01013 Vitoria",9923,9323,60,80,140,20,Kinder Virtus Bologna,Tau Ceramica Vitoria-Gasteiz,Away Win (80-60),60-80,No,16,14,14,23,17,19,13,24,,,Played,,"DE KEYSER, ARMAND","KOUKOULEKIDIS, STELIOS","ANKARALI, RECEP",Kinder Virtus Bologna team victory,Kinder Virtus Bologna crowned EuroLeague Champions after defeating Tau Ceramica Vitoria-Gasteiz 60-80 at FERNANDO BUESA ARENA.,Euroleague Basketball Official API (api-live.euroleague.net / live.euroleague.net)
157,E2000_168,2000-01,2000,E2000,Playoffs,Championship Game,Round 22,2001-05-03,Thursday,20:30,2001-05-03T18:30:00Z,Kinder Virtus Bologna,Tau Ceramica Vitoria-Gasteiz,Tau Ceramica Vitoria-Gasteiz,Kinder Virtus Bologna,BAS,VIR,FERNANDO BUESA ARENA,"Ctra.  Zurbano s/n, 01013 Vitoria",9923,9323,96,79,175,17,Tau Ceramica Vitoria-Gasteiz,Kinder Virtus Bologna,Home Win (96-79),96-79,No,24,17,19,14,26,23,27,25,,,Played,,"COELHO, ANTONIO","TSANIDIS, STAVROS","MPOTITSIS, NIKOS",Tau Ceramica Vitoria-Gasteiz team victory,Tau Ceramica Vitoria-Gasteiz crowned EuroLeague Champions after defeating Kinder Virtus Bologna 96-79 at FERNANDO BUESA ARENA.,Euroleague Basketball Official API (api-live.euroleague.net / live.euroleague.net)
158,E2000_169,2000-01,2000,E2000,Playoffs,Championship Game,Round 22,2001-05-10,Thursday,20:30,2001-05-10T18:30:00Z,Tau Ceramica Vitoria-Gasteiz,Kinder Virtus Bologna,Kinder Virtus Bologna,Tau Ceramica Vitoria-Gasteiz,VIR,BAS,PALAMALAGUTI,,8278,8278,82,74,156,8,Kinder Virtus Bologna,Tau Ceramica Vitoria-Gasteiz,Home Win (82-74),82-74,No,19,18,23,19,20,15,20,22,,,Played,,"COELHO, ANTONIO","TSANIDIS, STAVROS","STOKES, RICHARD",Kinder Virtus Bologna team victory,Kinder Virtus Bologna crowned EuroLeague Champions after defeating Tau Ceramica Vitoria-Gasteiz 82-74 at PALAMALAGUTI.,Euroleague Basketball Official API (api-live.euroleague.net / live.euroleague.net)
