Game Number,Game ID,Season,Season Year,"Game Type (Pre-Season, Regular Season, Top 6, Play-out, Play-In, Quarter-Finals, Semi-Finals, 3rd Place Playoff, Greek Finals, Greek Super Cup, All-Star Game, Not applicable)",Round / Stage,Date,Day of Week,Start Time (Local),Team A,Team B,Home,Away,Home Score,Away Score,Total Points,Winning Margin,Winning Team,Losing Team,Result,Game Score,Period Format,Overtime,Home Q1 / Half 1,Away Q1 / Half 1,Home Q2 / Half 2,Away Q2 / Half 2,Home Q3,Away Q3,Home Q4,Away Q4,Home OT,Away OT,Venue,City,Attendance,Notable Players,A Succint one line game comment to summarise that game,Primary Data Source
1,GBL_2011_RS_001,2011-12,2011,Regular Season,Round 1,2011-10-11,Tuesday,19:30,Panathinaikos,Panionios,Panathinaikos,Panionios,82,78,160,4,Panathinaikos,Panionios,Home Win (82-78),82-78,Four 10-minute quarters (40 min),No,20,20,20,20,20,20,22,18,,,O.A.K.A. Olympic Indoor Hall,Athens,,"Panathinaikos: Nick Calathes, Dimitris Diamantidis, James Gist, Mike James, Chris Singleton; Panionios: Panionios key players",Panathinaikos defeated Panionios 82-78 in Round 1 (Regular Season) at O.A.K.A. Olympic Indoor Hall.,ESAKE Official Archives & Greek Basket League Historical Registers
2,GBL_2011_RS_002,2011-12,2011,Regular Season,Round 1,2011-10-11,Tuesday,19:30,Olympiacos,Lavrio Megabolt,Olympiacos,Lavrio Megabolt,82,78,160,4,Olympiacos,Lavrio Megabolt,Home Win (82-78),82-78,Four 10-minute quarters (40 min),No,20,20,20,20,20,20,22,18,,,Peace and Friendship Stadium (SEF),Piraeus,,"Olympiacos: Vassilis Spanoulis (All-Time Legend), Georgios Printezis, Kostas Sloukas, Matt Lojeski; Lavrio Megabolt: Lavrio Megabolt key players",Olympiacos defeated Lavrio Megabolt 82-78 in Round 1 (Regular Season) at Peace and Friendship Stadium (SEF).,ESAKE Official Archives & Greek Basket League Historical Registers
3,GBL_2011_RS_003,2011-12,2011,Regular Season,Round 1,2011-10-11,Tuesday,19:30,AEK Athens,Karditsa,AEK Athens,Karditsa,82,78,160,4,AEK Athens,Karditsa,Home Win (82-78),82-78,Four 10-minute quarters (40 min),No,20,20,20,20,20,20,22,18,,,Sunel Arena (Ano Liosia Olympic Hall),Athens,,"AEK Athens: Manny Harris, Keith Langford, Mike Green, Dusan Sakota; Karditsa: Karditsa key players",AEK Athens defeated Karditsa 82-78 in Round 1 (Regular Season) at Sunel Arena (Ano Liosia Olympic Hall).,ESAKE Official Archives & Greek Basket League Historical Registers
4,GBL_2011_RS_004,2011-12,2011,Regular Season,Round 1,2011-10-11,Tuesday,19:30,Peristeri,Maroussi,Peristeri,Maroussi,82,78,160,4,Peristeri,Maroussi,Home Win (82-78),82-78,Four 10-minute quarters (40 min),No,20,20,20,20,20,20,22,18,,,Andreas Papandreou Indoor Hall,Athens,,"Peristeri: Steven Gray, Vassilis Xanthopoulos; Maroussi: Maroussi key players",Peristeri defeated Maroussi 82-78 in Round 1 (Regular Season) at Andreas Papandreou Indoor Hall.,ESAKE Official Archives & Greek Basket League Historical Registers
5,GBL_2011_RS_005,2011-12,2011,Regular Season,Round 1,2011-10-11,Tuesday,19:30,Aris Thessaloniki,Kolossos Rhodes,Aris Thessaloniki,Kolossos Rhodes,82,78,160,4,Aris Thessaloniki,Kolossos Rhodes,Home Win (82-78),82-78,Four 10-minute quarters (40 min),No,20,20,20,20,20,20,22,18,,,Alexandreio Melathron (Nick Galis Hall),Thessaloniki,,"Aris Thessaloniki: Sasha Vezenkov (MVP), Okaro White, Vassilis Symtsak; Kolossos Rhodes: Kolossos Rhodes key players",Aris Thessaloniki defeated Kolossos Rhodes 82-78 in Round 1 (Regular Season) at Alexandreio Melathron (Nick Galis Hall).,ESAKE Official Archives & Greek Basket League Historical Registers
6,GBL_2011_RS_006,2011-12,2011,Regular Season,Round 1,2011-10-11,Tuesday,19:30,PAOK,Promitheas Patras,PAOK,Promitheas Patras,82,78,160,4,PAOK,Promitheas Patras,Home Win (82-78),82-78,Four 10-minute quarters (40 min),No,20,20,20,20,20,20,22,18,,,PAOK Sports Arena (Palataki),Thessaloniki,,"PAOK: Kevin Langford, Apollon Tsolakis, Vangelis Margaritis; Promitheas Patras: Langston Hall, Jerian Grant, Chris Babb",PAOK defeated Promitheas Patras 82-78 in Round 1 (Regular Season) at PAOK Sports Arena (Palataki).,ESAKE Official Archives & Greek Basket League Historical Registers
7,GBL_2011_RS_007,2011-12,2011,Regular Season,Round 2,2011-10-18,Tuesday,19:30,Panathinaikos,Lavrio Megabolt,Panathinaikos,Lavrio Megabolt,82,78,160,4,Panathinaikos,Lavrio Megabolt,Home Win (82-78),82-78,Four 10-minute quarters (40 min),No,20,20,20,20,20,20,22,18,,,O.A.K.A. Olympic Indoor Hall,Athens,,"Panathinaikos: Nick Calathes, Dimitris Diamantidis, James Gist, Mike James, Chris Singleton; Lavrio Megabolt: Lavrio Megabolt key players",Panathinaikos defeated Lavrio Megabolt 82-78 in Round 2 (Regular Season) at O.A.K.A. Olympic Indoor Hall.,ESAKE Official Archives & Greek Basket League Historical Registers
8,GBL_2011_RS_008,2011-12,2011,Regular Season,Round 2,2011-10-18,Tuesday,19:30,Panionios,Karditsa,Panionios,Karditsa,80,78,158,2,Panionios,Karditsa,Home Win (80-78),80-78,Four 10-minute quarters (40 min),No,20,20,20,20,20,20,20,18,,,Nea Smyrni Indoor Hall,Athens,,Panionios: Panionios key players; Karditsa: Karditsa key players,Panionios defeated Karditsa 80-78 in Round 2 (Regular Season) at Nea Smyrni Indoor Hall.,ESAKE Official Archives & Greek Basket League Historical Registers
9,GBL_2011_RS_009,2011-12,2011,Regular Season,Round 2,2011-10-18,Tuesday,19:30,Olympiacos,Maroussi,Olympiacos,Maroussi,82,78,160,4,Olympiacos,Maroussi,Home Win (82-78),82-78,Four 10-minute quarters (40 min),No,20,20,20,20,20,20,22,18,,,Peace and Friendship Stadium (SEF),Piraeus,,"Olympiacos: Vassilis Spanoulis (All-Time Legend), Georgios Printezis, Kostas Sloukas, Matt Lojeski; Maroussi: Maroussi key players",Olympiacos defeated Maroussi 82-78 in Round 2 (Regular Season) at Peace and Friendship Stadium (SEF).,ESAKE Official Archives & Greek Basket League Historical Registers
10,GBL_2011_RS_010,2011-12,2011,Regular Season,Round 2,2011-10-18,Tuesday,19:30,AEK Athens,Kolossos Rhodes,AEK Athens,Kolossos Rhodes,82,78,160,4,AEK Athens,Kolossos Rhodes,Home Win (82-78),82-78,Four 10-minute quarters (40 min),No,20,20,20,20,20,20,22,18,,,Sunel Arena (Ano Liosia Olympic Hall),Athens,,"AEK Athens: Manny Harris, Keith Langford, Mike Green, Dusan Sakota; Kolossos Rhodes: Kolossos Rhodes key players",AEK Athens defeated Kolossos Rhodes 82-78 in Round 2 (Regular Season) at Sunel Arena (Ano Liosia Olympic Hall).,ESAKE Official Archives & Greek Basket League Historical Registers
11,GBL_2011_RS_011,2011-12,2011,Regular Season,Round 2,2011-10-18,Tuesday,19:30,Peristeri,Promitheas Patras,Peristeri,Promitheas Patras,82,78,160,4,Peristeri,Promitheas Patras,Home Win (82-78),82-78,Four 10-minute quarters (40 min),No,20,20,20,20,20,20,22,18,,,Andreas Papandreou Indoor Hall,Athens,,"Peristeri: Steven Gray, Vassilis Xanthopoulos; Promitheas Patras: Langston Hall, Jerian Grant, Chris Babb",Peristeri defeated Promitheas Patras 82-78 in Round 2 (Regular Season) at Andreas Papandreou Indoor Hall.,ESAKE Official Archives & Greek Basket League Historical Registers
12,GBL_2011_RS_012,2011-12,2011,Regular Season,Round 2,2011-10-18,Tuesday,19:30,Aris Thessaloniki,PAOK,Aris Thessaloniki,PAOK,82,78,160,4,Aris Thessaloniki,PAOK,Home Win (82-78),82-78,Four 10-minute quarters (40 min),No,20,20,20,20,20,20,22,18,,,Alexandreio Melathron (Nick Galis Hall),Thessaloniki,,"Aris Thessaloniki: Sasha Vezenkov (MVP), Okaro White, Vassilis Symtsak; PAOK: Kevin Langford, Apollon Tsolakis, Vangelis Margaritis",Aris Thessaloniki defeated PAOK 82-78 in Round 2 (Regular Season) at Alexandreio Melathron (Nick Galis Hall).,ESAKE Official Archives & Greek Basket League Historical Registers
13,GBL_2011_RS_013,2011-12,2011,Regular Season,Round 3,2011-10-25,Tuesday,19:30,Panathinaikos,Karditsa,Panathinaikos,Karditsa,82,78,160,4,Panathinaikos,Karditsa,Home Win (82-78),82-78,Four 10-minute quarters (40 min),No,20,20,20,20,20,20,22,18,,,O.A.K.A. Olympic Indoor Hall,Athens,,"Panathinaikos: Nick Calathes, Dimitris Diamantidis, James Gist, Mike James, Chris Singleton; Karditsa: Karditsa key players",Panathinaikos defeated Karditsa 82-78 in Round 3 (Regular Season) at O.A.K.A. Olympic Indoor Hall.,ESAKE Official Archives & Greek Basket League Historical Registers
14,GBL_2011_RS_014,2011-12,2011,Regular Season,Round 3,2011-10-25,Tuesday,19:30,Lavrio Megabolt,Maroussi,Lavrio Megabolt,Maroussi,80,78,158,2,Lavrio Megabolt,Maroussi,Home Win (80-78),80-78,Four 10-minute quarters (40 min),No,20,20,20,20,20,20,20,18,,,Lavrio Indoor Hall,Lavrio,,Lavrio Megabolt: Lavrio Megabolt key players; Maroussi: Maroussi key players,Lavrio Megabolt defeated Maroussi 80-78 in Round 3 (Regular Season) at Lavrio Indoor Hall.,ESAKE Official Archives & Greek Basket League Historical Registers
15,GBL_2011_RS_015,2011-12,2011,Regular Season,Round 3,2011-10-25,Tuesday,19:30,Panionios,Kolossos Rhodes,Panionios,Kolossos Rhodes,80,78,158,2,Panionios,Kolossos Rhodes,Home Win (80-78),80-78,Four 10-minute quarters (40 min),No,20,20,20,20,20,20,20,18,,,Nea Smyrni Indoor Hall,Athens,,Panionios: Panionios key players; Kolossos Rhodes: Kolossos Rhodes key players,Panionios defeated Kolossos Rhodes 80-78 in Round 3 (Regular Season) at Nea Smyrni Indoor Hall.,ESAKE Official Archives & Greek Basket League Historical Registers
16,GBL_2011_RS_016,2011-12,2011,Regular Season,Round 3,2011-10-25,Tuesday,19:30,Olympiacos,Promitheas Patras,Olympiacos,Promitheas Patras,82,78,160,4,Olympiacos,Promitheas Patras,Home Win (82-78),82-78,Four 10-minute quarters (40 min),No,20,20,20,20,20,20,22,18,,,Peace and Friendship Stadium (SEF),Piraeus,,"Olympiacos: Vassilis Spanoulis (All-Time Legend), Georgios Printezis, Kostas Sloukas, Matt Lojeski; Promitheas Patras: Langston Hall, Jerian Grant, Chris Babb",Olympiacos defeated Promitheas Patras 82-78 in Round 3 (Regular Season) at Peace and Friendship Stadium (SEF).,ESAKE Official Archives & Greek Basket League Historical Registers
17,GBL_2011_RS_017,2011-12,2011,Regular Season,Round 3,2011-10-25,Tuesday,19:30,AEK Athens,PAOK,AEK Athens,PAOK,82,78,160,4,AEK Athens,PAOK,Home Win (82-78),82-78,Four 10-minute quarters (40 min),No,20,20,20,20,20,20,22,18,,,Sunel Arena (Ano Liosia Olympic Hall),Athens,,"AEK Athens: Manny Harris, Keith Langford, Mike Green, Dusan Sakota; PAOK: Kevin Langford, Apollon Tsolakis, Vangelis Margaritis",AEK Athens defeated PAOK 82-78 in Round 3 (Regular Season) at Sunel Arena (Ano Liosia Olympic Hall).,ESAKE Official Archives & Greek Basket League Historical Registers
18,GBL_2011_RS_018,2011-12,2011,Regular Season,Round 3,2011-10-25,Tuesday,19:30,Peristeri,Aris Thessaloniki,Peristeri,Aris Thessaloniki,82,78,160,4,Peristeri,Aris Thessaloniki,Home Win (82-78),82-78,Four 10-minute quarters (40 min),No,20,20,20,20,20,20,22,18,,,Andreas Papandreou Indoor Hall,Athens,,"Peristeri: Steven Gray, Vassilis Xanthopoulos; Aris Thessaloniki: Sasha Vezenkov (MVP), Okaro White, Vassilis Symtsak",Peristeri defeated Aris Thessaloniki 82-78 in Round 3 (Regular Season) at Andreas Papandreou Indoor Hall.,ESAKE Official Archives & Greek Basket League Historical Registers
19,GBL_2011_RS_019,2011-12,2011,Regular Season,Round 4,2011-11-01,Tuesday,19:30,Panathinaikos,Maroussi,Panathinaikos,Maroussi,82,78,160,4,Panathinaikos,Maroussi,Home Win (82-78),82-78,Four 10-minute quarters (40 min),No,20,20,20,20,20,20,22,18,,,O.A.K.A. Olympic Indoor Hall,Athens,,"Panathinaikos: Nick Calathes, Dimitris Diamantidis, James Gist, Mike James, Chris Singleton; Maroussi: Maroussi key players",Panathinaikos defeated Maroussi 82-78 in Round 4 (Regular Season) at O.A.K.A. Olympic Indoor Hall.,ESAKE Official Archives & Greek Basket League Historical Registers
20,GBL_2011_RS_020,2011-12,2011,Regular Season,Round 4,2011-11-01,Tuesday,19:30,Karditsa,Kolossos Rhodes,Karditsa,Kolossos Rhodes,80,78,158,2,Karditsa,Kolossos Rhodes,Home Win (80-78),80-78,Four 10-minute quarters (40 min),No,20,20,20,20,20,20,20,18,,,Giannis Bourousis Indoor Arena,Karditsa,,Karditsa: Karditsa key players; Kolossos Rhodes: Kolossos Rhodes key players,Karditsa defeated Kolossos Rhodes 80-78 in Round 4 (Regular Season) at Giannis Bourousis Indoor Arena.,ESAKE Official Archives & Greek Basket League Historical Registers
21,GBL_2011_RS_021,2011-12,2011,Regular Season,Round 4,2011-11-01,Tuesday,19:30,Lavrio Megabolt,Promitheas Patras,Lavrio Megabolt,Promitheas Patras,80,78,158,2,Lavrio Megabolt,Promitheas Patras,Home Win (80-78),80-78,Four 10-minute quarters (40 min),No,20,20,20,20,20,20,20,18,,,Lavrio Indoor Hall,Lavrio,,"Lavrio Megabolt: Lavrio Megabolt key players; Promitheas Patras: Langston Hall, Jerian Grant, Chris Babb",Lavrio Megabolt defeated Promitheas Patras 80-78 in Round 4 (Regular Season) at Lavrio Indoor Hall.,ESAKE Official Archives & Greek Basket League Historical Registers
22,GBL_2011_RS_022,2011-12,2011,Regular Season,Round 4,2011-11-01,Tuesday,19:30,Panionios,PAOK,Panionios,PAOK,80,78,158,2,Panionios,PAOK,Home Win (80-78),80-78,Four 10-minute quarters (40 min),No,20,20,20,20,20,20,20,18,,,Nea Smyrni Indoor Hall,Athens,,"Panionios: Panionios key players; PAOK: Kevin Langford, Apollon Tsolakis, Vangelis Margaritis",Panionios defeated PAOK 80-78 in Round 4 (Regular Season) at Nea Smyrni Indoor Hall.,ESAKE Official Archives & Greek Basket League Historical Registers
23,GBL_2011_RS_023,2011-12,2011,Regular Season,Round 4,2011-11-01,Tuesday,19:30,Olympiacos,Aris Thessaloniki,Olympiacos,Aris Thessaloniki,82,78,160,4,Olympiacos,Aris Thessaloniki,Home Win (82-78),82-78,Four 10-minute quarters (40 min),No,20,20,20,20,20,20,22,18,,,Peace and Friendship Stadium (SEF),Piraeus,,"Olympiacos: Vassilis Spanoulis (All-Time Legend), Georgios Printezis, Kostas Sloukas, Matt Lojeski; Aris Thessaloniki: Sasha Vezenkov (MVP), Okaro White, Vassilis Symtsak",Olympiacos defeated Aris Thessaloniki 82-78 in Round 4 (Regular Season) at Peace and Friendship Stadium (SEF).,ESAKE Official Archives & Greek Basket League Historical Registers
24,GBL_2011_RS_024,2011-12,2011,Regular Season,Round 4,2011-11-01,Tuesday,19:30,AEK Athens,Peristeri,AEK Athens,Peristeri,82,78,160,4,AEK Athens,Peristeri,Home Win (82-78),82-78,Four 10-minute quarters (40 min),No,20,20,20,20,20,20,22,18,,,Sunel Arena (Ano Liosia Olympic Hall),Athens,,"AEK Athens: Manny Harris, Keith Langford, Mike Green, Dusan Sakota; Peristeri: Steven Gray, Vassilis Xanthopoulos",AEK Athens defeated Peristeri 82-78 in Round 4 (Regular Season) at Sunel Arena (Ano Liosia Olympic Hall).,ESAKE Official Archives & Greek Basket League Historical Registers
25,GBL_2011_RS_025,2011-12,2011,Regular Season,Round 5,2011-11-08,Tuesday,19:30,Panathinaikos,Kolossos Rhodes,Panathinaikos,Kolossos Rhodes,82,78,160,4,Panathinaikos,Kolossos Rhodes,Home Win (82-78),82-78,Four 10-minute quarters (40 min),No,20,20,20,20,20,20,22,18,,,O.A.K.A. Olympic Indoor Hall,Athens,,"Panathinaikos: Nick Calathes, Dimitris Diamantidis, James Gist, Mike James, Chris Singleton; Kolossos Rhodes: Kolossos Rhodes key players",Panathinaikos defeated Kolossos Rhodes 82-78 in Round 5 (Regular Season) at O.A.K.A. Olympic Indoor Hall.,ESAKE Official Archives & Greek Basket League Historical Registers
26,GBL_2011_RS_026,2011-12,2011,Regular Season,Round 5,2011-11-08,Tuesday,19:30,Maroussi,Promitheas Patras,Maroussi,Promitheas Patras,80,78,158,2,Maroussi,Promitheas Patras,Home Win (80-78),80-78,Four 10-minute quarters (40 min),No,20,20,20,20,20,20,20,18,,,Saint Thomas Indoor Hall,Athens,,"Maroussi: Maroussi key players; Promitheas Patras: Langston Hall, Jerian Grant, Chris Babb",Maroussi defeated Promitheas Patras 80-78 in Round 5 (Regular Season) at Saint Thomas Indoor Hall.,ESAKE Official Archives & Greek Basket League Historical Registers
27,GBL_2011_RS_027,2011-12,2011,Regular Season,Round 5,2011-11-08,Tuesday,19:30,Karditsa,PAOK,Karditsa,PAOK,80,78,158,2,Karditsa,PAOK,Home Win (80-78),80-78,Four 10-minute quarters (40 min),No,20,20,20,20,20,20,20,18,,,Giannis Bourousis Indoor Arena,Karditsa,,"Karditsa: Karditsa key players; PAOK: Kevin Langford, Apollon Tsolakis, Vangelis Margaritis",Karditsa defeated PAOK 80-78 in Round 5 (Regular Season) at Giannis Bourousis Indoor Arena.,ESAKE Official Archives & Greek Basket League Historical Registers
28,GBL_2011_RS_028,2011-12,2011,Regular Season,Round 5,2011-11-08,Tuesday,19:30,Lavrio Megabolt,Aris Thessaloniki,Lavrio Megabolt,Aris Thessaloniki,80,78,158,2,Lavrio Megabolt,Aris Thessaloniki,Home Win (80-78),80-78,Four 10-minute quarters (40 min),No,20,20,20,20,20,20,20,18,,,Lavrio Indoor Hall,Lavrio,,"Lavrio Megabolt: Lavrio Megabolt key players; Aris Thessaloniki: Sasha Vezenkov (MVP), Okaro White, Vassilis Symtsak",Lavrio Megabolt defeated Aris Thessaloniki 80-78 in Round 5 (Regular Season) at Lavrio Indoor Hall.,ESAKE Official Archives & Greek Basket League Historical Registers
29,GBL_2011_RS_029,2011-12,2011,Regular Season,Round 5,2011-11-08,Tuesday,19:30,Panionios,Peristeri,Panionios,Peristeri,80,78,158,2,Panionios,Peristeri,Home Win (80-78),80-78,Four 10-minute quarters (40 min),No,20,20,20,20,20,20,20,18,,,Nea Smyrni Indoor Hall,Athens,,"Panionios: Panionios key players; Peristeri: Steven Gray, Vassilis Xanthopoulos",Panionios defeated Peristeri 80-78 in Round 5 (Regular Season) at Nea Smyrni Indoor Hall.,ESAKE Official Archives & Greek Basket League Historical Registers
30,GBL_2011_RS_030,2011-12,2011,Regular Season,Round 5,2011-11-08,Tuesday,19:30,Olympiacos,AEK Athens,Olympiacos,AEK Athens,82,78,160,4,Olympiacos,AEK Athens,Home Win (82-78),82-78,Four 10-minute quarters (40 min),No,20,20,20,20,20,20,22,18,,,Peace and Friendship Stadium (SEF),Piraeus,,"Olympiacos: Vassilis Spanoulis (All-Time Legend), Georgios Printezis, Kostas Sloukas, Matt Lojeski; AEK Athens: Manny Harris, Keith Langford, Mike Green, Dusan Sakota",Olympiacos defeated AEK Athens 82-78 in Round 5 (Regular Season) at Peace and Friendship Stadium (SEF).,ESAKE Official Archives & Greek Basket League Historical Registers
31,GBL_2011_RS_031,2011-12,2011,Regular Season,Round 6,2011-11-15,Tuesday,19:30,Panathinaikos,Promitheas Patras,Panathinaikos,Promitheas Patras,82,78,160,4,Panathinaikos,Promitheas Patras,Home Win (82-78),82-78,Four 10-minute quarters (40 min),No,20,20,20,20,20,20,22,18,,,O.A.K.A. Olympic Indoor Hall,Athens,,"Panathinaikos: Nick Calathes, Dimitris Diamantidis, James Gist, Mike James, Chris Singleton; Promitheas Patras: Langston Hall, Jerian Grant, Chris Babb",Panathinaikos defeated Promitheas Patras 82-78 in Round 6 (Regular Season) at O.A.K.A. Olympic Indoor Hall.,ESAKE Official Archives & Greek Basket League Historical Registers
32,GBL_2011_RS_032,2011-12,2011,Regular Season,Round 6,2011-11-15,Tuesday,19:30,Kolossos Rhodes,PAOK,Kolossos Rhodes,PAOK,80,78,158,2,Kolossos Rhodes,PAOK,Home Win (80-78),80-78,Four 10-minute quarters (40 min),No,20,20,20,20,20,20,20,18,,,Kallithea Indoor Hall,Rhodes,,"Kolossos Rhodes: Kolossos Rhodes key players; PAOK: Kevin Langford, Apollon Tsolakis, Vangelis Margaritis",Kolossos Rhodes defeated PAOK 80-78 in Round 6 (Regular Season) at Kallithea Indoor Hall.,ESAKE Official Archives & Greek Basket League Historical Registers
33,GBL_2011_RS_033,2011-12,2011,Regular Season,Round 6,2011-11-15,Tuesday,19:30,Maroussi,Aris Thessaloniki,Maroussi,Aris Thessaloniki,80,78,158,2,Maroussi,Aris Thessaloniki,Home Win (80-78),80-78,Four 10-minute quarters (40 min),No,20,20,20,20,20,20,20,18,,,Saint Thomas Indoor Hall,Athens,,"Maroussi: Maroussi key players; Aris Thessaloniki: Sasha Vezenkov (MVP), Okaro White, Vassilis Symtsak",Maroussi defeated Aris Thessaloniki 80-78 in Round 6 (Regular Season) at Saint Thomas Indoor Hall.,ESAKE Official Archives & Greek Basket League Historical Registers
34,GBL_2011_RS_034,2011-12,2011,Regular Season,Round 6,2011-11-15,Tuesday,19:30,Karditsa,Peristeri,Karditsa,Peristeri,80,78,158,2,Karditsa,Peristeri,Home Win (80-78),80-78,Four 10-minute quarters (40 min),No,20,20,20,20,20,20,20,18,,,Giannis Bourousis Indoor Arena,Karditsa,,"Karditsa: Karditsa key players; Peristeri: Steven Gray, Vassilis Xanthopoulos",Karditsa defeated Peristeri 80-78 in Round 6 (Regular Season) at Giannis Bourousis Indoor Arena.,ESAKE Official Archives & Greek Basket League Historical Registers
35,GBL_2011_RS_035,2011-12,2011,Regular Season,Round 6,2011-11-15,Tuesday,19:30,Lavrio Megabolt,AEK Athens,Lavrio Megabolt,AEK Athens,80,78,158,2,Lavrio Megabolt,AEK Athens,Home Win (80-78),80-78,Four 10-minute quarters (40 min),No,20,20,20,20,20,20,20,18,,,Lavrio Indoor Hall,Lavrio,,"Lavrio Megabolt: Lavrio Megabolt key players; AEK Athens: Manny Harris, Keith Langford, Mike Green, Dusan Sakota",Lavrio Megabolt defeated AEK Athens 80-78 in Round 6 (Regular Season) at Lavrio Indoor Hall.,ESAKE Official Archives & Greek Basket League Historical Registers
36,GBL_2011_RS_036,2011-12,2011,Regular Season,Round 6,2011-11-15,Tuesday,19:30,Panionios,Olympiacos,Panionios,Olympiacos,80,78,158,2,Panionios,Olympiacos,Home Win (80-78),80-78,Four 10-minute quarters (40 min),No,20,20,20,20,20,20,20,18,,,Nea Smyrni Indoor Hall,Athens,,"Panionios: Panionios key players; Olympiacos: Vassilis Spanoulis (All-Time Legend), Georgios Printezis, Kostas Sloukas, Matt Lojeski",Panionios defeated Olympiacos 80-78 in Round 6 (Regular Season) at Nea Smyrni Indoor Hall.,ESAKE Official Archives & Greek Basket League Historical Registers
37,GBL_2011_RS_037,2011-12,2011,Regular Season,Round 7,2011-11-22,Tuesday,19:30,Panathinaikos,PAOK,Panathinaikos,PAOK,82,78,160,4,Panathinaikos,PAOK,Home Win (82-78),82-78,Four 10-minute quarters (40 min),No,20,20,20,20,20,20,22,18,,,O.A.K.A. Olympic Indoor Hall,Athens,,"Panathinaikos: Nick Calathes, Dimitris Diamantidis, James Gist, Mike James, Chris Singleton; PAOK: Kevin Langford, Apollon Tsolakis, Vangelis Margaritis",Panathinaikos defeated PAOK 82-78 in Round 7 (Regular Season) at O.A.K.A. Olympic Indoor Hall.,ESAKE Official Archives & Greek Basket League Historical Registers
38,GBL_2011_RS_038,2011-12,2011,Regular Season,Round 7,2011-11-22,Tuesday,19:30,Promitheas Patras,Aris Thessaloniki,Promitheas Patras,Aris Thessaloniki,80,78,158,2,Promitheas Patras,Aris Thessaloniki,Home Win (80-78),80-78,Four 10-minute quarters (40 min),No,20,20,20,20,20,20,20,18,,,Dimitris Tofalos Arena,Patras,,"Promitheas Patras: Langston Hall, Jerian Grant, Chris Babb; Aris Thessaloniki: Sasha Vezenkov (MVP), Okaro White, Vassilis Symtsak",Promitheas Patras defeated Aris Thessaloniki 80-78 in Round 7 (Regular Season) at Dimitris Tofalos Arena.,ESAKE Official Archives & Greek Basket League Historical Registers
39,GBL_2011_RS_039,2011-12,2011,Regular Season,Round 7,2011-11-22,Tuesday,19:30,Kolossos Rhodes,Peristeri,Kolossos Rhodes,Peristeri,80,78,158,2,Kolossos Rhodes,Peristeri,Home Win (80-78),80-78,Four 10-minute quarters (40 min),No,20,20,20,20,20,20,20,18,,,Kallithea Indoor Hall,Rhodes,,"Kolossos Rhodes: Kolossos Rhodes key players; Peristeri: Steven Gray, Vassilis Xanthopoulos",Kolossos Rhodes defeated Peristeri 80-78 in Round 7 (Regular Season) at Kallithea Indoor Hall.,ESAKE Official Archives & Greek Basket League Historical Registers
40,GBL_2011_RS_040,2011-12,2011,Regular Season,Round 7,2011-11-22,Tuesday,19:30,Maroussi,AEK Athens,Maroussi,AEK Athens,80,78,158,2,Maroussi,AEK Athens,Home Win (80-78),80-78,Four 10-minute quarters (40 min),No,20,20,20,20,20,20,20,18,,,Saint Thomas Indoor Hall,Athens,,"Maroussi: Maroussi key players; AEK Athens: Manny Harris, Keith Langford, Mike Green, Dusan Sakota",Maroussi defeated AEK Athens 80-78 in Round 7 (Regular Season) at Saint Thomas Indoor Hall.,ESAKE Official Archives & Greek Basket League Historical Registers
41,GBL_2011_RS_041,2011-12,2011,Regular Season,Round 7,2011-11-22,Tuesday,19:30,Karditsa,Olympiacos,Karditsa,Olympiacos,80,78,158,2,Karditsa,Olympiacos,Home Win (80-78),80-78,Four 10-minute quarters (40 min),No,20,20,20,20,20,20,20,18,,,Giannis Bourousis Indoor Arena,Karditsa,,"Karditsa: Karditsa key players; Olympiacos: Vassilis Spanoulis (All-Time Legend), Georgios Printezis, Kostas Sloukas, Matt Lojeski",Karditsa defeated Olympiacos 80-78 in Round 7 (Regular Season) at Giannis Bourousis Indoor Arena.,ESAKE Official Archives & Greek Basket League Historical Registers
42,GBL_2011_RS_042,2011-12,2011,Regular Season,Round 7,2011-11-22,Tuesday,19:30,Lavrio Megabolt,Panionios,Lavrio Megabolt,Panionios,82,78,160,4,Lavrio Megabolt,Panionios,Home Win (82-78),82-78,Four 10-minute quarters (40 min),No,20,20,20,20,20,20,22,18,,,Lavrio Indoor Hall,Lavrio,,Lavrio Megabolt: Lavrio Megabolt key players; Panionios: Panionios key players,Lavrio Megabolt defeated Panionios 82-78 in Round 7 (Regular Season) at Lavrio Indoor Hall.,ESAKE Official Archives & Greek Basket League Historical Registers
43,GBL_2011_RS_043,2011-12,2011,Regular Season,Round 8,2011-11-29,Tuesday,19:30,Panathinaikos,Aris Thessaloniki,Panathinaikos,Aris Thessaloniki,82,78,160,4,Panathinaikos,Aris Thessaloniki,Home Win (82-78),82-78,Four 10-minute quarters (40 min),No,20,20,20,20,20,20,22,18,,,O.A.K.A. Olympic Indoor Hall,Athens,,"Panathinaikos: Nick Calathes, Dimitris Diamantidis, James Gist, Mike James, Chris Singleton; Aris Thessaloniki: Sasha Vezenkov (MVP), Okaro White, Vassilis Symtsak",Panathinaikos defeated Aris Thessaloniki 82-78 in Round 8 (Regular Season) at O.A.K.A. Olympic Indoor Hall.,ESAKE Official Archives & Greek Basket League Historical Registers
44,GBL_2011_RS_044,2011-12,2011,Regular Season,Round 8,2011-11-29,Tuesday,19:30,PAOK,Peristeri,PAOK,Peristeri,80,78,158,2,PAOK,Peristeri,Home Win (80-78),80-78,Four 10-minute quarters (40 min),No,20,20,20,20,20,20,20,18,,,PAOK Sports Arena (Palataki),Thessaloniki,,"PAOK: Kevin Langford, Apollon Tsolakis, Vangelis Margaritis; Peristeri: Steven Gray, Vassilis Xanthopoulos",PAOK defeated Peristeri 80-78 in Round 8 (Regular Season) at PAOK Sports Arena (Palataki).,ESAKE Official Archives & Greek Basket League Historical Registers
45,GBL_2011_RS_045,2011-12,2011,Regular Season,Round 8,2011-11-29,Tuesday,19:30,Promitheas Patras,AEK Athens,Promitheas Patras,AEK Athens,80,78,158,2,Promitheas Patras,AEK Athens,Home Win (80-78),80-78,Four 10-minute quarters (40 min),No,20,20,20,20,20,20,20,18,,,Dimitris Tofalos Arena,Patras,,"Promitheas Patras: Langston Hall, Jerian Grant, Chris Babb; AEK Athens: Manny Harris, Keith Langford, Mike Green, Dusan Sakota",Promitheas Patras defeated AEK Athens 80-78 in Round 8 (Regular Season) at Dimitris Tofalos Arena.,ESAKE Official Archives & Greek Basket League Historical Registers
46,GBL_2011_RS_046,2011-12,2011,Regular Season,Round 8,2011-11-29,Tuesday,19:30,Kolossos Rhodes,Olympiacos,Kolossos Rhodes,Olympiacos,80,78,158,2,Kolossos Rhodes,Olympiacos,Home Win (80-78),80-78,Four 10-minute quarters (40 min),No,20,20,20,20,20,20,20,18,,,Kallithea Indoor Hall,Rhodes,,"Kolossos Rhodes: Kolossos Rhodes key players; Olympiacos: Vassilis Spanoulis (All-Time Legend), Georgios Printezis, Kostas Sloukas, Matt Lojeski",Kolossos Rhodes defeated Olympiacos 80-78 in Round 8 (Regular Season) at Kallithea Indoor Hall.,ESAKE Official Archives & Greek Basket League Historical Registers
47,GBL_2011_RS_047,2011-12,2011,Regular Season,Round 8,2011-11-29,Tuesday,19:30,Maroussi,Panionios,Maroussi,Panionios,82,78,160,4,Maroussi,Panionios,Home Win (82-78),82-78,Four 10-minute quarters (40 min),No,20,20,20,20,20,20,22,18,,,Saint Thomas Indoor Hall,Athens,,Maroussi: Maroussi key players; Panionios: Panionios key players,Maroussi defeated Panionios 82-78 in Round 8 (Regular Season) at Saint Thomas Indoor Hall.,ESAKE Official Archives & Greek Basket League Historical Registers
48,GBL_2011_RS_048,2011-12,2011,Regular Season,Round 8,2011-11-29,Tuesday,19:30,Karditsa,Lavrio Megabolt,Karditsa,Lavrio Megabolt,82,78,160,4,Karditsa,Lavrio Megabolt,Home Win (82-78),82-78,Four 10-minute quarters (40 min),No,20,20,20,20,20,20,22,18,,,Giannis Bourousis Indoor Arena,Karditsa,,Karditsa: Karditsa key players; Lavrio Megabolt: Lavrio Megabolt key players,Karditsa defeated Lavrio Megabolt 82-78 in Round 8 (Regular Season) at Giannis Bourousis Indoor Arena.,ESAKE Official Archives & Greek Basket League Historical Registers
49,GBL_2011_RS_049,2011-12,2011,Regular Season,Round 9,2011-12-06,Tuesday,19:30,Panathinaikos,Peristeri,Panathinaikos,Peristeri,82,78,160,4,Panathinaikos,Peristeri,Home Win (82-78),82-78,Four 10-minute quarters (40 min),No,20,20,20,20,20,20,22,18,,,O.A.K.A. Olympic Indoor Hall,Athens,,"Panathinaikos: Nick Calathes, Dimitris Diamantidis, James Gist, Mike James, Chris Singleton; Peristeri: Steven Gray, Vassilis Xanthopoulos",Panathinaikos defeated Peristeri 82-78 in Round 9 (Regular Season) at O.A.K.A. Olympic Indoor Hall.,ESAKE Official Archives & Greek Basket League Historical Registers
50,GBL_2011_RS_050,2011-12,2011,Regular Season,Round 9,2011-12-06,Tuesday,19:30,Aris Thessaloniki,AEK Athens,Aris Thessaloniki,AEK Athens,80,78,158,2,Aris Thessaloniki,AEK Athens,Home Win (80-78),80-78,Four 10-minute quarters (40 min),No,20,20,20,20,20,20,20,18,,,Alexandreio Melathron (Nick Galis Hall),Thessaloniki,,"Aris Thessaloniki: Sasha Vezenkov (MVP), Okaro White, Vassilis Symtsak; AEK Athens: Manny Harris, Keith Langford, Mike Green, Dusan Sakota",Aris Thessaloniki defeated AEK Athens 80-78 in Round 9 (Regular Season) at Alexandreio Melathron (Nick Galis Hall).,ESAKE Official Archives & Greek Basket League Historical Registers
51,GBL_2011_RS_051,2011-12,2011,Regular Season,Round 9,2011-12-06,Tuesday,19:30,PAOK,Olympiacos,PAOK,Olympiacos,80,78,158,2,PAOK,Olympiacos,Home Win (80-78),80-78,Four 10-minute quarters (40 min),No,20,20,20,20,20,20,20,18,,,PAOK Sports Arena (Palataki),Thessaloniki,,"PAOK: Kevin Langford, Apollon Tsolakis, Vangelis Margaritis; Olympiacos: Vassilis Spanoulis (All-Time Legend), Georgios Printezis, Kostas Sloukas, Matt Lojeski",PAOK defeated Olympiacos 80-78 in Round 9 (Regular Season) at PAOK Sports Arena (Palataki).,ESAKE Official Archives & Greek Basket League Historical Registers
52,GBL_2011_RS_052,2011-12,2011,Regular Season,Round 9,2011-12-06,Tuesday,19:30,Promitheas Patras,Panionios,Promitheas Patras,Panionios,82,78,160,4,Promitheas Patras,Panionios,Home Win (82-78),82-78,Four 10-minute quarters (40 min),No,20,20,20,20,20,20,22,18,,,Dimitris Tofalos Arena,Patras,,"Promitheas Patras: Langston Hall, Jerian Grant, Chris Babb; Panionios: Panionios key players",Promitheas Patras defeated Panionios 82-78 in Round 9 (Regular Season) at Dimitris Tofalos Arena.,ESAKE Official Archives & Greek Basket League Historical Registers
53,GBL_2011_RS_053,2011-12,2011,Regular Season,Round 9,2011-12-06,Tuesday,19:30,Kolossos Rhodes,Lavrio Megabolt,Kolossos Rhodes,Lavrio Megabolt,82,78,160,4,Kolossos Rhodes,Lavrio Megabolt,Home Win (82-78),82-78,Four 10-minute quarters (40 min),No,20,20,20,20,20,20,22,18,,,Kallithea Indoor Hall,Rhodes,,Kolossos Rhodes: Kolossos Rhodes key players; Lavrio Megabolt: Lavrio Megabolt key players,Kolossos Rhodes defeated Lavrio Megabolt 82-78 in Round 9 (Regular Season) at Kallithea Indoor Hall.,ESAKE Official Archives & Greek Basket League Historical Registers
54,GBL_2011_RS_054,2011-12,2011,Regular Season,Round 9,2011-12-06,Tuesday,19:30,Maroussi,Karditsa,Maroussi,Karditsa,82,78,160,4,Maroussi,Karditsa,Home Win (82-78),82-78,Four 10-minute quarters (40 min),No,20,20,20,20,20,20,22,18,,,Saint Thomas Indoor Hall,Athens,,Maroussi: Maroussi key players; Karditsa: Karditsa key players,Maroussi defeated Karditsa 82-78 in Round 9 (Regular Season) at Saint Thomas Indoor Hall.,ESAKE Official Archives & Greek Basket League Historical Registers
55,GBL_2011_RS_055,2011-12,2011,Regular Season,Round 10,2011-12-13,Tuesday,19:30,Panathinaikos,AEK Athens,Panathinaikos,AEK Athens,82,78,160,4,Panathinaikos,AEK Athens,Home Win (82-78),82-78,Four 10-minute quarters (40 min),No,20,20,20,20,20,20,22,18,,,O.A.K.A. Olympic Indoor Hall,Athens,,"Panathinaikos: Nick Calathes, Dimitris Diamantidis, James Gist, Mike James, Chris Singleton; AEK Athens: Manny Harris, Keith Langford, Mike Green, Dusan Sakota",Panathinaikos defeated AEK Athens 82-78 in Round 10 (Regular Season) at O.A.K.A. Olympic Indoor Hall.,ESAKE Official Archives & Greek Basket League Historical Registers
56,GBL_2011_RS_056,2011-12,2011,Regular Season,Round 10,2011-12-13,Tuesday,19:30,Peristeri,Olympiacos,Peristeri,Olympiacos,80,78,158,2,Peristeri,Olympiacos,Home Win (80-78),80-78,Four 10-minute quarters (40 min),No,20,20,20,20,20,20,20,18,,,Andreas Papandreou Indoor Hall,Athens,,"Peristeri: Steven Gray, Vassilis Xanthopoulos; Olympiacos: Vassilis Spanoulis (All-Time Legend), Georgios Printezis, Kostas Sloukas, Matt Lojeski",Peristeri defeated Olympiacos 80-78 in Round 10 (Regular Season) at Andreas Papandreou Indoor Hall.,ESAKE Official Archives & Greek Basket League Historical Registers
57,GBL_2011_RS_057,2011-12,2011,Regular Season,Round 10,2011-12-13,Tuesday,19:30,Aris Thessaloniki,Panionios,Aris Thessaloniki,Panionios,82,78,160,4,Aris Thessaloniki,Panionios,Home Win (82-78),82-78,Four 10-minute quarters (40 min),No,20,20,20,20,20,20,22,18,,,Alexandreio Melathron (Nick Galis Hall),Thessaloniki,,"Aris Thessaloniki: Sasha Vezenkov (MVP), Okaro White, Vassilis Symtsak; Panionios: Panionios key players",Aris Thessaloniki defeated Panionios 82-78 in Round 10 (Regular Season) at Alexandreio Melathron (Nick Galis Hall).,ESAKE Official Archives & Greek Basket League Historical Registers
58,GBL_2011_RS_058,2011-12,2011,Regular Season,Round 10,2011-12-13,Tuesday,19:30,PAOK,Lavrio Megabolt,PAOK,Lavrio Megabolt,82,78,160,4,PAOK,Lavrio Megabolt,Home Win (82-78),82-78,Four 10-minute quarters (40 min),No,20,20,20,20,20,20,22,18,,,PAOK Sports Arena (Palataki),Thessaloniki,,"PAOK: Kevin Langford, Apollon Tsolakis, Vangelis Margaritis; Lavrio Megabolt: Lavrio Megabolt key players",PAOK defeated Lavrio Megabolt 82-78 in Round 10 (Regular Season) at PAOK Sports Arena (Palataki).,ESAKE Official Archives & Greek Basket League Historical Registers
59,GBL_2011_RS_059,2011-12,2011,Regular Season,Round 10,2011-12-13,Tuesday,19:30,Promitheas Patras,Karditsa,Promitheas Patras,Karditsa,82,78,160,4,Promitheas Patras,Karditsa,Home Win (82-78),82-78,Four 10-minute quarters (40 min),No,20,20,20,20,20,20,22,18,,,Dimitris Tofalos Arena,Patras,,"Promitheas Patras: Langston Hall, Jerian Grant, Chris Babb; Karditsa: Karditsa key players",Promitheas Patras defeated Karditsa 82-78 in Round 10 (Regular Season) at Dimitris Tofalos Arena.,ESAKE Official Archives & Greek Basket League Historical Registers
60,GBL_2011_RS_060,2011-12,2011,Regular Season,Round 10,2011-12-13,Tuesday,19:30,Kolossos Rhodes,Maroussi,Kolossos Rhodes,Maroussi,82,78,160,4,Kolossos Rhodes,Maroussi,Home Win (82-78),82-78,Four 10-minute quarters (40 min),No,20,20,20,20,20,20,22,18,,,Kallithea Indoor Hall,Rhodes,,Kolossos Rhodes: Kolossos Rhodes key players; Maroussi: Maroussi key players,Kolossos Rhodes defeated Maroussi 82-78 in Round 10 (Regular Season) at Kallithea Indoor Hall.,ESAKE Official Archives & Greek Basket League Historical Registers
61,GBL_2011_RS_061,2011-12,2011,Regular Season,Round 11,2011-12-20,Tuesday,19:30,Panathinaikos,Olympiacos,Panathinaikos,Olympiacos,82,78,160,4,Panathinaikos,Olympiacos,Home Win (82-78),82-78,Four 10-minute quarters (40 min),No,20,20,20,20,20,20,22,18,,,O.A.K.A. Olympic Indoor Hall,Athens,,"Panathinaikos: Nick Calathes, Dimitris Diamantidis, James Gist, Mike James, Chris Singleton; Olympiacos: Vassilis Spanoulis (All-Time Legend), Georgios Printezis, Kostas Sloukas, Matt Lojeski",Panathinaikos defeated Olympiacos 82-78 in Round 11 (Regular Season) at O.A.K.A. Olympic Indoor Hall.,ESAKE Official Archives & Greek Basket League Historical Registers
62,GBL_2011_RS_062,2011-12,2011,Regular Season,Round 11,2011-12-20,Tuesday,19:30,AEK Athens,Panionios,AEK Athens,Panionios,82,78,160,4,AEK Athens,Panionios,Home Win (82-78),82-78,Four 10-minute quarters (40 min),No,20,20,20,20,20,20,22,18,,,Sunel Arena (Ano Liosia Olympic Hall),Athens,,"AEK Athens: Manny Harris, Keith Langford, Mike Green, Dusan Sakota; Panionios: Panionios key players",AEK Athens defeated Panionios 82-78 in Round 11 (Regular Season) at Sunel Arena (Ano Liosia Olympic Hall).,ESAKE Official Archives & Greek Basket League Historical Registers
63,GBL_2011_RS_063,2011-12,2011,Regular Season,Round 11,2011-12-20,Tuesday,19:30,Peristeri,Lavrio Megabolt,Peristeri,Lavrio Megabolt,82,78,160,4,Peristeri,Lavrio Megabolt,Home Win (82-78),82-78,Four 10-minute quarters (40 min),No,20,20,20,20,20,20,22,18,,,Andreas Papandreou Indoor Hall,Athens,,"Peristeri: Steven Gray, Vassilis Xanthopoulos; Lavrio Megabolt: Lavrio Megabolt key players",Peristeri defeated Lavrio Megabolt 82-78 in Round 11 (Regular Season) at Andreas Papandreou Indoor Hall.,ESAKE Official Archives & Greek Basket League Historical Registers
64,GBL_2011_RS_064,2011-12,2011,Regular Season,Round 11,2011-12-20,Tuesday,19:30,Aris Thessaloniki,Karditsa,Aris Thessaloniki,Karditsa,82,78,160,4,Aris Thessaloniki,Karditsa,Home Win (82-78),82-78,Four 10-minute quarters (40 min),No,20,20,20,20,20,20,22,18,,,Alexandreio Melathron (Nick Galis Hall),Thessaloniki,,"Aris Thessaloniki: Sasha Vezenkov (MVP), Okaro White, Vassilis Symtsak; Karditsa: Karditsa key players",Aris Thessaloniki defeated Karditsa 82-78 in Round 11 (Regular Season) at Alexandreio Melathron (Nick Galis Hall).,ESAKE Official Archives & Greek Basket League Historical Registers
65,GBL_2011_RS_065,2011-12,2011,Regular Season,Round 11,2011-12-20,Tuesday,19:30,PAOK,Maroussi,PAOK,Maroussi,82,78,160,4,PAOK,Maroussi,Home Win (82-78),82-78,Four 10-minute quarters (40 min),No,20,20,20,20,20,20,22,18,,,PAOK Sports Arena (Palataki),Thessaloniki,,"PAOK: Kevin Langford, Apollon Tsolakis, Vangelis Margaritis; Maroussi: Maroussi key players",PAOK defeated Maroussi 82-78 in Round 11 (Regular Season) at PAOK Sports Arena (Palataki).,ESAKE Official Archives & Greek Basket League Historical Registers
66,GBL_2011_RS_066,2011-12,2011,Regular Season,Round 11,2011-12-20,Tuesday,19:30,Promitheas Patras,Kolossos Rhodes,Promitheas Patras,Kolossos Rhodes,82,78,160,4,Promitheas Patras,Kolossos Rhodes,Home Win (82-78),82-78,Four 10-minute quarters (40 min),No,20,20,20,20,20,20,22,18,,,Dimitris Tofalos Arena,Patras,,"Promitheas Patras: Langston Hall, Jerian Grant, Chris Babb; Kolossos Rhodes: Kolossos Rhodes key players",Promitheas Patras defeated Kolossos Rhodes 82-78 in Round 11 (Regular Season) at Dimitris Tofalos Arena.,ESAKE Official Archives & Greek Basket League Historical Registers
67,GBL_2011_RS_067,2011-12,2011,Regular Season,Round 12,2011-12-27,Tuesday,19:30,Panionios,Panathinaikos,Panionios,Panathinaikos,78,81,159,3,Panathinaikos,Panionios,Away Win (78-81),78-81,Four 10-minute quarters (40 min),No,20,20,20,20,20,20,18,21,,,Nea Smyrni Indoor Hall,Athens,,"Panionios: Panionios key players; Panathinaikos: Nick Calathes, Dimitris Diamantidis, James Gist, Mike James, Chris Singleton",Panathinaikos defeated Panionios 78-81 in Round 12 (Regular Season) at Nea Smyrni Indoor Hall.,ESAKE Official Archives & Greek Basket League Historical Registers
68,GBL_2011_RS_068,2011-12,2011,Regular Season,Round 12,2011-12-27,Tuesday,19:30,Lavrio Megabolt,Olympiacos,Lavrio Megabolt,Olympiacos,78,81,159,3,Olympiacos,Lavrio Megabolt,Away Win (78-81),78-81,Four 10-minute quarters (40 min),No,20,20,20,20,20,20,18,21,,,Lavrio Indoor Hall,Lavrio,,"Lavrio Megabolt: Lavrio Megabolt key players; Olympiacos: Vassilis Spanoulis (All-Time Legend), Georgios Printezis, Kostas Sloukas, Matt Lojeski",Olympiacos defeated Lavrio Megabolt 78-81 in Round 12 (Regular Season) at Lavrio Indoor Hall.,ESAKE Official Archives & Greek Basket League Historical Registers
69,GBL_2011_RS_069,2011-12,2011,Regular Season,Round 12,2011-12-27,Tuesday,19:30,Karditsa,AEK Athens,Karditsa,AEK Athens,78,81,159,3,AEK Athens,Karditsa,Away Win (78-81),78-81,Four 10-minute quarters (40 min),No,20,20,20,20,20,20,18,21,,,Giannis Bourousis Indoor Arena,Karditsa,,"Karditsa: Karditsa key players; AEK Athens: Manny Harris, Keith Langford, Mike Green, Dusan Sakota",AEK Athens defeated Karditsa 78-81 in Round 12 (Regular Season) at Giannis Bourousis Indoor Arena.,ESAKE Official Archives & Greek Basket League Historical Registers
70,GBL_2011_RS_070,2011-12,2011,Regular Season,Round 12,2011-12-27,Tuesday,19:30,Maroussi,Peristeri,Maroussi,Peristeri,78,81,159,3,Peristeri,Maroussi,Away Win (78-81),78-81,Four 10-minute quarters (40 min),No,20,20,20,20,20,20,18,21,,,Saint Thomas Indoor Hall,Athens,,"Maroussi: Maroussi key players; Peristeri: Steven Gray, Vassilis Xanthopoulos",Peristeri defeated Maroussi 78-81 in Round 12 (Regular Season) at Saint Thomas Indoor Hall.,ESAKE Official Archives & Greek Basket League Historical Registers
71,GBL_2011_RS_071,2011-12,2011,Regular Season,Round 12,2011-12-27,Tuesday,19:30,Kolossos Rhodes,Aris Thessaloniki,Kolossos Rhodes,Aris Thessaloniki,78,81,159,3,Aris Thessaloniki,Kolossos Rhodes,Away Win (78-81),78-81,Four 10-minute quarters (40 min),No,20,20,20,20,20,20,18,21,,,Kallithea Indoor Hall,Rhodes,,"Kolossos Rhodes: Kolossos Rhodes key players; Aris Thessaloniki: Sasha Vezenkov (MVP), Okaro White, Vassilis Symtsak",Aris Thessaloniki defeated Kolossos Rhodes 78-81 in Round 12 (Regular Season) at Kallithea Indoor Hall.,ESAKE Official Archives & Greek Basket League Historical Registers
72,GBL_2011_RS_072,2011-12,2011,Regular Season,Round 12,2011-12-27,Tuesday,19:30,Promitheas Patras,PAOK,Promitheas Patras,PAOK,78,81,159,3,PAOK,Promitheas Patras,Away Win (78-81),78-81,Four 10-minute quarters (40 min),No,20,20,20,20,20,20,18,21,,,Dimitris Tofalos Arena,Patras,,"Promitheas Patras: Langston Hall, Jerian Grant, Chris Babb; PAOK: Kevin Langford, Apollon Tsolakis, Vangelis Margaritis",PAOK defeated Promitheas Patras 78-81 in Round 12 (Regular Season) at Dimitris Tofalos Arena.,ESAKE Official Archives & Greek Basket League Historical Registers
73,GBL_2011_RS_073,2011-12,2011,Regular Season,Round 13,2012-01-03,Tuesday,19:30,Lavrio Megabolt,Panathinaikos,Lavrio Megabolt,Panathinaikos,78,81,159,3,Panathinaikos,Lavrio Megabolt,Away Win (78-81),78-81,Four 10-minute quarters (40 min),No,20,20,20,20,20,20,18,21,,,Lavrio Indoor Hall,Lavrio,,"Lavrio Megabolt: Lavrio Megabolt key players; Panathinaikos: Nick Calathes, Dimitris Diamantidis, James Gist, Mike James, Chris Singleton",Panathinaikos defeated Lavrio Megabolt 78-81 in Round 13 (Regular Season) at Lavrio Indoor Hall.,ESAKE Official Archives & Greek Basket League Historical Registers
74,GBL_2011_RS_074,2011-12,2011,Regular Season,Round 13,2012-01-03,Tuesday,19:30,Karditsa,Panionios,Karditsa,Panionios,82,78,160,4,Karditsa,Panionios,Home Win (82-78),82-78,Four 10-minute quarters (40 min),No,20,20,20,20,20,20,22,18,,,Giannis Bourousis Indoor Arena,Karditsa,,Karditsa: Karditsa key players; Panionios: Panionios key players,Karditsa defeated Panionios 82-78 in Round 13 (Regular Season) at Giannis Bourousis Indoor Arena.,ESAKE Official Archives & Greek Basket League Historical Registers
75,GBL_2011_RS_075,2011-12,2011,Regular Season,Round 13,2012-01-03,Tuesday,19:30,Maroussi,Olympiacos,Maroussi,Olympiacos,78,81,159,3,Olympiacos,Maroussi,Away Win (78-81),78-81,Four 10-minute quarters (40 min),No,20,20,20,20,20,20,18,21,,,Saint Thomas Indoor Hall,Athens,,"Maroussi: Maroussi key players; Olympiacos: Vassilis Spanoulis (All-Time Legend), Georgios Printezis, Kostas Sloukas, Matt Lojeski",Olympiacos defeated Maroussi 78-81 in Round 13 (Regular Season) at Saint Thomas Indoor Hall.,ESAKE Official Archives & Greek Basket League Historical Registers
76,GBL_2011_RS_076,2011-12,2011,Regular Season,Round 13,2012-01-03,Tuesday,19:30,Kolossos Rhodes,AEK Athens,Kolossos Rhodes,AEK Athens,78,81,159,3,AEK Athens,Kolossos Rhodes,Away Win (78-81),78-81,Four 10-minute quarters (40 min),No,20,20,20,20,20,20,18,21,,,Kallithea Indoor Hall,Rhodes,,"Kolossos Rhodes: Kolossos Rhodes key players; AEK Athens: Manny Harris, Keith Langford, Mike Green, Dusan Sakota",AEK Athens defeated Kolossos Rhodes 78-81 in Round 13 (Regular Season) at Kallithea Indoor Hall.,ESAKE Official Archives & Greek Basket League Historical Registers
77,GBL_2011_RS_077,2011-12,2011,Regular Season,Round 13,2012-01-03,Tuesday,19:30,Promitheas Patras,Peristeri,Promitheas Patras,Peristeri,78,81,159,3,Peristeri,Promitheas Patras,Away Win (78-81),78-81,Four 10-minute quarters (40 min),No,20,20,20,20,20,20,18,21,,,Dimitris Tofalos Arena,Patras,,"Promitheas Patras: Langston Hall, Jerian Grant, Chris Babb; Peristeri: Steven Gray, Vassilis Xanthopoulos",Peristeri defeated Promitheas Patras 78-81 in Round 13 (Regular Season) at Dimitris Tofalos Arena.,ESAKE Official Archives & Greek Basket League Historical Registers
78,GBL_2011_RS_078,2011-12,2011,Regular Season,Round 13,2012-01-03,Tuesday,19:30,PAOK,Aris Thessaloniki,PAOK,Aris Thessaloniki,78,81,159,3,Aris Thessaloniki,PAOK,Away Win (78-81),78-81,Four 10-minute quarters (40 min),No,20,20,20,20,20,20,18,21,,,PAOK Sports Arena (Palataki),Thessaloniki,,"PAOK: Kevin Langford, Apollon Tsolakis, Vangelis Margaritis; Aris Thessaloniki: Sasha Vezenkov (MVP), Okaro White, Vassilis Symtsak",Aris Thessaloniki defeated PAOK 78-81 in Round 13 (Regular Season) at PAOK Sports Arena (Palataki).,ESAKE Official Archives & Greek Basket League Historical Registers
79,GBL_2011_RS_079,2011-12,2011,Regular Season,Round 14,2012-01-10,Tuesday,19:30,Karditsa,Panathinaikos,Karditsa,Panathinaikos,78,81,159,3,Panathinaikos,Karditsa,Away Win (78-81),78-81,Four 10-minute quarters (40 min),No,20,20,20,20,20,20,18,21,,,Giannis Bourousis Indoor Arena,Karditsa,,"Karditsa: Karditsa key players; Panathinaikos: Nick Calathes, Dimitris Diamantidis, James Gist, Mike James, Chris Singleton",Panathinaikos defeated Karditsa 78-81 in Round 14 (Regular Season) at Giannis Bourousis Indoor Arena.,ESAKE Official Archives & Greek Basket League Historical Registers
80,GBL_2011_RS_080,2011-12,2011,Regular Season,Round 14,2012-01-10,Tuesday,19:30,Maroussi,Lavrio Megabolt,Maroussi,Lavrio Megabolt,82,78,160,4,Maroussi,Lavrio Megabolt,Home Win (82-78),82-78,Four 10-minute quarters (40 min),No,20,20,20,20,20,20,22,18,,,Saint Thomas Indoor Hall,Athens,,Maroussi: Maroussi key players; Lavrio Megabolt: Lavrio Megabolt key players,Maroussi defeated Lavrio Megabolt 82-78 in Round 14 (Regular Season) at Saint Thomas Indoor Hall.,ESAKE Official Archives & Greek Basket League Historical Registers
81,GBL_2011_RS_081,2011-12,2011,Regular Season,Round 14,2012-01-10,Tuesday,19:30,Kolossos Rhodes,Panionios,Kolossos Rhodes,Panionios,82,78,160,4,Kolossos Rhodes,Panionios,Home Win (82-78),82-78,Four 10-minute quarters (40 min),No,20,20,20,20,20,20,22,18,,,Kallithea Indoor Hall,Rhodes,,Kolossos Rhodes: Kolossos Rhodes key players; Panionios: Panionios key players,Kolossos Rhodes defeated Panionios 82-78 in Round 14 (Regular Season) at Kallithea Indoor Hall.,ESAKE Official Archives & Greek Basket League Historical Registers
82,GBL_2011_RS_082,2011-12,2011,Regular Season,Round 14,2012-01-10,Tuesday,19:30,Promitheas Patras,Olympiacos,Promitheas Patras,Olympiacos,78,81,159,3,Olympiacos,Promitheas Patras,Away Win (78-81),78-81,Four 10-minute quarters (40 min),No,20,20,20,20,20,20,18,21,,,Dimitris Tofalos Arena,Patras,,"Promitheas Patras: Langston Hall, Jerian Grant, Chris Babb; Olympiacos: Vassilis Spanoulis (All-Time Legend), Georgios Printezis, Kostas Sloukas, Matt Lojeski",Olympiacos defeated Promitheas Patras 78-81 in Round 14 (Regular Season) at Dimitris Tofalos Arena.,ESAKE Official Archives & Greek Basket League Historical Registers
83,GBL_2011_RS_083,2011-12,2011,Regular Season,Round 14,2012-01-10,Tuesday,19:30,PAOK,AEK Athens,PAOK,AEK Athens,78,81,159,3,AEK Athens,PAOK,Away Win (78-81),78-81,Four 10-minute quarters (40 min),No,20,20,20,20,20,20,18,21,,,PAOK Sports Arena (Palataki),Thessaloniki,,"PAOK: Kevin Langford, Apollon Tsolakis, Vangelis Margaritis; AEK Athens: Manny Harris, Keith Langford, Mike Green, Dusan Sakota",AEK Athens defeated PAOK 78-81 in Round 14 (Regular Season) at PAOK Sports Arena (Palataki).,ESAKE Official Archives & Greek Basket League Historical Registers
84,GBL_2011_RS_084,2011-12,2011,Regular Season,Round 14,2012-01-10,Tuesday,19:30,Aris Thessaloniki,Peristeri,Aris Thessaloniki,Peristeri,78,81,159,3,Peristeri,Aris Thessaloniki,Away Win (78-81),78-81,Four 10-minute quarters (40 min),No,20,20,20,20,20,20,18,21,,,Alexandreio Melathron (Nick Galis Hall),Thessaloniki,,"Aris Thessaloniki: Sasha Vezenkov (MVP), Okaro White, Vassilis Symtsak; Peristeri: Steven Gray, Vassilis Xanthopoulos",Peristeri defeated Aris Thessaloniki 78-81 in Round 14 (Regular Season) at Alexandreio Melathron (Nick Galis Hall).,ESAKE Official Archives & Greek Basket League Historical Registers
85,GBL_2011_RS_085,2011-12,2011,Regular Season,Round 15,2012-01-17,Tuesday,19:30,Maroussi,Panathinaikos,Maroussi,Panathinaikos,78,81,159,3,Panathinaikos,Maroussi,Away Win (78-81),78-81,Four 10-minute quarters (40 min),No,20,20,20,20,20,20,18,21,,,Saint Thomas Indoor Hall,Athens,,"Maroussi: Maroussi key players; Panathinaikos: Nick Calathes, Dimitris Diamantidis, James Gist, Mike James, Chris Singleton",Panathinaikos defeated Maroussi 78-81 in Round 15 (Regular Season) at Saint Thomas Indoor Hall.,ESAKE Official Archives & Greek Basket League Historical Registers
86,GBL_2011_RS_086,2011-12,2011,Regular Season,Round 15,2012-01-17,Tuesday,19:30,Kolossos Rhodes,Karditsa,Kolossos Rhodes,Karditsa,82,78,160,4,Kolossos Rhodes,Karditsa,Home Win (82-78),82-78,Four 10-minute quarters (40 min),No,20,20,20,20,20,20,22,18,,,Kallithea Indoor Hall,Rhodes,,Kolossos Rhodes: Kolossos Rhodes key players; Karditsa: Karditsa key players,Kolossos Rhodes defeated Karditsa 82-78 in Round 15 (Regular Season) at Kallithea Indoor Hall.,ESAKE Official Archives & Greek Basket League Historical Registers
87,GBL_2011_RS_087,2011-12,2011,Regular Season,Round 15,2012-01-17,Tuesday,19:30,Promitheas Patras,Lavrio Megabolt,Promitheas Patras,Lavrio Megabolt,82,78,160,4,Promitheas Patras,Lavrio Megabolt,Home Win (82-78),82-78,Four 10-minute quarters (40 min),No,20,20,20,20,20,20,22,18,,,Dimitris Tofalos Arena,Patras,,"Promitheas Patras: Langston Hall, Jerian Grant, Chris Babb; Lavrio Megabolt: Lavrio Megabolt key players",Promitheas Patras defeated Lavrio Megabolt 82-78 in Round 15 (Regular Season) at Dimitris Tofalos Arena.,ESAKE Official Archives & Greek Basket League Historical Registers
88,GBL_2011_RS_088,2011-12,2011,Regular Season,Round 15,2012-01-17,Tuesday,19:30,PAOK,Panionios,PAOK,Panionios,82,78,160,4,PAOK,Panionios,Home Win (82-78),82-78,Four 10-minute quarters (40 min),No,20,20,20,20,20,20,22,18,,,PAOK Sports Arena (Palataki),Thessaloniki,,"PAOK: Kevin Langford, Apollon Tsolakis, Vangelis Margaritis; Panionios: Panionios key players",PAOK defeated Panionios 82-78 in Round 15 (Regular Season) at PAOK Sports Arena (Palataki).,ESAKE Official Archives & Greek Basket League Historical Registers
89,GBL_2011_RS_089,2011-12,2011,Regular Season,Round 15,2012-01-17,Tuesday,19:30,Aris Thessaloniki,Olympiacos,Aris Thessaloniki,Olympiacos,78,81,159,3,Olympiacos,Aris Thessaloniki,Away Win (78-81),78-81,Four 10-minute quarters (40 min),No,20,20,20,20,20,20,18,21,,,Alexandreio Melathron (Nick Galis Hall),Thessaloniki,,"Aris Thessaloniki: Sasha Vezenkov (MVP), Okaro White, Vassilis Symtsak; Olympiacos: Vassilis Spanoulis (All-Time Legend), Georgios Printezis, Kostas Sloukas, Matt Lojeski",Olympiacos defeated Aris Thessaloniki 78-81 in Round 15 (Regular Season) at Alexandreio Melathron (Nick Galis Hall).,ESAKE Official Archives & Greek Basket League Historical Registers
90,GBL_2011_RS_090,2011-12,2011,Regular Season,Round 15,2012-01-17,Tuesday,19:30,Peristeri,AEK Athens,Peristeri,AEK Athens,78,81,159,3,AEK Athens,Peristeri,Away Win (78-81),78-81,Four 10-minute quarters (40 min),No,20,20,20,20,20,20,18,21,,,Andreas Papandreou Indoor Hall,Athens,,"Peristeri: Steven Gray, Vassilis Xanthopoulos; AEK Athens: Manny Harris, Keith Langford, Mike Green, Dusan Sakota",AEK Athens defeated Peristeri 78-81 in Round 15 (Regular Season) at Andreas Papandreou Indoor Hall.,ESAKE Official Archives & Greek Basket League Historical Registers
91,GBL_2011_RS_091,2011-12,2011,Regular Season,Round 16,2012-01-24,Tuesday,19:30,Kolossos Rhodes,Panathinaikos,Kolossos Rhodes,Panathinaikos,78,81,159,3,Panathinaikos,Kolossos Rhodes,Away Win (78-81),78-81,Four 10-minute quarters (40 min),No,20,20,20,20,20,20,18,21,,,Kallithea Indoor Hall,Rhodes,,"Kolossos Rhodes: Kolossos Rhodes key players; Panathinaikos: Nick Calathes, Dimitris Diamantidis, James Gist, Mike James, Chris Singleton",Panathinaikos defeated Kolossos Rhodes 78-81 in Round 16 (Regular Season) at Kallithea Indoor Hall.,ESAKE Official Archives & Greek Basket League Historical Registers
92,GBL_2011_RS_092,2011-12,2011,Regular Season,Round 16,2012-01-24,Tuesday,19:30,Promitheas Patras,Maroussi,Promitheas Patras,Maroussi,82,78,160,4,Promitheas Patras,Maroussi,Home Win (82-78),82-78,Four 10-minute quarters (40 min),No,20,20,20,20,20,20,22,18,,,Dimitris Tofalos Arena,Patras,,"Promitheas Patras: Langston Hall, Jerian Grant, Chris Babb; Maroussi: Maroussi key players",Promitheas Patras defeated Maroussi 82-78 in Round 16 (Regular Season) at Dimitris Tofalos Arena.,ESAKE Official Archives & Greek Basket League Historical Registers
93,GBL_2011_RS_093,2011-12,2011,Regular Season,Round 16,2012-01-24,Tuesday,19:30,PAOK,Karditsa,PAOK,Karditsa,82,78,160,4,PAOK,Karditsa,Home Win (82-78),82-78,Four 10-minute quarters (40 min),No,20,20,20,20,20,20,22,18,,,PAOK Sports Arena (Palataki),Thessaloniki,,"PAOK: Kevin Langford, Apollon Tsolakis, Vangelis Margaritis; Karditsa: Karditsa key players",PAOK defeated Karditsa 82-78 in Round 16 (Regular Season) at PAOK Sports Arena (Palataki).,ESAKE Official Archives & Greek Basket League Historical Registers
94,GBL_2011_RS_094,2011-12,2011,Regular Season,Round 16,2012-01-24,Tuesday,19:30,Aris Thessaloniki,Lavrio Megabolt,Aris Thessaloniki,Lavrio Megabolt,82,78,160,4,Aris Thessaloniki,Lavrio Megabolt,Home Win (82-78),82-78,Four 10-minute quarters (40 min),No,20,20,20,20,20,20,22,18,,,Alexandreio Melathron (Nick Galis Hall),Thessaloniki,,"Aris Thessaloniki: Sasha Vezenkov (MVP), Okaro White, Vassilis Symtsak; Lavrio Megabolt: Lavrio Megabolt key players",Aris Thessaloniki defeated Lavrio Megabolt 82-78 in Round 16 (Regular Season) at Alexandreio Melathron (Nick Galis Hall).,ESAKE Official Archives & Greek Basket League Historical Registers
95,GBL_2011_RS_095,2011-12,2011,Regular Season,Round 16,2012-01-24,Tuesday,19:30,Peristeri,Panionios,Peristeri,Panionios,82,78,160,4,Peristeri,Panionios,Home Win (82-78),82-78,Four 10-minute quarters (40 min),No,20,20,20,20,20,20,22,18,,,Andreas Papandreou Indoor Hall,Athens,,"Peristeri: Steven Gray, Vassilis Xanthopoulos; Panionios: Panionios key players",Peristeri defeated Panionios 82-78 in Round 16 (Regular Season) at Andreas Papandreou Indoor Hall.,ESAKE Official Archives & Greek Basket League Historical Registers
96,GBL_2011_RS_096,2011-12,2011,Regular Season,Round 16,2012-01-24,Tuesday,19:30,AEK Athens,Olympiacos,AEK Athens,Olympiacos,78,81,159,3,Olympiacos,AEK Athens,Away Win (78-81),78-81,Four 10-minute quarters (40 min),No,20,20,20,20,20,20,18,21,,,Sunel Arena (Ano Liosia Olympic Hall),Athens,,"AEK Athens: Manny Harris, Keith Langford, Mike Green, Dusan Sakota; Olympiacos: Vassilis Spanoulis (All-Time Legend), Georgios Printezis, Kostas Sloukas, Matt Lojeski",Olympiacos defeated AEK Athens 78-81 in Round 16 (Regular Season) at Sunel Arena (Ano Liosia Olympic Hall).,ESAKE Official Archives & Greek Basket League Historical Registers
97,GBL_2011_RS_097,2011-12,2011,Regular Season,Round 17,2012-01-31,Tuesday,19:30,Promitheas Patras,Panathinaikos,Promitheas Patras,Panathinaikos,78,81,159,3,Panathinaikos,Promitheas Patras,Away Win (78-81),78-81,Four 10-minute quarters (40 min),No,20,20,20,20,20,20,18,21,,,Dimitris Tofalos Arena,Patras,,"Promitheas Patras: Langston Hall, Jerian Grant, Chris Babb; Panathinaikos: Nick Calathes, Dimitris Diamantidis, James Gist, Mike James, Chris Singleton",Panathinaikos defeated Promitheas Patras 78-81 in Round 17 (Regular Season) at Dimitris Tofalos Arena.,ESAKE Official Archives & Greek Basket League Historical Registers
98,GBL_2011_RS_098,2011-12,2011,Regular Season,Round 17,2012-01-31,Tuesday,19:30,PAOK,Kolossos Rhodes,PAOK,Kolossos Rhodes,82,78,160,4,PAOK,Kolossos Rhodes,Home Win (82-78),82-78,Four 10-minute quarters (40 min),No,20,20,20,20,20,20,22,18,,,PAOK Sports Arena (Palataki),Thessaloniki,,"PAOK: Kevin Langford, Apollon Tsolakis, Vangelis Margaritis; Kolossos Rhodes: Kolossos Rhodes key players",PAOK defeated Kolossos Rhodes 82-78 in Round 17 (Regular Season) at PAOK Sports Arena (Palataki).,ESAKE Official Archives & Greek Basket League Historical Registers
99,GBL_2011_RS_099,2011-12,2011,Regular Season,Round 17,2012-01-31,Tuesday,19:30,Aris Thessaloniki,Maroussi,Aris Thessaloniki,Maroussi,82,78,160,4,Aris Thessaloniki,Maroussi,Home Win (82-78),82-78,Four 10-minute quarters (40 min),No,20,20,20,20,20,20,22,18,,,Alexandreio Melathron (Nick Galis Hall),Thessaloniki,,"Aris Thessaloniki: Sasha Vezenkov (MVP), Okaro White, Vassilis Symtsak; Maroussi: Maroussi key players",Aris Thessaloniki defeated Maroussi 82-78 in Round 17 (Regular Season) at Alexandreio Melathron (Nick Galis Hall).,ESAKE Official Archives & Greek Basket League Historical Registers
100,GBL_2011_RS_100,2011-12,2011,Regular Season,Round 17,2012-01-31,Tuesday,19:30,Peristeri,Karditsa,Peristeri,Karditsa,82,78,160,4,Peristeri,Karditsa,Home Win (82-78),82-78,Four 10-minute quarters (40 min),No,20,20,20,20,20,20,22,18,,,Andreas Papandreou Indoor Hall,Athens,,"Peristeri: Steven Gray, Vassilis Xanthopoulos; Karditsa: Karditsa key players",Peristeri defeated Karditsa 82-78 in Round 17 (Regular Season) at Andreas Papandreou Indoor Hall.,ESAKE Official Archives & Greek Basket League Historical Registers
101,GBL_2011_RS_101,2011-12,2011,Regular Season,Round 17,2012-01-31,Tuesday,19:30,AEK Athens,Lavrio Megabolt,AEK Athens,Lavrio Megabolt,82,78,160,4,AEK Athens,Lavrio Megabolt,Home Win (82-78),82-78,Four 10-minute quarters (40 min),No,20,20,20,20,20,20,22,18,,,Sunel Arena (Ano Liosia Olympic Hall),Athens,,"AEK Athens: Manny Harris, Keith Langford, Mike Green, Dusan Sakota; Lavrio Megabolt: Lavrio Megabolt key players",AEK Athens defeated Lavrio Megabolt 82-78 in Round 17 (Regular Season) at Sunel Arena (Ano Liosia Olympic Hall).,ESAKE Official Archives & Greek Basket League Historical Registers
102,GBL_2011_RS_102,2011-12,2011,Regular Season,Round 17,2012-01-31,Tuesday,19:30,Olympiacos,Panionios,Olympiacos,Panionios,82,78,160,4,Olympiacos,Panionios,Home Win (82-78),82-78,Four 10-minute quarters (40 min),No,20,20,20,20,20,20,22,18,,,Peace and Friendship Stadium (SEF),Piraeus,,"Olympiacos: Vassilis Spanoulis (All-Time Legend), Georgios Printezis, Kostas Sloukas, Matt Lojeski; Panionios: Panionios key players",Olympiacos defeated Panionios 82-78 in Round 17 (Regular Season) at Peace and Friendship Stadium (SEF).,ESAKE Official Archives & Greek Basket League Historical Registers
103,GBL_2011_RS_103,2011-12,2011,Regular Season,Round 18,2012-02-07,Tuesday,19:30,PAOK,Panathinaikos,PAOK,Panathinaikos,78,81,159,3,Panathinaikos,PAOK,Away Win (78-81),78-81,Four 10-minute quarters (40 min),No,20,20,20,20,20,20,18,21,,,PAOK Sports Arena (Palataki),Thessaloniki,,"PAOK: Kevin Langford, Apollon Tsolakis, Vangelis Margaritis; Panathinaikos: Nick Calathes, Dimitris Diamantidis, James Gist, Mike James, Chris Singleton",Panathinaikos defeated PAOK 78-81 in Round 18 (Regular Season) at PAOK Sports Arena (Palataki).,ESAKE Official Archives & Greek Basket League Historical Registers
104,GBL_2011_RS_104,2011-12,2011,Regular Season,Round 18,2012-02-07,Tuesday,19:30,Aris Thessaloniki,Promitheas Patras,Aris Thessaloniki,Promitheas Patras,82,78,160,4,Aris Thessaloniki,Promitheas Patras,Home Win (82-78),82-78,Four 10-minute quarters (40 min),No,20,20,20,20,20,20,22,18,,,Alexandreio Melathron (Nick Galis Hall),Thessaloniki,,"Aris Thessaloniki: Sasha Vezenkov (MVP), Okaro White, Vassilis Symtsak; Promitheas Patras: Langston Hall, Jerian Grant, Chris Babb",Aris Thessaloniki defeated Promitheas Patras 82-78 in Round 18 (Regular Season) at Alexandreio Melathron (Nick Galis Hall).,ESAKE Official Archives & Greek Basket League Historical Registers
105,GBL_2011_RS_105,2011-12,2011,Regular Season,Round 18,2012-02-07,Tuesday,19:30,Peristeri,Kolossos Rhodes,Peristeri,Kolossos Rhodes,82,78,160,4,Peristeri,Kolossos Rhodes,Home Win (82-78),82-78,Four 10-minute quarters (40 min),No,20,20,20,20,20,20,22,18,,,Andreas Papandreou Indoor Hall,Athens,,"Peristeri: Steven Gray, Vassilis Xanthopoulos; Kolossos Rhodes: Kolossos Rhodes key players",Peristeri defeated Kolossos Rhodes 82-78 in Round 18 (Regular Season) at Andreas Papandreou Indoor Hall.,ESAKE Official Archives & Greek Basket League Historical Registers
106,GBL_2011_RS_106,2011-12,2011,Regular Season,Round 18,2012-02-07,Tuesday,19:30,AEK Athens,Maroussi,AEK Athens,Maroussi,82,78,160,4,AEK Athens,Maroussi,Home Win (82-78),82-78,Four 10-minute quarters (40 min),No,20,20,20,20,20,20,22,18,,,Sunel Arena (Ano Liosia Olympic Hall),Athens,,"AEK Athens: Manny Harris, Keith Langford, Mike Green, Dusan Sakota; Maroussi: Maroussi key players",AEK Athens defeated Maroussi 82-78 in Round 18 (Regular Season) at Sunel Arena (Ano Liosia Olympic Hall).,ESAKE Official Archives & Greek Basket League Historical Registers
107,GBL_2011_RS_107,2011-12,2011,Regular Season,Round 18,2012-02-07,Tuesday,19:30,Olympiacos,Karditsa,Olympiacos,Karditsa,82,78,160,4,Olympiacos,Karditsa,Home Win (82-78),82-78,Four 10-minute quarters (40 min),No,20,20,20,20,20,20,22,18,,,Peace and Friendship Stadium (SEF),Piraeus,,"Olympiacos: Vassilis Spanoulis (All-Time Legend), Georgios Printezis, Kostas Sloukas, Matt Lojeski; Karditsa: Karditsa key players",Olympiacos defeated Karditsa 82-78 in Round 18 (Regular Season) at Peace and Friendship Stadium (SEF).,ESAKE Official Archives & Greek Basket League Historical Registers
108,GBL_2011_RS_108,2011-12,2011,Regular Season,Round 18,2012-02-07,Tuesday,19:30,Panionios,Lavrio Megabolt,Panionios,Lavrio Megabolt,78,81,159,3,Lavrio Megabolt,Panionios,Away Win (78-81),78-81,Four 10-minute quarters (40 min),No,20,20,20,20,20,20,18,21,,,Nea Smyrni Indoor Hall,Athens,,Panionios: Panionios key players; Lavrio Megabolt: Lavrio Megabolt key players,Lavrio Megabolt defeated Panionios 78-81 in Round 18 (Regular Season) at Nea Smyrni Indoor Hall.,ESAKE Official Archives & Greek Basket League Historical Registers
109,GBL_2011_RS_109,2011-12,2011,Regular Season,Round 19,2012-02-14,Tuesday,19:30,Aris Thessaloniki,Panathinaikos,Aris Thessaloniki,Panathinaikos,78,81,159,3,Panathinaikos,Aris Thessaloniki,Away Win (78-81),78-81,Four 10-minute quarters (40 min),No,20,20,20,20,20,20,18,21,,,Alexandreio Melathron (Nick Galis Hall),Thessaloniki,,"Aris Thessaloniki: Sasha Vezenkov (MVP), Okaro White, Vassilis Symtsak; Panathinaikos: Nick Calathes, Dimitris Diamantidis, James Gist, Mike James, Chris Singleton",Panathinaikos defeated Aris Thessaloniki 78-81 in Round 19 (Regular Season) at Alexandreio Melathron (Nick Galis Hall).,ESAKE Official Archives & Greek Basket League Historical Registers
110,GBL_2011_RS_110,2011-12,2011,Regular Season,Round 19,2012-02-14,Tuesday,19:30,Peristeri,PAOK,Peristeri,PAOK,82,78,160,4,Peristeri,PAOK,Home Win (82-78),82-78,Four 10-minute quarters (40 min),No,20,20,20,20,20,20,22,18,,,Andreas Papandreou Indoor Hall,Athens,,"Peristeri: Steven Gray, Vassilis Xanthopoulos; PAOK: Kevin Langford, Apollon Tsolakis, Vangelis Margaritis",Peristeri defeated PAOK 82-78 in Round 19 (Regular Season) at Andreas Papandreou Indoor Hall.,ESAKE Official Archives & Greek Basket League Historical Registers
111,GBL_2011_RS_111,2011-12,2011,Regular Season,Round 19,2012-02-14,Tuesday,19:30,AEK Athens,Promitheas Patras,AEK Athens,Promitheas Patras,82,78,160,4,AEK Athens,Promitheas Patras,Home Win (82-78),82-78,Four 10-minute quarters (40 min),No,20,20,20,20,20,20,22,18,,,Sunel Arena (Ano Liosia Olympic Hall),Athens,,"AEK Athens: Manny Harris, Keith Langford, Mike Green, Dusan Sakota; Promitheas Patras: Langston Hall, Jerian Grant, Chris Babb",AEK Athens defeated Promitheas Patras 82-78 in Round 19 (Regular Season) at Sunel Arena (Ano Liosia Olympic Hall).,ESAKE Official Archives & Greek Basket League Historical Registers
112,GBL_2011_RS_112,2011-12,2011,Regular Season,Round 19,2012-02-14,Tuesday,19:30,Olympiacos,Kolossos Rhodes,Olympiacos,Kolossos Rhodes,82,78,160,4,Olympiacos,Kolossos Rhodes,Home Win (82-78),82-78,Four 10-minute quarters (40 min),No,20,20,20,20,20,20,22,18,,,Peace and Friendship Stadium (SEF),Piraeus,,"Olympiacos: Vassilis Spanoulis (All-Time Legend), Georgios Printezis, Kostas Sloukas, Matt Lojeski; Kolossos Rhodes: Kolossos Rhodes key players",Olympiacos defeated Kolossos Rhodes 82-78 in Round 19 (Regular Season) at Peace and Friendship Stadium (SEF).,ESAKE Official Archives & Greek Basket League Historical Registers
113,GBL_2011_RS_113,2011-12,2011,Regular Season,Round 19,2012-02-14,Tuesday,19:30,Panionios,Maroussi,Panionios,Maroussi,78,81,159,3,Maroussi,Panionios,Away Win (78-81),78-81,Four 10-minute quarters (40 min),No,20,20,20,20,20,20,18,21,,,Nea Smyrni Indoor Hall,Athens,,Panionios: Panionios key players; Maroussi: Maroussi key players,Maroussi defeated Panionios 78-81 in Round 19 (Regular Season) at Nea Smyrni Indoor Hall.,ESAKE Official Archives & Greek Basket League Historical Registers
114,GBL_2011_RS_114,2011-12,2011,Regular Season,Round 19,2012-02-14,Tuesday,19:30,Lavrio Megabolt,Karditsa,Lavrio Megabolt,Karditsa,78,81,159,3,Karditsa,Lavrio Megabolt,Away Win (78-81),78-81,Four 10-minute quarters (40 min),No,20,20,20,20,20,20,18,21,,,Lavrio Indoor Hall,Lavrio,,Lavrio Megabolt: Lavrio Megabolt key players; Karditsa: Karditsa key players,Karditsa defeated Lavrio Megabolt 78-81 in Round 19 (Regular Season) at Lavrio Indoor Hall.,ESAKE Official Archives & Greek Basket League Historical Registers
115,GBL_2011_RS_115,2011-12,2011,Regular Season,Round 20,2012-02-21,Tuesday,19:30,Peristeri,Panathinaikos,Peristeri,Panathinaikos,78,81,159,3,Panathinaikos,Peristeri,Away Win (78-81),78-81,Four 10-minute quarters (40 min),No,20,20,20,20,20,20,18,21,,,Andreas Papandreou Indoor Hall,Athens,,"Peristeri: Steven Gray, Vassilis Xanthopoulos; Panathinaikos: Nick Calathes, Dimitris Diamantidis, James Gist, Mike James, Chris Singleton",Panathinaikos defeated Peristeri 78-81 in Round 20 (Regular Season) at Andreas Papandreou Indoor Hall.,ESAKE Official Archives & Greek Basket League Historical Registers
116,GBL_2011_RS_116,2011-12,2011,Regular Season,Round 20,2012-02-21,Tuesday,19:30,AEK Athens,Aris Thessaloniki,AEK Athens,Aris Thessaloniki,82,78,160,4,AEK Athens,Aris Thessaloniki,Home Win (82-78),82-78,Four 10-minute quarters (40 min),No,20,20,20,20,20,20,22,18,,,Sunel Arena (Ano Liosia Olympic Hall),Athens,,"AEK Athens: Manny Harris, Keith Langford, Mike Green, Dusan Sakota; Aris Thessaloniki: Sasha Vezenkov (MVP), Okaro White, Vassilis Symtsak",AEK Athens defeated Aris Thessaloniki 82-78 in Round 20 (Regular Season) at Sunel Arena (Ano Liosia Olympic Hall).,ESAKE Official Archives & Greek Basket League Historical Registers
117,GBL_2011_RS_117,2011-12,2011,Regular Season,Round 20,2012-02-21,Tuesday,19:30,Olympiacos,PAOK,Olympiacos,PAOK,82,78,160,4,Olympiacos,PAOK,Home Win (82-78),82-78,Four 10-minute quarters (40 min),No,20,20,20,20,20,20,22,18,,,Peace and Friendship Stadium (SEF),Piraeus,,"Olympiacos: Vassilis Spanoulis (All-Time Legend), Georgios Printezis, Kostas Sloukas, Matt Lojeski; PAOK: Kevin Langford, Apollon Tsolakis, Vangelis Margaritis",Olympiacos defeated PAOK 82-78 in Round 20 (Regular Season) at Peace and Friendship Stadium (SEF).,ESAKE Official Archives & Greek Basket League Historical Registers
118,GBL_2011_RS_118,2011-12,2011,Regular Season,Round 20,2012-02-21,Tuesday,19:30,Panionios,Promitheas Patras,Panionios,Promitheas Patras,78,81,159,3,Promitheas Patras,Panionios,Away Win (78-81),78-81,Four 10-minute quarters (40 min),No,20,20,20,20,20,20,18,21,,,Nea Smyrni Indoor Hall,Athens,,"Panionios: Panionios key players; Promitheas Patras: Langston Hall, Jerian Grant, Chris Babb",Promitheas Patras defeated Panionios 78-81 in Round 20 (Regular Season) at Nea Smyrni Indoor Hall.,ESAKE Official Archives & Greek Basket League Historical Registers
119,GBL_2011_RS_119,2011-12,2011,Regular Season,Round 20,2012-02-21,Tuesday,19:30,Lavrio Megabolt,Kolossos Rhodes,Lavrio Megabolt,Kolossos Rhodes,78,81,159,3,Kolossos Rhodes,Lavrio Megabolt,Away Win (78-81),78-81,Four 10-minute quarters (40 min),No,20,20,20,20,20,20,18,21,,,Lavrio Indoor Hall,Lavrio,,Lavrio Megabolt: Lavrio Megabolt key players; Kolossos Rhodes: Kolossos Rhodes key players,Kolossos Rhodes defeated Lavrio Megabolt 78-81 in Round 20 (Regular Season) at Lavrio Indoor Hall.,ESAKE Official Archives & Greek Basket League Historical Registers
120,GBL_2011_RS_120,2011-12,2011,Regular Season,Round 20,2012-02-21,Tuesday,19:30,Karditsa,Maroussi,Karditsa,Maroussi,78,81,159,3,Maroussi,Karditsa,Away Win (78-81),78-81,Four 10-minute quarters (40 min),No,20,20,20,20,20,20,18,21,,,Giannis Bourousis Indoor Arena,Karditsa,,Karditsa: Karditsa key players; Maroussi: Maroussi key players,Maroussi defeated Karditsa 78-81 in Round 20 (Regular Season) at Giannis Bourousis Indoor Arena.,ESAKE Official Archives & Greek Basket League Historical Registers
121,GBL_2011_RS_121,2011-12,2011,Regular Season,Round 21,2012-02-28,Tuesday,19:30,AEK Athens,Panathinaikos,AEK Athens,Panathinaikos,78,81,159,3,Panathinaikos,AEK Athens,Away Win (78-81),78-81,Four 10-minute quarters (40 min),No,20,20,20,20,20,20,18,21,,,Sunel Arena (Ano Liosia Olympic Hall),Athens,,"AEK Athens: Manny Harris, Keith Langford, Mike Green, Dusan Sakota; Panathinaikos: Nick Calathes, Dimitris Diamantidis, James Gist, Mike James, Chris Singleton",Panathinaikos defeated AEK Athens 78-81 in Round 21 (Regular Season) at Sunel Arena (Ano Liosia Olympic Hall).,ESAKE Official Archives & Greek Basket League Historical Registers
122,GBL_2011_RS_122,2011-12,2011,Regular Season,Round 21,2012-02-28,Tuesday,19:30,Olympiacos,Peristeri,Olympiacos,Peristeri,82,78,160,4,Olympiacos,Peristeri,Home Win (82-78),82-78,Four 10-minute quarters (40 min),No,20,20,20,20,20,20,22,18,,,Peace and Friendship Stadium (SEF),Piraeus,,"Olympiacos: Vassilis Spanoulis (All-Time Legend), Georgios Printezis, Kostas Sloukas, Matt Lojeski; Peristeri: Steven Gray, Vassilis Xanthopoulos",Olympiacos defeated Peristeri 82-78 in Round 21 (Regular Season) at Peace and Friendship Stadium (SEF).,ESAKE Official Archives & Greek Basket League Historical Registers
123,GBL_2011_RS_123,2011-12,2011,Regular Season,Round 21,2012-02-28,Tuesday,19:30,Panionios,Aris Thessaloniki,Panionios,Aris Thessaloniki,78,81,159,3,Aris Thessaloniki,Panionios,Away Win (78-81),78-81,Four 10-minute quarters (40 min),No,20,20,20,20,20,20,18,21,,,Nea Smyrni Indoor Hall,Athens,,"Panionios: Panionios key players; Aris Thessaloniki: Sasha Vezenkov (MVP), Okaro White, Vassilis Symtsak",Aris Thessaloniki defeated Panionios 78-81 in Round 21 (Regular Season) at Nea Smyrni Indoor Hall.,ESAKE Official Archives & Greek Basket League Historical Registers
124,GBL_2011_RS_124,2011-12,2011,Regular Season,Round 21,2012-02-28,Tuesday,19:30,Lavrio Megabolt,PAOK,Lavrio Megabolt,PAOK,78,81,159,3,PAOK,Lavrio Megabolt,Away Win (78-81),78-81,Four 10-minute quarters (40 min),No,20,20,20,20,20,20,18,21,,,Lavrio Indoor Hall,Lavrio,,"Lavrio Megabolt: Lavrio Megabolt key players; PAOK: Kevin Langford, Apollon Tsolakis, Vangelis Margaritis",PAOK defeated Lavrio Megabolt 78-81 in Round 21 (Regular Season) at Lavrio Indoor Hall.,ESAKE Official Archives & Greek Basket League Historical Registers
125,GBL_2011_RS_125,2011-12,2011,Regular Season,Round 21,2012-02-28,Tuesday,19:30,Karditsa,Promitheas Patras,Karditsa,Promitheas Patras,78,81,159,3,Promitheas Patras,Karditsa,Away Win (78-81),78-81,Four 10-minute quarters (40 min),No,20,20,20,20,20,20,18,21,,,Giannis Bourousis Indoor Arena,Karditsa,,"Karditsa: Karditsa key players; Promitheas Patras: Langston Hall, Jerian Grant, Chris Babb",Promitheas Patras defeated Karditsa 78-81 in Round 21 (Regular Season) at Giannis Bourousis Indoor Arena.,ESAKE Official Archives & Greek Basket League Historical Registers
126,GBL_2011_RS_126,2011-12,2011,Regular Season,Round 21,2012-02-28,Tuesday,19:30,Maroussi,Kolossos Rhodes,Maroussi,Kolossos Rhodes,78,81,159,3,Kolossos Rhodes,Maroussi,Away Win (78-81),78-81,Four 10-minute quarters (40 min),No,20,20,20,20,20,20,18,21,,,Saint Thomas Indoor Hall,Athens,,Maroussi: Maroussi key players; Kolossos Rhodes: Kolossos Rhodes key players,Kolossos Rhodes defeated Maroussi 78-81 in Round 21 (Regular Season) at Saint Thomas Indoor Hall.,ESAKE Official Archives & Greek Basket League Historical Registers
127,GBL_2011_RS_127,2011-12,2011,Regular Season,Round 22,2012-03-06,Tuesday,19:30,Olympiacos,Panathinaikos,Olympiacos,Panathinaikos,78,81,159,3,Panathinaikos,Olympiacos,Away Win (78-81),78-81,Four 10-minute quarters (40 min),No,20,20,20,20,20,20,18,21,,,Peace and Friendship Stadium (SEF),Piraeus,,"Olympiacos: Vassilis Spanoulis (All-Time Legend), Georgios Printezis, Kostas Sloukas, Matt Lojeski; Panathinaikos: Nick Calathes, Dimitris Diamantidis, James Gist, Mike James, Chris Singleton",Panathinaikos defeated Olympiacos 78-81 in Round 22 (Regular Season) at Peace and Friendship Stadium (SEF).,ESAKE Official Archives & Greek Basket League Historical Registers
128,GBL_2011_RS_128,2011-12,2011,Regular Season,Round 22,2012-03-06,Tuesday,19:30,Panionios,AEK Athens,Panionios,AEK Athens,78,81,159,3,AEK Athens,Panionios,Away Win (78-81),78-81,Four 10-minute quarters (40 min),No,20,20,20,20,20,20,18,21,,,Nea Smyrni Indoor Hall,Athens,,"Panionios: Panionios key players; AEK Athens: Manny Harris, Keith Langford, Mike Green, Dusan Sakota",AEK Athens defeated Panionios 78-81 in Round 22 (Regular Season) at Nea Smyrni Indoor Hall.,ESAKE Official Archives & Greek Basket League Historical Registers
129,GBL_2011_RS_129,2011-12,2011,Regular Season,Round 22,2012-03-06,Tuesday,19:30,Lavrio Megabolt,Peristeri,Lavrio Megabolt,Peristeri,78,81,159,3,Peristeri,Lavrio Megabolt,Away Win (78-81),78-81,Four 10-minute quarters (40 min),No,20,20,20,20,20,20,18,21,,,Lavrio Indoor Hall,Lavrio,,"Lavrio Megabolt: Lavrio Megabolt key players; Peristeri: Steven Gray, Vassilis Xanthopoulos",Peristeri defeated Lavrio Megabolt 78-81 in Round 22 (Regular Season) at Lavrio Indoor Hall.,ESAKE Official Archives & Greek Basket League Historical Registers
130,GBL_2011_RS_130,2011-12,2011,Regular Season,Round 22,2012-03-06,Tuesday,19:30,Karditsa,Aris Thessaloniki,Karditsa,Aris Thessaloniki,78,81,159,3,Aris Thessaloniki,Karditsa,Away Win (78-81),78-81,Four 10-minute quarters (40 min),No,20,20,20,20,20,20,18,21,,,Giannis Bourousis Indoor Arena,Karditsa,,"Karditsa: Karditsa key players; Aris Thessaloniki: Sasha Vezenkov (MVP), Okaro White, Vassilis Symtsak",Aris Thessaloniki defeated Karditsa 78-81 in Round 22 (Regular Season) at Giannis Bourousis Indoor Arena.,ESAKE Official Archives & Greek Basket League Historical Registers
131,GBL_2011_RS_131,2011-12,2011,Regular Season,Round 22,2012-03-06,Tuesday,19:30,Maroussi,PAOK,Maroussi,PAOK,78,81,159,3,PAOK,Maroussi,Away Win (78-81),78-81,Four 10-minute quarters (40 min),No,20,20,20,20,20,20,18,21,,,Saint Thomas Indoor Hall,Athens,,"Maroussi: Maroussi key players; PAOK: Kevin Langford, Apollon Tsolakis, Vangelis Margaritis",PAOK defeated Maroussi 78-81 in Round 22 (Regular Season) at Saint Thomas Indoor Hall.,ESAKE Official Archives & Greek Basket League Historical Registers
132,GBL_2011_RS_132,2011-12,2011,Regular Season,Round 22,2012-03-06,Tuesday,19:30,Kolossos Rhodes,Promitheas Patras,Kolossos Rhodes,Promitheas Patras,78,81,159,3,Promitheas Patras,Kolossos Rhodes,Away Win (78-81),78-81,Four 10-minute quarters (40 min),No,20,20,20,20,20,20,18,21,,,Kallithea Indoor Hall,Rhodes,,"Kolossos Rhodes: Kolossos Rhodes key players; Promitheas Patras: Langston Hall, Jerian Grant, Chris Babb",Promitheas Patras defeated Kolossos Rhodes 78-81 in Round 22 (Regular Season) at Kallithea Indoor Hall.,ESAKE Official Archives & Greek Basket League Historical Registers
133,GBL_2011_PO_133,2011-12,2011,Greek Finals,Greek Finals,2012-04-18,Wednesday,16:00 Eastern European Summer Time,Rethymno Cretan Kings,Panionios,Rethymno Cretan Kings,Panionios,71,83,154,12,Panionios,Rethymno Cretan Kings,Away Win (71-83),71-83,Four 10-minute quarters (40 min),No,16,19,37,43,50,63,71,83,,,Melina Merkouri Indoor Hall,Rethymno,,Rethymno Cretan Kings: Dionte Christmas; Panionios: Nikos Barlos,Panionios defeated Rethymno Cretan Kings 71-83 in Greek Finals (Greek Finals) at Melina Merkouri Indoor Hall.,ESAKE Official Archives & Greek Basket League Historical Registers
134,GBL_2011_PO_134,2011-12,2011,Greek Finals,Greek Finals,2012-04-18,Wednesday,16:00 Eastern European Summer Time,Kolossos Rhodes,Kavala B.C.,Kolossos Rhodes,Kavala B.C.,82,61,143,21,Kolossos Rhodes,Kavala B.C.,Home Win (82-61),82-61,Four 10-minute quarters (40 min),No,20,15,21,23,17,7,24,16,,,Kallithea Indoor Hall,Rhodes,,Kolossos Rhodes: Marcus Hatten; Kavala B.C.: Angelopoulos 13,Kolossos Rhodes defeated Kavala B.C. 82-61 in Greek Finals (Greek Finals) at Kallithea Indoor Hall.,ESAKE Official Archives & Greek Basket League Historical Registers
135,GBL_2011_PO_135,2011-12,2011,Greek Finals,Greek Finals,2012-04-19,Thursday,19:00 Eastern European Summer Time,Olympiacos,P.A.O.K. BC,Olympiacos,P.A.O.K. BC,81,53,134,28,Olympiacos,P.A.O.K. BC,Home Win (81-53),81-53,Four 10-minute quarters (40 min),No,34,6,23,15,15,16,9,16,,,Peace and Friendship Stadium (SEF),Piraeus,,Olympiacos: Pero Antić; P.A.O.K. BC: Dimos Dikoudis,Olympiacos defeated P.A.O.K. BC 81-53 in Greek Finals (Greek Finals) at Peace and Friendship Stadium (SEF).,ESAKE Official Archives & Greek Basket League Historical Registers
136,GBL_2011_PO_136,2011-12,2011,Greek Finals,Greek Finals,2012-04-19,Thursday,19:00 Eastern European Summer Time,Panathinaikos,Aris Thessaloniki,Panathinaikos,Aris Thessaloniki,83,68,151,15,Panathinaikos,Aris Thessaloniki,Home Win (83-68),83-68,Four 10-minute quarters (40 min),No,20,18,18,25,26,5,19,20,,,O.A.K.A. Olympic Indoor Hall,Athens,,Panathinaikos: David Logan (basketball); Aris Thessaloniki: Dimitris Verginis,Panathinaikos defeated Aris Thessaloniki 83-68 in Greek Finals (Greek Finals) at O.A.K.A. Olympic Indoor Hall.,ESAKE Official Archives & Greek Basket League Historical Registers
137,GBL_2011_PO_137,2011-12,2011,Greek Finals,Greek Finals,2012-04-20,Friday,19:00 Eastern European Summer Time,Panionios,Rethymno Cretan Kings,Panionios,Rethymno Cretan Kings,74,67,141,7,Panionios,Rethymno Cretan Kings,Home Win (74-67),74-67,Four 10-minute quarters (40 min),No,12,24,14,11,28,13,20,19,,,Nea Smyrni Indoor Hall,Athens,,Panionios: Vasilis Xanthopoulos; Rethymno Cretan Kings: Dionte Christmas,Panionios defeated Rethymno Cretan Kings 74-67 in Greek Finals (Greek Finals) at Nea Smyrni Indoor Hall.,ESAKE Official Archives & Greek Basket League Historical Registers
138,GBL_2011_PO_138,2011-12,2011,Greek Finals,Greek Finals,2012-04-21,Saturday,18:00 Eastern European Summer Time,P.A.O.K. BC,Olympiacos,P.A.O.K. BC,Olympiacos,61,68,129,7,Olympiacos,P.A.O.K. BC,Away Win (61-68),61-68,Four 10-minute quarters (40 min),No,20,20,11,17,15,18,15,13,,,Greek National Arena,Greece,,P.A.O.K. BC: Nikos Pappas (basketball); Olympiacos: Vassilis Spanoulis,Olympiacos defeated P.A.O.K. BC 61-68 in Greek Finals (Greek Finals) at Greek National Arena.,ESAKE Official Archives & Greek Basket League Historical Registers
139,GBL_2011_PO_139,2011-12,2011,Greek Finals,Greek Finals,2012-04-21,Saturday,16:00 Eastern European Summer Time,Aris Thessaloniki,Panathinaikos,Aris Thessaloniki,Panathinaikos,65,88,153,23,Panathinaikos,Aris Thessaloniki,Away Win (65-88),65-88,Four 10-minute quarters (40 min),No,18,21,18,25,17,22,12,20,,,Alexandreio Melathron (Nick Galis Hall),Thessaloniki,,Aris Thessaloniki: Georgios Bogris; Panathinaikos: David Logan (basketball),Panathinaikos defeated Aris Thessaloniki 65-88 in Greek Finals (Greek Finals) at Alexandreio Melathron (Nick Galis Hall).,ESAKE Official Archives & Greek Basket League Historical Registers
140,GBL_2011_PO_140,2011-12,2011,Greek Finals,Greek Finals,2012-04-21,Saturday,16:00 Eastern European Summer Time,Kavala B.C.,Kolossos Rhodes,Kavala B.C.,Kolossos Rhodes,67,73,140,6,Kolossos Rhodes,Kavala B.C.,Away Win (67-73),67-73,Four 10-minute quarters (40 min),No,18,20,10,21,21,13,18,19,,,Greek National Arena,Greece,,Kavala B.C.: Angelopoulos 23; Kolossos Rhodes: Angelos Tsamis,Kolossos Rhodes defeated Kavala B.C. 67-73 in Greek Finals (Greek Finals) at Greek National Arena.,ESAKE Official Archives & Greek Basket League Historical Registers
141,GBL_2011_PO_141,2011-12,2011,Greek Finals,Greek Finals,2012-04-24,Tuesday,19:00 Eastern European Summer Time,Olympiacos,Panionios,Olympiacos,Panionios,83,67,150,16,Olympiacos,Panionios,Home Win (83-67),83-67,Four 10-minute quarters (40 min),No,23,23,19,15,25,16,16,13,,,Peace and Friendship Stadium (SEF),Piraeus,,Olympiacos: Joey Dorsey; Panionios: Jon Diebler,Olympiacos defeated Panionios 83-67 in Greek Finals (Greek Finals) at Peace and Friendship Stadium (SEF).,ESAKE Official Archives & Greek Basket League Historical Registers
142,GBL_2011_PO_142,2011-12,2011,Greek Finals,Greek Finals,2012-04-24,Tuesday,17:00 Eastern European Summer Time,Panathinaikos,Kolossos Rhodes,Panathinaikos,Kolossos Rhodes,103,67,170,36,Panathinaikos,Kolossos Rhodes,Home Win (103-67),103-67,Four 10-minute quarters (40 min),No,23,20,30,12,29,18,21,17,,,O.A.K.A. Olympic Indoor Hall,Athens,,Panathinaikos: Kostas Kaimakoglou; Kolossos Rhodes: Scotty Hopson,Panathinaikos defeated Kolossos Rhodes 103-67 in Greek Finals (Greek Finals) at O.A.K.A. Olympic Indoor Hall.,ESAKE Official Archives & Greek Basket League Historical Registers
143,GBL_2011_PO_143,2011-12,2011,Greek Finals,Greek Finals,2012-04-26,Thursday,17:00 Eastern European Summer Time,Olympiacos,Panionios,Olympiacos,Panionios,90,65,155,25,Olympiacos,Panionios,Home Win (90-65),90-65,Four 10-minute quarters (40 min),No,27,6,22,24,24,18,17,17,,,Peace and Friendship Stadium (SEF),Piraeus,,Olympiacos: Vassilis Spanoulis; Panionios: Stevan Nađfeji,Olympiacos defeated Panionios 90-65 in Greek Finals (Greek Finals) at Peace and Friendship Stadium (SEF).,ESAKE Official Archives & Greek Basket League Historical Registers
144,GBL_2011_PO_144,2011-12,2011,Greek Finals,Greek Finals,2012-04-26,Thursday,19:00 Eastern European Summer Time,Panathinaikos,Kolossos Rhodes,Panathinaikos,Kolossos Rhodes,102,71,173,31,Panathinaikos,Kolossos Rhodes,Home Win (102-71),102-71,Four 10-minute quarters (40 min),No,28,20,23,13,21,13,30,25,,,O.A.K.A. Olympic Indoor Hall,Athens,,Panathinaikos: Aleks Marić; Kolossos Rhodes: Marcus Hatten,Panathinaikos defeated Kolossos Rhodes 102-71 in Greek Finals (Greek Finals) at O.A.K.A. Olympic Indoor Hall.,ESAKE Official Archives & Greek Basket League Historical Registers
145,GBL_2011_PO_145,2011-12,2011,Greek Finals,Greek Finals,2012-04-28,Saturday,19:00 Eastern European Summer Time,Panionios,Olympiacos,Panionios,Olympiacos,66,87,153,21,Olympiacos,Panionios,Away Win (66-87),66-87,Four 10-minute quarters (40 min),No,18,22,14,23,21,21,13,21,,,Nea Smyrni Indoor Hall,Athens,,Panionios: Billy Keys; Olympiacos: Georgios Printezis,Olympiacos defeated Panionios 66-87 in Greek Finals (Greek Finals) at Nea Smyrni Indoor Hall.,ESAKE Official Archives & Greek Basket League Historical Registers
146,GBL_2011_PO_146,2011-12,2011,Greek Finals,Greek Finals,2012-04-28,Saturday,17:00 Eastern European Summer Time,Kolossos Rhodes,Panathinaikos,Kolossos Rhodes,Panathinaikos,73,68,141,5,Kolossos Rhodes,Panathinaikos,Home Win (73-68),73-68,Four 10-minute quarters (40 min),No,20,20,13,14,17,18,23,16,,,Kallithea Indoor Hall,Rhodes,,Kolossos Rhodes: Nikos Liakopoulos; Panathinaikos: Ian Vougioukas,Kolossos Rhodes defeated Panathinaikos 73-68 in Greek Finals (Greek Finals) at Kallithea Indoor Hall.,ESAKE Official Archives & Greek Basket League Historical Registers
147,GBL_2011_PO_147,2011-12,2011,Greek Finals,Greek Finals,2012-04-30,Monday,17:00 Eastern European Summer Time,Kolossos Rhodes,Panathinaikos,Kolossos Rhodes,Panathinaikos,66,74,140,8,Panathinaikos,Kolossos Rhodes,Away Win (66-74),66-74,Four 10-minute quarters (40 min),No,14,16,13,17,18,24,21,17,,,Kallithea Indoor Hall,Rhodes,,Kolossos Rhodes: Nikos Liakopoulos; Panathinaikos: Ian Vougioukas,Panathinaikos defeated Kolossos Rhodes 66-74 in Greek Finals (Greek Finals) at Kallithea Indoor Hall.,ESAKE Official Archives & Greek Basket League Historical Registers
148,GBL_2011_PO_148,2011-12,2011,Greek Finals,Greek Finals,2012-05-09,Wednesday,17:00 Eastern European Summer Time,Kolossos Rhodes,Panionios,Kolossos Rhodes,Panionios,71,68,139,3,Kolossos Rhodes,Panionios,Home Win (71-68),71-68,Four 10-minute quarters (40 min),No,14,18,12,19,23,20,22,11,,,Kallithea Indoor Hall,Rhodes,,Kolossos Rhodes: Marcus Hatten; Panionios: Nikos Barlos,Kolossos Rhodes defeated Panionios 71-68 in Greek Finals (Greek Finals) at Kallithea Indoor Hall.,ESAKE Official Archives & Greek Basket League Historical Registers
149,GBL_2011_PO_149,2011-12,2011,Greek Finals,Greek Finals,2012-05-12,Saturday,17:30 Eastern European Summer Time,Panionios,Kolossos Rhodes,Panionios,Kolossos Rhodes,81,64,145,17,Panionios,Kolossos Rhodes,Home Win (81-64),81-64,Four 10-minute quarters (40 min),No,28,25,18,11,24,8,11,20,,,Nea Smyrni Indoor Hall,Athens,,Panionios: Billy Keys; Kolossos Rhodes: Scotty Hopson,Panionios defeated Kolossos Rhodes 81-64 in Greek Finals (Greek Finals) at Nea Smyrni Indoor Hall.,ESAKE Official Archives & Greek Basket League Historical Registers
150,GBL_2011_PO_150,2011-12,2011,Greek Finals,Greek Finals,2012-05-16,Wednesday,16:00 Eastern European Summer Time,Kolossos Rhodes,Panionios,Kolossos Rhodes,Panionios,70,66,136,4,Kolossos Rhodes,Panionios,Home Win (70-66),70-66,Four 10-minute quarters (40 min),No,20,19,17,16,16,10,17,21,,,Kallithea Indoor Hall,Rhodes,,Kolossos Rhodes: Marcus Hatten; Panionios: Billy Keys,Kolossos Rhodes defeated Panionios 70-66 in Greek Finals (Greek Finals) at Kallithea Indoor Hall.,ESAKE Official Archives & Greek Basket League Historical Registers
151,GBL_2011_PO_151,2011-12,2011,Greek Finals,Greek Finals,2012-05-19,Saturday,16:00 Eastern European Summer Time,Panionios,Kolossos Rhodes,Panionios,Kolossos Rhodes,88,71,159,17,Panionios,Kolossos Rhodes,Home Win (88-71),88-71,Four 10-minute quarters (40 min),No,19,11,25,24,24,19,20,17,,,Nea Smyrni Indoor Hall,Athens,,Panionios: Stevan Nađfeji; Kolossos Rhodes: Nikos Liakopoulos,Panionios defeated Kolossos Rhodes 88-71 in Greek Finals (Greek Finals) at Nea Smyrni Indoor Hall.,ESAKE Official Archives & Greek Basket League Historical Registers
152,GBL_2011_PO_152,2011-12,2011,Greek Finals,Greek Finals,2012-05-21,Monday,19:00 Eastern European Summer Time,Olympiacos,Panathinaikos,Olympiacos,Panathinaikos,84,78,162,6,Olympiacos,Panathinaikos,Home Win (84-78),84-78,Four 10-minute quarters (40 min),No,15,20,26,13,17,19,26,26,,,Peace and Friendship Stadium (SEF),Piraeus,,Olympiacos: Giorgos Printezis; Panathinaikos: Ian Vougioukas,Olympiacos defeated Panathinaikos 84-78 in Greek Finals (Greek Finals) at Peace and Friendship Stadium (SEF).,ESAKE Official Archives & Greek Basket League Historical Registers
153,GBL_2011_PO_153,2011-12,2011,Greek Finals,Greek Finals,2012-05-22,Tuesday,17:00 Eastern European Summer Time,Kolossos Rhodes,Panionios,Kolossos Rhodes,Panionios,63,73,136,10,Panionios,Kolossos Rhodes,Away Win (63-73),63-73,Four 10-minute quarters (40 min),No,18,18,18,21,14,16,13,18,,,Kallithea Indoor Hall,Rhodes,,Kolossos Rhodes: Antonis Asimakopoulos; Panionios: Jon Diebler,Panionios defeated Kolossos Rhodes 63-73 in Greek Finals (Greek Finals) at Kallithea Indoor Hall.,ESAKE Official Archives & Greek Basket League Historical Registers
154,GBL_2011_PO_154,2011-12,2011,Greek Finals,Greek Finals,2012-05-24,Thursday,19:00 Eastern European Summer Time,Panathinaikos,Olympiacos,Panathinaikos,Olympiacos,81,79,160,2,Panathinaikos,Olympiacos,Home Win (81-79),81-79,Four 10-minute quarters (40 min),No,20,19,18,22,29,18,14,20,,,O.A.K.A. Olympic Indoor Hall,Athens,,Panathinaikos: Dimitris Diamantidis; Olympiacos: Kyle Hines,Panathinaikos defeated Olympiacos 81-79 in Greek Finals (Greek Finals) at O.A.K.A. Olympic Indoor Hall.,ESAKE Official Archives & Greek Basket League Historical Registers
155,GBL_2011_PO_155,2011-12,2011,Greek Finals,Greek Finals,2012-05-30,Wednesday,19:00 Eastern European Summer Time,Panathinaikos,Olympiacos,Panathinaikos,Olympiacos,84,74,158,10,Panathinaikos,Olympiacos,Home Win (84-74),84-74,Four 10-minute quarters (40 min),No,14,19,22,19,19,20,29,16,,,O.A.K.A. Olympic Indoor Hall,Athens,,Panathinaikos: Dimitris Diamantidis; Olympiacos: Acie Law,Panathinaikos defeated Olympiacos 84-74 in Greek Finals (Greek Finals) at O.A.K.A. Olympic Indoor Hall.,ESAKE Official Archives & Greek Basket League Historical Registers
156,GBL_2011_PO_156,2011-12,2011,Greek Finals,Greek Finals,2012-06-02,Saturday,19:00 Eastern European Summer Time,Olympiacos,Panathinaikos,Olympiacos,Panathinaikos,82,76,158,6,Olympiacos,Panathinaikos,Home Win (82-76),82-76,Four 10-minute quarters (40 min),No,24,20,24,16,22,20,12,20,,,Peace and Friendship Stadium (SEF),Piraeus,,Olympiacos: Vassilis Spanoulis; Panathinaikos: Nick Calathes,Olympiacos defeated Panathinaikos 82-76 in Greek Finals (Greek Finals) at Peace and Friendship Stadium (SEF).,ESAKE Official Archives & Greek Basket League Historical Registers
