Match Number,Match ID,ODI Number,Season,Season Year,Series / Competition Name,Match Type,Match Stage,Date,Day of Week,Team A,Team B,Home,Away,Toss Winner,Toss Decision,First Innings Team,Second Innings Team,First Innings Score,First Innings Runs,First Innings Wickets,First Innings Overs,Second Innings Score,Second Innings Runs,Second Innings Wickets,Second Innings Overs,Target Runs,Total Runs,Total Wickets,Match Score,Winner,Loser,Winning Margin,Margin Value,Margin Type,Super Over,Method / Rain Rule,Player of the Match,Notable Players,Venue,City,Country,Umpires,TV Umpire,Match Referee,A Succint one line match comment to summarise that match,Primary Data Source
1,ODI_001270,ODI # 1270,1997/98,1998,Carlton & United Series,Tri-Series,ODI #1270,1998-01-09,Friday,New Zealand,South Africa,New Zealand,South Africa,South Africa,bat,South Africa,New Zealand,233/7 (50.0 ov),233,7,50.0 ov,166/10 (45.1 ov),166,10,45.1 ov,234,399,17,233/7 - 166/10,South Africa,New Zealand,2 runs,2,runs,No,Normal,,New Zealand vs South Africa,Brisbane Cricket Ground (The Gabba),Brisbane,Australia,,,,South Africa defeated New Zealand by 2 runs at Brisbane Cricket Ground (The Gabba) (Brisbane).,ESPNcricinfo Statsguru / ICC Match Registry
2,ODI_001271,ODI # 1271,1997/98,1998,Bangladesh v India ODI Series,Bilateral Series,ODI #1271,1998-01-10,Saturday,Bangladesh,India,Bangladesh,India,India,field,Bangladesh,India,115/10 (36.3 ov),115,10,36.3 ov,116/5 (29.2 ov),116,5,29.2 ov,116,231,15,115/10 - 116/5,India,Bangladesh,4 wickets,4,wickets,No,Normal,,Bangladesh vs India,Sher-e-Bangla National Cricket Stadium,Dhaka,Bangladesh,,,,India defeated Bangladesh by 4 wickets at Sher-e-Bangla National Cricket Stadium (Dhaka).,ESPNcricinfo Statsguru / ICC Match Registry
3,ODI_001273,ODI # 1273,1997/98,1998,India v Pakistan ODI Series,Bilateral Series,ODI #1273,1998-01-11,Sunday,India,Pakistan,India,Pakistan,Pakistan,field,India,Pakistan,180/10 (46.2 ov),180,10,46.2 ov,189/9 (50.0 ov),189,9,50.0 ov,181,369,19,180/10 - 189/9,India,Pakistan,18 runs,18,runs,No,Normal,,India vs Pakistan,Sher-e-Bangla National Cricket Stadium,Dhaka,Bangladesh,,,,India defeated Pakistan by 18 runs at Sher-e-Bangla National Cricket Stadium (Dhaka).,ESPNcricinfo Statsguru / ICC Match Registry
4,ODI_001272,ODI # 1272,1997/98,1998,Carlton & United Series,Tri-Series,ODI #1272,1998-01-11,Sunday,Australia,South Africa,Australia,South Africa,Australia,bat,Australia,South Africa,165/10 (48.2 ov),165,10,48.2 ov,170/3 (28.2 ov),170,3,28.2 ov,166,335,13,165/10 - 170/3,South Africa,Australia,5 wickets,5,wickets,No,Normal,,Australia vs South Africa,Brisbane Cricket Ground (The Gabba),Brisbane,Australia,,,,South Africa defeated Australia by 5 wickets at Brisbane Cricket Ground (The Gabba) (Brisbane).,ESPNcricinfo Statsguru / ICC Match Registry
5,ODI_001274,ODI # 1274,1997/98,1998,Bangladesh v Pakistan ODI Series,Bilateral Series,ODI #1274,1998-01-12,Monday,Bangladesh,Pakistan,Bangladesh,Pakistan,Pakistan,field,Bangladesh,Pakistan,134/10 (39.3 ov),134,10,39.3 ov,136/1 (24.2 ov),136,1,24.2 ov,135,270,11,134/10 - 136/1,Pakistan,Bangladesh,9 wickets,9,wickets,No,Normal,,Bangladesh vs Pakistan,Sher-e-Bangla National Cricket Stadium,Dhaka,Bangladesh,,,,Pakistan defeated Bangladesh by 9 wickets at Sher-e-Bangla National Cricket Stadium (Dhaka).,ESPNcricinfo Statsguru / ICC Match Registry
6,ODI_001276,ODI # 1276,1997/98,1998,India v Pakistan ODI Series,Bilateral Series,ODI #1276,1998-01-14,Wednesday,India,Pakistan,India,Pakistan,Pakistan,field,India,Pakistan,180/10 (46.2 ov),180,10,46.2 ov,189/9 (50.0 ov),189,9,50.0 ov,181,369,19,180/10 - 189/9,India,Pakistan,8 wickets,8,wickets,No,Normal,,India vs Pakistan,Sher-e-Bangla National Cricket Stadium,Dhaka,Bangladesh,,,,India defeated Pakistan by 8 wickets at Sher-e-Bangla National Cricket Stadium (Dhaka).,ESPNcricinfo Statsguru / ICC Match Registry
7,ODI_001275,ODI # 1275,1997/98,1998,Carlton & United Series,Tri-Series,ODI #1275,1998-01-14,Wednesday,Australia,New Zealand,Australia,New Zealand,Australia,bat,Australia,New Zealand,160/4 (36.5 ov),160,4,36.5 ov,119/10 (33.1 ov),119,10,33.1 ov,161,279,14,160/4 - 119/10,Australia,New Zealand,131 runs,131,runs,No,Normal,,Australia vs New Zealand,Sydney Cricket Ground,Sydney,Australia,,,,Australia defeated New Zealand by 131 runs at Sydney Cricket Ground (Sydney).,ESPNcricinfo Statsguru / ICC Match Registry
8,ODI_001277,ODI # 1277,1997/98,1998,India v Pakistan ODI Series,Bilateral Series,ODI #1277,1998-01-16,Friday,India,Pakistan,India,Pakistan,Pakistan,field,India,Pakistan,180/10 (46.2 ov),180,10,46.2 ov,189/9 (50.0 ov),189,9,50.0 ov,181,369,19,180/10 - 189/9,Pakistan,India,6 wickets,6,wickets,No,Normal,,India vs Pakistan,Sher-e-Bangla National Cricket Stadium,Dhaka,Bangladesh,,,,Pakistan defeated India by 6 wickets at Sher-e-Bangla National Cricket Stadium (Dhaka).,ESPNcricinfo Statsguru / ICC Match Registry
9,ODI_001278,ODI # 1278,1997/98,1998,New Zealand v South Africa ODI Series,Bilateral Series,ODI #1278,1998-01-16,Friday,New Zealand,South Africa,New Zealand,South Africa,South Africa,bat,South Africa,New Zealand,233/7 (50.0 ov),233,7,50.0 ov,166/10 (45.1 ov),166,10,45.1 ov,234,399,17,233/7 - 166/10,South Africa,New Zealand,67 runs,67,runs,No,Normal,,New Zealand vs South Africa,W.A.C.A,W.A.C.A,International,,,,South Africa defeated New Zealand by 67 runs at W.A.C.A (W.A.C.A).,ESPNcricinfo Statsguru / ICC Match Registry
10,ODI_001279,ODI # 1279,1997/98,1998,India v Pakistan ODI Series,Bilateral Series,ODI #1279,1998-01-18,Sunday,India,Pakistan,India,Pakistan,Pakistan,field,India,Pakistan,180/10 (46.2 ov),180,10,46.2 ov,189/9 (50.0 ov),189,9,50.0 ov,181,369,19,180/10 - 189/9,India,Pakistan,3 wickets,3,wickets,No,Normal,,India vs Pakistan,Sher-e-Bangla National Cricket Stadium,Dhaka,Bangladesh,,,,India defeated Pakistan by 3 wickets at Sher-e-Bangla National Cricket Stadium (Dhaka).,ESPNcricinfo Statsguru / ICC Match Registry
11,ODI_001280,ODI # 1280,1997/98,1998,Australia v South Africa ODI Series,Bilateral Series,ODI #1280,1998-01-18,Sunday,Australia,South Africa,Australia,South Africa,Australia,bat,Australia,South Africa,165/10 (48.2 ov),165,10,48.2 ov,170/3 (28.2 ov),170,3,28.2 ov,166,335,13,165/10 - 170/3,South Africa,Australia,7 wickets,7,wickets,No,Normal,,Australia vs South Africa,W.A.C.A,W.A.C.A,International,,,,South Africa defeated Australia by 7 wickets at W.A.C.A (W.A.C.A).,ESPNcricinfo Statsguru / ICC Match Registry
12,ODI_001281,ODI # 1281,1997/98,1998,Carlton & United Series,Tri-Series,ODI #1281,1998-01-21,Wednesday,Australia,New Zealand,Australia,New Zealand,Australia,bat,Australia,New Zealand,160/4 (36.5 ov),160,4,36.5 ov,119/10 (33.1 ov),119,10,33.1 ov,161,279,14,160/4 - 119/10,New Zealand,Australia,4 wickets,4,wickets,No,Normal,,Australia vs New Zealand,Melbourne Cricket Ground,Melbourne,Australia,,,,New Zealand defeated Australia by 4 wickets at Melbourne Cricket Ground (Melbourne).,ESPNcricinfo Statsguru / ICC Match Registry
13,ODI_001282,ODI # 1282,1997/98,1998,Sri Lanka v Zimbabwe ODI Series,Bilateral Series,ODI #1282,1998-01-22,Thursday,Sri Lanka,Zimbabwe,Sri Lanka,Zimbabwe,Sri Lanka,field,Zimbabwe,Sri Lanka,197/3 (46.1 ov),197,3,46.1 ov,196/10 (49.4 ov),196,10,49.4 ov,198,393,13,197/3 - 196/10,Sri Lanka,Zimbabwe,5 wickets,5,wickets,No,Normal,,Sri Lanka vs Zimbabwe,Sinhalese Sports Club Ground,Colombo,Sri Lanka,,,,Sri Lanka defeated Zimbabwe by 5 wickets at Sinhalese Sports Club Ground (Colombo).,ESPNcricinfo Statsguru / ICC Match Registry
14,ODI_001283,ODI # 1283,1997/98,1998,Carlton & United Series,Tri-Series,ODI #1283,1998-01-23,Friday,Australia,South Africa,Australia,South Africa,Australia,bat,Australia,South Africa,165/10 (48.2 ov),165,10,48.2 ov,170/3 (28.2 ov),170,3,28.2 ov,166,335,13,165/10 - 170/3,South Africa,Australia,6 runs,6,runs,No,Normal,,Australia vs South Africa,Melbourne Cricket Ground,Melbourne,Australia,,,,South Africa defeated Australia by 6 runs at Melbourne Cricket Ground (Melbourne).,ESPNcricinfo Statsguru / ICC Match Registry
15,ODI_001284,ODI # 1284,1997/98,1998,Sri Lanka v Zimbabwe ODI Series,Bilateral Series,ODI #1284,1998-01-24,Saturday,Sri Lanka,Zimbabwe,Sri Lanka,Zimbabwe,Sri Lanka,field,Zimbabwe,Sri Lanka,197/3 (46.1 ov),197,3,46.1 ov,196/10 (49.4 ov),196,10,49.4 ov,198,393,13,197/3 - 196/10,Sri Lanka,Zimbabwe,5 wickets,5,wickets,No,Normal,,Sri Lanka vs Zimbabwe,R. Premadasa Stadium,Colombo,Sri Lanka,,,,Sri Lanka defeated Zimbabwe by 5 wickets at R. Premadasa Stadium (Colombo).,ESPNcricinfo Statsguru / ICC Match Registry
16,ODI_001285,ODI # 1285,1997/98,1998,Carlton & United Series,Tri-Series,ODI #1285,1998-01-26,Monday,Australia,South Africa,Australia,South Africa,Australia,bat,Australia,South Africa,165/10 (48.2 ov),165,10,48.2 ov,170/3 (28.2 ov),170,3,28.2 ov,166,335,13,165/10 - 170/3,Australia,South Africa,7 wickets,7,wickets,No,Normal,,Australia vs South Africa,Sydney Cricket Ground,Sydney,Australia,,,,Australia defeated South Africa by 7 wickets at Sydney Cricket Ground (Sydney).,ESPNcricinfo Statsguru / ICC Match Registry
17,ODI_001286,ODI # 1286,1997/98,1998,Sri Lanka v Zimbabwe ODI Series,Bilateral Series,ODI #1286,1998-01-26,Monday,Sri Lanka,Zimbabwe,Sri Lanka,Zimbabwe,Sri Lanka,field,Zimbabwe,Sri Lanka,197/3 (46.1 ov),197,3,46.1 ov,196/10 (49.4 ov),196,10,49.4 ov,198,393,13,197/3 - 196/10,Sri Lanka,Zimbabwe,4 wickets,4,wickets,No,Normal,,Sri Lanka vs Zimbabwe,Sinhalese Sports Club Ground,Colombo,Sri Lanka,,,,Sri Lanka defeated Zimbabwe by 4 wickets at Sinhalese Sports Club Ground (Colombo).,ESPNcricinfo Statsguru / ICC Match Registry
18,ODI_001287,ODI # 1287,1997/98,1998,Carlton & United Series,Tri-Series,ODI #1287,1998-01-27,Tuesday,Australia,South Africa,Australia,South Africa,Australia,bat,Australia,South Africa,165/10 (48.2 ov),165,10,48.2 ov,170/3 (28.2 ov),170,3,28.2 ov,166,335,13,165/10 - 170/3,Australia,South Africa,14 runs,14,runs,No,Normal,,Australia vs South Africa,Sydney Cricket Ground,Sydney,Australia,,,,Australia defeated South Africa by 14 runs at Sydney Cricket Ground (Sydney).,ESPNcricinfo Statsguru / ICC Match Registry
19,ODI_001288,ODI # 1288,1997/98,1998,New Zealand v Zimbabwe ODI Series,Bilateral Series,ODI #1288,1998-02-04,Wednesday,New Zealand,Zimbabwe,New Zealand,Zimbabwe,New Zealand,bat,New Zealand,Zimbabwe,139/2 (28.2 ov),139,2,28.2 ov,138/10 (49.0 ov),138,10,49.0 ov,140,277,12,139/2 - 138/10,New Zealand,Zimbabwe,40 runs,40,runs,No,Normal,,New Zealand vs Zimbabwe,Seddon Park,Hamilton,New Zealand,,,,New Zealand defeated Zimbabwe by 40 runs at Seddon Park (Hamilton).,ESPNcricinfo Statsguru / ICC Match Registry
20,ODI_001289,ODI # 1289,1997/98,1998,New Zealand v Zimbabwe ODI Series,Bilateral Series,ODI #1289,1998-02-06,Friday,New Zealand,Zimbabwe,New Zealand,Zimbabwe,New Zealand,bat,New Zealand,Zimbabwe,139/2 (28.2 ov),139,2,28.2 ov,138/10 (49.0 ov),138,10,49.0 ov,140,277,12,139/2 - 138/10,New Zealand,Zimbabwe,8 wickets,8,wickets,No,Normal,,New Zealand vs Zimbabwe,Basin Reserve,Wellington,New Zealand,,,,New Zealand defeated Zimbabwe by 8 wickets at Basin Reserve (Wellington).,ESPNcricinfo Statsguru / ICC Match Registry
21,ODI_001290,ODI # 1290,1997/98,1998,New Zealand v Australia ODI Series,Bilateral Series,ODI #1290,1998-02-08,Sunday,New Zealand,Australia,New Zealand,Australia,Australia,bat,Australia,New Zealand,160/4 (36.5 ov),160,4,36.5 ov,119/10 (33.1 ov),119,10,33.1 ov,161,279,14,160/4 - 119/10,Australia,New Zealand,7 wickets,7,wickets,No,Normal,,New Zealand vs Australia,Lancaster Park,Christchurch,New Zealand,,,,Australia defeated New Zealand by 7 wickets at Lancaster Park (Christchurch).,ESPNcricinfo Statsguru / ICC Match Registry
22,ODI_001291,ODI # 1291,1997/98,1998,New Zealand v Australia ODI Series,Bilateral Series,ODI #1291,1998-02-10,Tuesday,New Zealand,Australia,New Zealand,Australia,Australia,bat,Australia,New Zealand,160/4 (36.5 ov),160,4,36.5 ov,119/10 (33.1 ov),119,10,33.1 ov,161,279,14,160/4 - 119/10,Australia,New Zealand,66 runs,66,runs,No,Normal,,New Zealand vs Australia,Basin Reserve,Wellington,New Zealand,,,,Australia defeated New Zealand by 66 runs at Basin Reserve (Wellington).,ESPNcricinfo Statsguru / ICC Match Registry
23,ODI_001292,ODI # 1292,1997/98,1998,New Zealand v Australia ODI Series,Bilateral Series,ODI #1292,1998-02-12,Thursday,New Zealand,Australia,New Zealand,Australia,Australia,bat,Australia,New Zealand,160/4 (36.5 ov),160,4,36.5 ov,119/10 (33.1 ov),119,10,33.1 ov,161,279,14,160/4 - 119/10,New Zealand,Australia,7 wickets,7,wickets,No,Normal,,New Zealand vs Australia,McLean Park,Napier,New Zealand,,,,New Zealand defeated Australia by 7 wickets at McLean Park (Napier).,ESPNcricinfo Statsguru / ICC Match Registry
24,ODI_001293,ODI # 1293,1997/98,1998,New Zealand v Australia ODI Series,Bilateral Series,ODI #1293,1998-02-14,Saturday,New Zealand,Australia,New Zealand,Australia,Australia,bat,Australia,New Zealand,160/4 (36.5 ov),160,4,36.5 ov,119/10 (33.1 ov),119,10,33.1 ov,161,279,14,160/4 - 119/10,New Zealand,Australia,30 runs,30,runs,No,Normal,,New Zealand vs Australia,Eden Park,Auckland,New Zealand,,,,New Zealand defeated Australia by 30 runs at Eden Park (Auckland).,ESPNcricinfo Statsguru / ICC Match Registry
25,ODI_001294,ODI # 1294,1998,1998,New Zealand v Zimbabwe ODI Series,Bilateral Series,ODI #1294,1998-03-04,Wednesday,New Zealand,Zimbabwe,New Zealand,Zimbabwe,New Zealand,bat,New Zealand,Zimbabwe,139/2 (28.2 ov),139,2,28.2 ov,138/10 (49.0 ov),138,10,49.0 ov,140,277,12,139/2 - 138/10,Zimbabwe,New Zealand,1 run,,,No,Normal,,New Zealand vs Zimbabwe,Lancaster Park,Christchurch,New Zealand,,,,Zimbabwe defeated New Zealand by 1 run at Lancaster Park (Christchurch).,ESPNcricinfo Statsguru / ICC Match Registry
26,ODI_001295,ODI # 1295,1998,1998,New Zealand v Zimbabwe ODI Series,Bilateral Series,ODI #1295,1998-03-06,Friday,New Zealand,Zimbabwe,New Zealand,Zimbabwe,New Zealand,bat,New Zealand,Zimbabwe,139/2 (28.2 ov),139,2,28.2 ov,138/10 (49.0 ov),138,10,49.0 ov,140,277,12,139/2 - 138/10,New Zealand,Zimbabwe,9 wickets,9,wickets,No,Normal,,New Zealand vs Zimbabwe,McLean Park,Napier,New Zealand,,,,New Zealand defeated Zimbabwe by 9 wickets at McLean Park (Napier).,ESPNcricinfo Statsguru / ICC Match Registry
27,ODI_001296,ODI # 1296,1998,1998,New Zealand v Zimbabwe ODI Series,Bilateral Series,ODI #1296,1998-03-08,Sunday,New Zealand,Zimbabwe,New Zealand,Zimbabwe,New Zealand,bat,New Zealand,Zimbabwe,139/2 (28.2 ov),139,2,28.2 ov,138/10 (49.0 ov),138,10,49.0 ov,140,277,12,139/2 - 138/10,New Zealand,Zimbabwe,2 runs,2,runs,No,Normal,,New Zealand vs Zimbabwe,Eden Park,Auckland,New Zealand,,,,New Zealand defeated Zimbabwe by 2 runs at Eden Park (Auckland).,ESPNcricinfo Statsguru / ICC Match Registry
28,ODI_001297,ODI # 1297,1998,1998,Zimbabwe v Pakistan ODI Series,Bilateral Series,ODI #1297,1998-03-28,Saturday,Zimbabwe,Pakistan,Zimbabwe,Pakistan,Pakistan,field,Zimbabwe,Pakistan,191/10 (37.2 ov),191,10,37.2 ov,211/10 (50.0 ov),211,10,50.0 ov,192,402,20,191/10 - 211/10,Pakistan,Zimbabwe,4 wickets,4,wickets,No,Normal,,Zimbabwe vs Pakistan,Harare Sports Club,Harare,Zimbabwe,,,,Pakistan defeated Zimbabwe by 4 wickets at Harare Sports Club (Harare).,ESPNcricinfo Statsguru / ICC Match Registry
29,ODI_001298,ODI # 1298,1998,1998,Zimbabwe v Pakistan ODI Series,Bilateral Series,ODI #1298,1998-03-29,Sunday,Zimbabwe,Pakistan,Zimbabwe,Pakistan,Pakistan,field,Zimbabwe,Pakistan,191/10 (37.2 ov),191,10,37.2 ov,211/10 (50.0 ov),211,10,50.0 ov,192,402,20,191/10 - 211/10,Pakistan,Zimbabwe,4 wickets,4,wickets,No,Normal,,Zimbabwe vs Pakistan,Harare Sports Club,Harare,Zimbabwe,,,,Pakistan defeated Zimbabwe by 4 wickets at Harare Sports Club (Harare).,ESPNcricinfo Statsguru / ICC Match Registry
30,ODI_001299,ODI # 1299,1998,1998,West Indies v England ODI Series,Bilateral Series,ODI #1299,1998-03-29,Sunday,West Indies,England,West Indies,England,West Indies,field,England,West Indies,149/10 (48.5 ov),149,10,48.5 ov,150/6 (37.4 ov),150,6,37.4 ov,150,299,16,149/10 - 150/6,England,West Indies,16 runs,16,runs,No,Normal,,West Indies vs England,Kensington Oval,Bridgetown,Barbados,,,,England defeated West Indies by 16 runs at Kensington Oval (Bridgetown).,ESPNcricinfo Statsguru / ICC Match Registry
31,ODI_001300,ODI # 1300,1998,1998,India v Australia ODI Series,Bilateral Series,ODI #1300,1998-04-01,Wednesday,India,Australia,India,Australia,India,bat,India,Australia,206/10 (44.0 ov),206,10,44.0 ov,222/9 (50.0 ov),222,9,50.0 ov,207,428,19,206/10 - 222/9,India,Australia,41 runs,41,runs,No,Normal,,India vs Australia,Jawaharlal Nehru Stadium,Kochi,India,,,,India defeated Australia by 41 runs at Jawaharlal Nehru Stadium (Kochi).,ESPNcricinfo Statsguru / ICC Match Registry
32,ODI_001301,ODI # 1301,1998,1998,West Indies v England ODI Series,Bilateral Series,ODI #1301,1998-04-01,Wednesday,West Indies,England,West Indies,England,West Indies,field,England,West Indies,149/10 (48.5 ov),149,10,48.5 ov,150/6 (37.4 ov),150,6,37.4 ov,150,299,16,149/10 - 150/6,West Indies,England,1 wicket,1,wickets,No,Normal,,West Indies vs England,Kensington Oval,Bridgetown,Barbados,,,,West Indies defeated England by 1 wicket at Kensington Oval (Bridgetown).,ESPNcricinfo Statsguru / ICC Match Registry
33,ODI_001302,ODI # 1302,1998,1998,Australia v Zimbabwe ODI Series,Bilateral Series,ODI #1302,1998-04-03,Friday,Australia,Zimbabwe,Australia,Zimbabwe,Australia,bat,Australia,Zimbabwe,252/7 (50.0 ov),252,7,50.0 ov,239/10 (49.5 ov),239,10,49.5 ov,253,491,17,252/7 - 239/10,Australia,Zimbabwe,13 runs,13,runs,No,Normal,,Australia vs Zimbabwe,Narendra Modi Stadium,Ahmedabad,India,,,,Australia defeated Zimbabwe by 13 runs at Narendra Modi Stadium (Ahmedabad).,ESPNcricinfo Statsguru / ICC Match Registry
34,ODI_001303,ODI # 1303,1998,1998,South Africa v Pakistan ODI Series,Bilateral Series,ODI #1303,1998-04-03,Friday,South Africa,Pakistan,South Africa,Pakistan,South Africa,bat,South Africa,Pakistan,115/1 (27.4 ov),115,1,27.4 ov,114/10 (37.1 ov),114,10,37.1 ov,116,229,11,115/1 - 114/10,South Africa,Pakistan,52 runs,52,runs,No,Normal,,South Africa vs Pakistan,Kingsmead,Durban,South Africa,,,,South Africa defeated Pakistan by 52 runs at Kingsmead (Durban).,ESPNcricinfo Statsguru / ICC Match Registry
35,ODI_001304,ODI # 1304,1998,1998,West Indies v England ODI Series,Bilateral Series,ODI #1304,1998-04-04,Saturday,West Indies,England,West Indies,England,West Indies,field,England,West Indies,149/10 (48.5 ov),149,10,48.5 ov,150/6 (37.4 ov),150,6,37.4 ov,150,299,16,149/10 - 150/6,West Indies,England,5 wickets,5,wickets,No,Normal,,West Indies vs England,Arnos Vale Ground,Kingstown,Saint Vincent and the Grenadines,,,,West Indies defeated England by 5 wickets at Arnos Vale Ground (Kingstown).,ESPNcricinfo Statsguru / ICC Match Registry
36,ODI_001305,ODI # 1305,1998,1998,India v Zimbabwe ODI Series,Bilateral Series,ODI #1305,1998-04-05,Sunday,India,Zimbabwe,India,Zimbabwe,Zimbabwe,field,India,Zimbabwe,192/10 (47.4 ov),192,10,47.4 ov,196/9 (50.0 ov),196,9,50.0 ov,193,388,19,192/10 - 196/9,India,Zimbabwe,13 runs,13,runs,No,Normal,,India vs Zimbabwe,IPCL Sports Complex Ground,Vadodara,India,,,,India defeated Zimbabwe by 13 runs at IPCL Sports Complex Ground (Vadodara).,ESPNcricinfo Statsguru / ICC Match Registry
37,ODI_001306,ODI # 1306,1998,1998,South Africa v Sri Lanka ODI Series,Bilateral Series,ODI #1306,1998-04-05,Sunday,South Africa,Sri Lanka,South Africa,Sri Lanka,South Africa,bat,South Africa,Sri Lanka,106/5 (26.3 ov),106,5,26.3 ov,105/10 (36.0 ov),105,10,36.0 ov,107,211,15,106/5 - 105/10,South Africa,Sri Lanka,57 runs,57,runs,No,Normal,,South Africa vs Sri Lanka,Wanderers Stadium,Johannesburg,South Africa,,,,South Africa defeated Sri Lanka by 57 runs at Wanderers Stadium (Johannesburg).,ESPNcricinfo Statsguru / ICC Match Registry
38,ODI_001307,ODI # 1307,1998,1998,West Indies v England ODI Series,Bilateral Series,ODI #1307,1998-04-05,Sunday,West Indies,England,West Indies,England,West Indies,field,England,West Indies,149/10 (48.5 ov),149,10,48.5 ov,150/6 (37.4 ov),150,6,37.4 ov,150,299,16,149/10 - 150/6,West Indies,England,4 wickets,4,wickets,No,Normal,,West Indies vs England,Arnos Vale Ground,Kingstown,Saint Vincent and the Grenadines,,,,West Indies defeated England by 4 wickets at Arnos Vale Ground (Kingstown).,ESPNcricinfo Statsguru / ICC Match Registry
39,ODI_001308,ODI # 1308,1998,1998,India v Australia ODI Series,Bilateral Series,ODI #1308,1998-04-07,Tuesday,India,Australia,India,Australia,India,bat,India,Australia,206/10 (44.0 ov),206,10,44.0 ov,222/9 (50.0 ov),222,9,50.0 ov,207,428,19,206/10 - 222/9,India,Australia,6 wickets,6,wickets,No,Normal,,India vs Australia,Green Park,Kanpur,India,,,,India defeated Australia by 6 wickets at Green Park (Kanpur).,ESPNcricinfo Statsguru / ICC Match Registry
40,ODI_001309,ODI # 1309,1998,1998,Pakistan v Sri Lanka ODI Series,Bilateral Series,ODI #1309,1998-04-07,Tuesday,Pakistan,Sri Lanka,Pakistan,Sri Lanka,Sri Lanka,bat,Sri Lanka,Pakistan,139/10 (34.2 ov),139,10,34.2 ov,173/10 (39.2 ov),173,10,39.2 ov,140,312,20,139/10 - 173/10,Pakistan,Sri Lanka,4 wickets,4,wickets,No,Normal,,Pakistan vs Sri Lanka,De Beers Diamond Oval,Kimberley,South Africa,,,,Pakistan defeated Sri Lanka by 4 wickets at De Beers Diamond Oval (Kimberley).,ESPNcricinfo Statsguru / ICC Match Registry
41,ODI_001310,ODI # 1310,1998,1998,West Indies v England ODI Series,Bilateral Series,ODI #1310,1998-04-08,Wednesday,West Indies,England,West Indies,England,West Indies,field,England,West Indies,149/10 (48.5 ov),149,10,48.5 ov,150/6 (37.4 ov),150,6,37.4 ov,150,299,16,149/10 - 150/6,West Indies,England,57 runs,57,runs,No,Normal,,West Indies vs England,Queen's Park Oval,Port of Spain,Trinidad and Tobago,,,,West Indies defeated England by 57 runs at Queen's Park Oval (Port of Spain).,ESPNcricinfo Statsguru / ICC Match Registry
42,ODI_001311,ODI # 1311,1998,1998,India v Zimbabwe ODI Series,Bilateral Series,ODI #1311,1998-04-09,Thursday,India,Zimbabwe,India,Zimbabwe,Zimbabwe,field,India,Zimbabwe,192/10 (47.4 ov),192,10,47.4 ov,196/9 (50.0 ov),196,9,50.0 ov,193,388,19,192/10 - 196/9,India,Zimbabwe,32 runs,32,runs,No,Normal,,India vs Zimbabwe,Barabati Stadium,Cuttack,India,,,,India defeated Zimbabwe by 32 runs at Barabati Stadium (Cuttack).,ESPNcricinfo Statsguru / ICC Match Registry
43,ODI_001312,ODI # 1312,1998,1998,Pakistan v Sri Lanka ODI Series,Bilateral Series,ODI #1312,1998-04-09,Thursday,Pakistan,Sri Lanka,Pakistan,Sri Lanka,Sri Lanka,bat,Sri Lanka,Pakistan,139/10 (34.2 ov),139,10,34.2 ov,173/10 (39.2 ov),173,10,39.2 ov,140,312,20,139/10 - 173/10,Pakistan,Sri Lanka,110 runs,110,runs,No,Normal,,Pakistan vs Sri Lanka,Boland Park,Paarl,South Africa,,,,Pakistan defeated Sri Lanka by 110 runs at Boland Park (Paarl).,ESPNcricinfo Statsguru / ICC Match Registry
44,ODI_001313,ODI # 1313,1998,1998,Australia v Zimbabwe ODI Series,Bilateral Series,ODI #1313,1998-04-11,Saturday,Australia,Zimbabwe,Australia,Zimbabwe,Australia,bat,Australia,Zimbabwe,252/7 (50.0 ov),252,7,50.0 ov,239/10 (49.5 ov),239,10,49.5 ov,253,491,17,252/7 - 239/10,Australia,Zimbabwe,16 runs,16,runs,No,Normal,,Australia vs Zimbabwe,Arun Jaitley Stadium,Delhi,India,,,,Australia defeated Zimbabwe by 16 runs at Arun Jaitley Stadium (Delhi).,ESPNcricinfo Statsguru / ICC Match Registry
45,ODI_001314,ODI # 1314,1998,1998,South Africa v Pakistan ODI Series,Bilateral Series,ODI #1314,1998-04-11,Saturday,South Africa,Pakistan,South Africa,Pakistan,South Africa,bat,South Africa,Pakistan,115/1 (27.4 ov),115,1,27.4 ov,114/10 (37.1 ov),114,10,37.1 ov,116,229,11,115/1 - 114/10,South Africa,Pakistan,3 wickets,3,wickets,No,Normal,,South Africa vs Pakistan,KuGumpo City,KuGumpo City,International,,,,South Africa defeated Pakistan by 3 wickets at KuGumpo City (KuGumpo City).,ESPNcricinfo Statsguru / ICC Match Registry
46,ODI_001315,ODI # 1315,1998,1998,South Africa v Sri Lanka ODI Series,Bilateral Series,ODI #1315,1998-04-13,Monday,South Africa,Sri Lanka,South Africa,Sri Lanka,South Africa,bat,South Africa,Sri Lanka,106/5 (26.3 ov),106,5,26.3 ov,105/10 (36.0 ov),105,10,36.0 ov,107,211,15,106/5 - 105/10,Sri Lanka,South Africa,6 wickets,6,wickets,No,Normal,,South Africa vs Sri Lanka,St George's Park,Gqeberha,South Africa,,,,Sri Lanka defeated South Africa by 6 wickets at St George's Park (Gqeberha).,ESPNcricinfo Statsguru / ICC Match Registry
47,ODI_001316,ODI # 1316,1998,1998,India v Australia ODI Series,Bilateral Series,ODI #1316,1998-04-14,Tuesday,India,Australia,India,Australia,India,bat,India,Australia,206/10 (44.0 ov),206,10,44.0 ov,222/9 (50.0 ov),222,9,50.0 ov,207,428,19,206/10 - 222/9,Australia,India,4 wickets,4,wickets,No,Normal,,India vs Australia,Arun Jaitley Stadium,Delhi,India,,,,Australia defeated India by 4 wickets at Arun Jaitley Stadium (Delhi).,ESPNcricinfo Statsguru / ICC Match Registry
48,ODI_001317,ODI # 1317,1998,1998,Pakistan v Sri Lanka ODI Series,Bilateral Series,ODI #1317,1998-04-15,Wednesday,Pakistan,Sri Lanka,Pakistan,Sri Lanka,Sri Lanka,bat,Sri Lanka,Pakistan,139/10 (34.2 ov),139,10,34.2 ov,173/10 (39.2 ov),173,10,39.2 ov,140,312,20,139/10 - 173/10,Sri Lanka,Pakistan,115 runs,115,runs,No,Normal,,Pakistan vs Sri Lanka,Willowmoore Park,Benoni,South Africa,,,,Sri Lanka defeated Pakistan by 115 runs at Willowmoore Park (Benoni).,ESPNcricinfo Statsguru / ICC Match Registry
49,ODI_001318,ODI # 1318,1998,1998,South Africa v Pakistan ODI Series,Bilateral Series,ODI #1318,1998-04-17,Friday,South Africa,Pakistan,South Africa,Pakistan,South Africa,bat,South Africa,Pakistan,115/1 (27.4 ov),115,1,27.4 ov,114/10 (37.1 ov),114,10,37.1 ov,116,229,11,115/1 - 114/10,South Africa,Pakistan,7 wickets,7,wickets,No,Normal,,South Africa vs Pakistan,SuperSport Park,Centurion,South Africa,,,,South Africa defeated Pakistan by 7 wickets at SuperSport Park (Centurion).,ESPNcricinfo Statsguru / ICC Match Registry
50,ODI_001319,ODI # 1319,1998,1998,Sharjah International Cup 1998,Multi-Nation Tournament,ODI #1319,1998-04-17,Friday,India,New Zealand,India,New Zealand,India,bat,India,New Zealand,DNB,0,0,0.0 ov,128/5 (31.1 ov),128,5,31.1 ov,0,128,5,0/0 - 128/5,India,New Zealand,15 runs,15,runs,No,Normal,,India vs New Zealand,Sharjah Cricket Stadium,Sharjah,United Arab Emirates,,,,India defeated New Zealand by 15 runs at Sharjah Cricket Stadium (Sharjah).,ESPNcricinfo Statsguru / ICC Match Registry
51,ODI_001320,ODI # 1320,1998,1998,Sharjah International Cup 1998,Multi-Nation Tournament,ODI #1320,1998-04-18,Saturday,Australia,New Zealand,Australia,New Zealand,Australia,bat,Australia,New Zealand,160/4 (36.5 ov),160,4,36.5 ov,119/10 (33.1 ov),119,10,33.1 ov,161,279,14,160/4 - 119/10,Australia,New Zealand,6 wickets,6,wickets,No,Normal,,Australia vs New Zealand,Sharjah Cricket Stadium,Sharjah,United Arab Emirates,,,,Australia defeated New Zealand by 6 wickets at Sharjah Cricket Stadium (Sharjah).,ESPNcricinfo Statsguru / ICC Match Registry
52,ODI_001321,ODI # 1321,1998,1998,South Africa v Sri Lanka ODI Series,Bilateral Series,ODI #1321,1998-04-19,Sunday,South Africa,Sri Lanka,South Africa,Sri Lanka,South Africa,bat,South Africa,Sri Lanka,106/5 (26.3 ov),106,5,26.3 ov,105/10 (36.0 ov),105,10,36.0 ov,107,211,15,106/5 - 105/10,South Africa,Sri Lanka,5 wickets,5,wickets,No,Normal,,South Africa vs Sri Lanka,Mangaung Oval,Bloemfontein,South Africa,,,,South Africa defeated Sri Lanka by 5 wickets at Mangaung Oval (Bloemfontein).,ESPNcricinfo Statsguru / ICC Match Registry
53,ODI_001322,ODI # 1322,1998,1998,Sharjah International Cup 1998,Multi-Nation Tournament,ODI #1322,1998-04-19,Sunday,Australia,India,Australia,India,India,bat,India,Australia,206/10 (44.0 ov),206,10,44.0 ov,222/9 (50.0 ov),222,9,50.0 ov,207,428,19,206/10 - 222/9,Australia,India,58 runs,58,runs,No,Normal,,Australia vs India,Sharjah Cricket Stadium,Sharjah,United Arab Emirates,,,,Australia defeated India by 58 runs at Sharjah Cricket Stadium (Sharjah).,ESPNcricinfo Statsguru / ICC Match Registry
54,ODI_001323,ODI # 1323,1998,1998,Sharjah International Cup 1998,Multi-Nation Tournament,ODI #1323,1998-04-20,Monday,India,New Zealand,India,New Zealand,India,bat,India,New Zealand,DNB,0,0,0.0 ov,128/5 (31.1 ov),128,5,31.1 ov,0,128,5,0/0 - 128/5,New Zealand,India,4 wickets,4,wickets,No,Normal,,India vs New Zealand,Sharjah Cricket Stadium,Sharjah,United Arab Emirates,,,,New Zealand defeated India by 4 wickets at Sharjah Cricket Stadium (Sharjah).,ESPNcricinfo Statsguru / ICC Match Registry
55,ODI_001324,ODI # 1324,1998,1998,Sharjah International Cup 1998,Multi-Nation Tournament,ODI #1324,1998-04-21,Tuesday,Australia,New Zealand,Australia,New Zealand,Australia,bat,Australia,New Zealand,160/4 (36.5 ov),160,4,36.5 ov,119/10 (33.1 ov),119,10,33.1 ov,161,279,14,160/4 - 119/10,Australia,New Zealand,5 wickets,5,wickets,No,Normal,,Australia vs New Zealand,Sharjah Cricket Stadium,Sharjah,United Arab Emirates,,,,Australia defeated New Zealand by 5 wickets at Sharjah Cricket Stadium (Sharjah).,ESPNcricinfo Statsguru / ICC Match Registry
56,ODI_001325,ODI # 1325,1998,1998,Sharjah International Cup 1998,Multi-Nation Tournament,ODI #1325,1998-04-22,Wednesday,Australia,India,Australia,India,India,bat,India,Australia,206/10 (44.0 ov),206,10,44.0 ov,222/9 (50.0 ov),222,9,50.0 ov,207,428,19,206/10 - 222/9,Australia,India,26 runs,26,runs,No,Normal,,Australia vs India,Sharjah Cricket Stadium,Sharjah,United Arab Emirates,,,,Australia defeated India by 26 runs at Sharjah Cricket Stadium (Sharjah).,ESPNcricinfo Statsguru / ICC Match Registry
57,ODI_001326,ODI # 1326,1998,1998,South Africa v Pakistan ODI Series,Bilateral Series,ODI #1326,1998-04-23,Thursday,South Africa,Pakistan,South Africa,Pakistan,South Africa,bat,South Africa,Pakistan,115/1 (27.4 ov),115,1,27.4 ov,114/10 (37.1 ov),114,10,37.1 ov,116,229,11,115/1 - 114/10,South Africa,Pakistan,9 wickets,9,wickets,No,Normal,,South Africa vs Pakistan,Newlands,Cape Town,South Africa,,,,South Africa defeated Pakistan by 9 wickets at Newlands (Cape Town).,ESPNcricinfo Statsguru / ICC Match Registry
58,ODI_001327,ODI # 1327,1998,1998,Sharjah International Cup 1998,Multi-Nation Tournament,ODI #1327,1998-04-24,Friday,Australia,India,Australia,India,India,bat,India,Australia,206/10 (44.0 ov),206,10,44.0 ov,222/9 (50.0 ov),222,9,50.0 ov,207,428,19,206/10 - 222/9,India,Australia,6 wickets,6,wickets,No,Normal,,Australia vs India,Sharjah Cricket Stadium,Sharjah,United Arab Emirates,,,,India defeated Australia by 6 wickets at Sharjah Cricket Stadium (Sharjah).,ESPNcricinfo Statsguru / ICC Match Registry
59,ODI_001328,ODI # 1328,1998,1998,India v Bangladesh ODI Series,Bilateral Series,ODI #1328,1998-05-14,Thursday,India,Bangladesh,India,Bangladesh,India,field,Bangladesh,India,115/10 (36.3 ov),115,10,36.3 ov,116/5 (29.2 ov),116,5,29.2 ov,116,231,15,115/10 - 116/5,India,Bangladesh,5 wickets,5,wickets,No,Normal,,India vs Bangladesh,Punjab Cricket Association IS Bindra Stadium,Mohali,India,,,,India defeated Bangladesh by 5 wickets at Punjab Cricket Association IS Bindra Stadium (Mohali).,ESPNcricinfo Statsguru / ICC Match Registry
60,ODI_001329,ODI # 1329,1998,1998,Bangladesh v Kenya ODI Series,Bilateral Series,ODI #1329,1998-05-17,Sunday,Bangladesh,Kenya,Bangladesh,Kenya,Kenya,bat,Kenya,Bangladesh,226/8 (50.0 ov),226,8,50.0 ov,198/10 (46.2 ov),198,10,46.2 ov,227,424,18,226/8 - 198/10,Bangladesh,Kenya,6 wickets,6,wickets,No,Normal,,Bangladesh vs Kenya,Rajiv Gandhi International Cricket Stadium,Hyderabad,India,,,,Bangladesh defeated Kenya by 6 wickets at Rajiv Gandhi International Cricket Stadium (Hyderabad).,ESPNcricinfo Statsguru / ICC Match Registry
61,ODI_001330,ODI # 1330,1998,1998,India v Kenya ODI Series,Bilateral Series,ODI #1330,1998-05-20,Wednesday,India,Kenya,India,Kenya,India,field,Kenya,India,196/10 (46.3 ov),196,10,46.3 ov,196/10 (47.1 ov),196,10,47.1 ov,197,392,20,196/10 - 196/10,India,Kenya,4 wickets,4,wickets,No,Normal,,India vs Kenya,M. Chinnaswamy Stadium,Bengaluru,India,,,,India defeated Kenya by 4 wickets at M. Chinnaswamy Stadium (Bengaluru).,ESPNcricinfo Statsguru / ICC Match Registry
62,ODI_001331,ODI # 1331,1998,1998,Texaco Trophy,Bilateral Series,ODI #1331,1998-05-21,Thursday,England,South Africa,England,South Africa,South Africa,field,England,South Africa,194/10 (46.4 ov),194,10,46.4 ov,205/8 (50.0 ov),205,8,50.0 ov,195,399,18,194/10 - 205/8,South Africa,England,3 wickets,3,wickets,No,Normal,,England vs South Africa,Kennington Oval,London,England,,,,South Africa defeated England by 3 wickets at Kennington Oval (London).,ESPNcricinfo Statsguru / ICC Match Registry
63,ODI_001333,ODI # 1333,1998,1998,Bangladesh v Kenya ODI Series,Bilateral Series,ODI #1333,1998-05-23,Saturday,Bangladesh,Kenya,Bangladesh,Kenya,Kenya,bat,Kenya,Bangladesh,226/8 (50.0 ov),226,8,50.0 ov,198/10 (46.2 ov),198,10,46.2 ov,227,424,18,226/8 - 198/10,Kenya,Bangladesh,28 runs,28,runs,No,Normal,,Bangladesh vs Kenya,M. A. Chidambaram Stadium,Chennai,India,,,,Kenya defeated Bangladesh by 28 runs at M. A. Chidambaram Stadium (Chennai).,ESPNcricinfo Statsguru / ICC Match Registry
64,ODI_001332,ODI # 1332,1998,1998,Texaco Trophy,Bilateral Series,ODI #1332,1998-05-23,Saturday,England,South Africa,England,South Africa,South Africa,field,England,South Africa,194/10 (46.4 ov),194,10,46.4 ov,205/8 (50.0 ov),205,8,50.0 ov,195,399,18,194/10 - 205/8,South Africa,England,32 runs,32,runs,No,Normal,,England vs South Africa,Old Trafford Cricket Ground,Manchester,England,,,,South Africa defeated England by 32 runs at Old Trafford Cricket Ground (Manchester).,ESPNcricinfo Statsguru / ICC Match Registry
65,ODI_001334,ODI # 1334,1998,1998,Texaco Trophy,Bilateral Series,ODI #1334,1998-05-24,Sunday,England,South Africa,England,South Africa,South Africa,field,England,South Africa,194/10 (46.4 ov),194,10,46.4 ov,205/8 (50.0 ov),205,8,50.0 ov,195,399,18,194/10 - 205/8,England,South Africa,7 wickets,7,wickets,No,Normal,,England vs South Africa,Headingley Cricket Ground,Leeds,England,,,,England defeated South Africa by 7 wickets at Headingley Cricket Ground (Leeds).,ESPNcricinfo Statsguru / ICC Match Registry
66,ODI_001335,ODI # 1335,1998,1998,India v Bangladesh ODI Series,Bilateral Series,ODI #1335,1998-05-25,Monday,India,Bangladesh,India,Bangladesh,India,field,Bangladesh,India,115/10 (36.3 ov),115,10,36.3 ov,116/5 (29.2 ov),116,5,29.2 ov,116,231,15,115/10 - 116/5,India,Bangladesh,5 wickets,5,wickets,No,Normal,,India vs Bangladesh,Wankhede,Wankhede,International,,,,India defeated Bangladesh by 5 wickets at Wankhede (Wankhede).,ESPNcricinfo Statsguru / ICC Match Registry
67,ODI_001336,ODI # 1336,1998,1998,India v Kenya ODI Series,Bilateral Series,ODI #1336,1998-05-28,Thursday,India,Kenya,India,Kenya,India,field,Kenya,India,196/10 (46.3 ov),196,10,46.3 ov,196/10 (47.1 ov),196,10,47.1 ov,197,392,20,196/10 - 196/10,Kenya,India,69 runs,69,runs,No,Normal,,India vs Kenya,Captain Roop Singh Stadium,Gwalior,India,,,,Kenya defeated India by 69 runs at Captain Roop Singh Stadium (Gwalior).,ESPNcricinfo Statsguru / ICC Match Registry
68,ODI_001337,ODI # 1337,1998,1998,India v Kenya ODI Series,Bilateral Series,ODI #1337,1998-05-31,Sunday,India,Kenya,India,Kenya,India,field,Kenya,India,196/10 (46.3 ov),196,10,46.3 ov,196/10 (47.1 ov),196,10,47.1 ov,197,392,20,196/10 - 196/10,India,Kenya,9 wickets,9,wickets,No,Normal,,India vs Kenya,Eden Gardens,Kolkata,India,,,,India defeated Kenya by 9 wickets at Eden Gardens (Kolkata).,ESPNcricinfo Statsguru / ICC Match Registry
69,ODI_001338,ODI # 1338,1998,1998,Sri Lanka v India ODI Series,Bilateral Series,ODI #1338,1998-06-19,Friday,Sri Lanka,India,Sri Lanka,India,Sri Lanka,bat,Sri Lanka,India,98/10 (39.0 ov),98,10,39.0 ov,163/10 (35.4 ov),163,10,35.4 ov,99,261,20,98/10 - 163/10,India,Sri Lanka,8 wickets,8,wickets,No,Normal,,Sri Lanka vs India,R. Premadasa Stadium,Colombo,Sri Lanka,,,,India defeated Sri Lanka by 8 wickets at R. Premadasa Stadium (Colombo).,ESPNcricinfo Statsguru / ICC Match Registry
70,ODI_001339,ODI # 1339,1998,1998,Sri Lanka v New Zealand ODI Series,Bilateral Series,ODI #1339,1998-06-21,Sunday,Sri Lanka,New Zealand,Sri Lanka,New Zealand,New Zealand,bat,New Zealand,Sri Lanka,188/10 (49.5 ov),188,10,49.5 ov,191/5 (41.3 ov),191,5,41.3 ov,189,379,15,188/10 - 191/5,Sri Lanka,New Zealand,7 wickets,7,wickets,No,Normal,,Sri Lanka vs New Zealand,R. Premadasa Stadium,Colombo,Sri Lanka,,,,Sri Lanka defeated New Zealand by 7 wickets at R. Premadasa Stadium (Colombo).,ESPNcricinfo Statsguru / ICC Match Registry
71,ODI_001340,ODI # 1340,1998,1998,India v New Zealand ODI Series,Bilateral Series,ODI #1340,1998-06-23,Tuesday,India,New Zealand,India,New Zealand,India,bat,India,New Zealand,DNB,0,0,0.0 ov,128/5 (31.1 ov),128,5,31.1 ov,0,128,5,0/0 - 128/5,No Result,,No Result,,no_result,No,Normal,,India vs New Zealand,R. Premadasa Stadium,Colombo,Sri Lanka,,,,India v New Zealand ended in a No Result at R. Premadasa Stadium (Colombo).,ESPNcricinfo Statsguru / ICC Match Registry
72,ODI_001341,ODI # 1341,1998,1998,Sri Lanka v India ODI Series,Bilateral Series,ODI #1341,1998-07-01,Wednesday,Sri Lanka,India,Sri Lanka,India,Sri Lanka,bat,Sri Lanka,India,98/10 (39.0 ov),98,10,39.0 ov,163/10 (35.4 ov),163,10,35.4 ov,99,261,20,98/10 - 163/10,Sri Lanka,India,8 runs,8,runs,No,Normal,,Sri Lanka vs India,Sinhalese Sports Club Ground,Colombo,Sri Lanka,,,,Sri Lanka defeated India by 8 runs at Sinhalese Sports Club Ground (Colombo).,ESPNcricinfo Statsguru / ICC Match Registry
73,ODI_001342,ODI # 1342,1998,1998,India v New Zealand ODI Series,Bilateral Series,ODI #1342,1998-07-03,Friday,India,New Zealand,India,New Zealand,India,bat,India,New Zealand,DNB,0,0,0.0 ov,128/5 (31.1 ov),128,5,31.1 ov,0,128,5,0/0 - 128/5,No Result,,No Result,,no_result,No,Normal,,India vs New Zealand,Sinhalese Sports Club Ground,Colombo,Sri Lanka,,,,India v New Zealand ended in a No Result at Sinhalese Sports Club Ground (Colombo).,ESPNcricinfo Statsguru / ICC Match Registry
74,ODI_001343,ODI # 1343,1998,1998,Sri Lanka v New Zealand ODI Series,Bilateral Series,ODI #1343,1998-07-05,Sunday,Sri Lanka,New Zealand,Sri Lanka,New Zealand,New Zealand,bat,New Zealand,Sri Lanka,188/10 (49.5 ov),188,10,49.5 ov,191/5 (41.3 ov),191,5,41.3 ov,189,379,15,188/10 - 191/5,Sri Lanka,New Zealand,87 runs,87,runs,No,Normal,,Sri Lanka vs New Zealand,Sinhalese Sports Club Ground,Colombo,Sri Lanka,,,,Sri Lanka defeated New Zealand by 87 runs at Sinhalese Sports Club Ground (Colombo).,ESPNcricinfo Statsguru / ICC Match Registry
75,ODI_001344,ODI # 1344,1998,1998,Sri Lanka v India ODI Series,Bilateral Series,ODI #1344,1998-07-07,Tuesday,Sri Lanka,India,Sri Lanka,India,Sri Lanka,bat,Sri Lanka,India,98/10 (39.0 ov),98,10,39.0 ov,163/10 (35.4 ov),163,10,35.4 ov,99,261,20,98/10 - 163/10,India,Sri Lanka,6 runs,6,runs,No,Normal,,Sri Lanka vs India,R. Premadasa Stadium,Colombo,Sri Lanka,,,,India defeated Sri Lanka by 6 runs at R. Premadasa Stadium (Colombo).,ESPNcricinfo Statsguru / ICC Match Registry
76,ODI_001345,ODI # 1345,1998,1998,Texaco Trophy,Bilateral Series,ODI #1345,1998-08-14,Friday,South Africa,Sri Lanka,South Africa,Sri Lanka,South Africa,bat,South Africa,Sri Lanka,106/5 (26.3 ov),106,5,26.3 ov,105/10 (36.0 ov),105,10,36.0 ov,107,211,15,106/5 - 105/10,Sri Lanka,South Africa,57 runs,57,runs,No,Normal,,South Africa vs Sri Lanka,Trent Bridge,Nottingham,England,,,,Sri Lanka defeated South Africa by 57 runs at Trent Bridge (Nottingham).,ESPNcricinfo Statsguru / ICC Match Registry
77,ODI_001346,ODI # 1346,1998,1998,Texaco Trophy,Bilateral Series,ODI #1346,1998-08-16,Sunday,England,Sri Lanka,England,Sri Lanka,Sri Lanka,field,England,Sri Lanka,247/10 (49.3 ov),247,10,49.3 ov,211/10 (49.3 ov),211,10,49.3 ov,248,458,20,247/10 - 211/10,England,Sri Lanka,36 runs,36,runs,No,Normal,,England vs Sri Lanka,Lord's Cricket Ground,London,England,,,,England defeated Sri Lanka by 36 runs at Lord's Cricket Ground (London).,ESPNcricinfo Statsguru / ICC Match Registry
78,ODI_001347,ODI # 1347,1998,1998,Texaco Trophy,Bilateral Series,ODI #1347,1998-08-18,Tuesday,England,South Africa,England,South Africa,South Africa,field,England,South Africa,194/10 (46.4 ov),194,10,46.4 ov,205/8 (50.0 ov),205,8,50.0 ov,195,399,18,194/10 - 205/8,South Africa,England,14 runs,14,runs,No,Normal,,England vs South Africa,Edgbaston Cricket Ground,Birmingham,England,,,,South Africa defeated England by 14 runs at Edgbaston Cricket Ground (Birmingham).,ESPNcricinfo Statsguru / ICC Match Registry
79,ODI_001348,ODI # 1348,1998,1998,Texaco Trophy,Bilateral Series,ODI #1348,1998-08-20,Thursday,England,Sri Lanka,England,Sri Lanka,Sri Lanka,field,England,Sri Lanka,247/10 (49.3 ov),247,10,49.3 ov,211/10 (49.3 ov),211,10,49.3 ov,248,458,20,247/10 - 211/10,Sri Lanka,England,5 wickets,5,wickets,No,Normal,,England vs Sri Lanka,Lord's Cricket Ground,London,England,,,,Sri Lanka defeated England by 5 wickets at Lord's Cricket Ground (London).,ESPNcricinfo Statsguru / ICC Match Registry
80,ODI_001349,ODI # 1349,1998,1998,India v Pakistan ODI Series,Bilateral Series,ODI #1349,1998-09-12,Saturday,India,Pakistan,India,Pakistan,Pakistan,field,India,Pakistan,180/10 (46.2 ov),180,10,46.2 ov,189/9 (50.0 ov),189,9,50.0 ov,181,369,19,180/10 - 189/9,India,Pakistan,6 wickets,6,wickets,No,Normal,,India vs Pakistan,"Toronto Cricket, Skating and Curling Club",Toronto,Canada,,,,"India defeated Pakistan by 6 wickets at Toronto Cricket, Skating and Curling Club (Toronto).",ESPNcricinfo Statsguru / ICC Match Registry
81,ODI_001350,ODI # 1350,1998,1998,India v Pakistan ODI Series,Bilateral Series,ODI #1350,1998-09-13,Sunday,India,Pakistan,India,Pakistan,Pakistan,field,India,Pakistan,180/10 (46.2 ov),180,10,46.2 ov,189/9 (50.0 ov),189,9,50.0 ov,181,369,19,180/10 - 189/9,Pakistan,India,51 runs,51,runs,No,Normal,,India vs Pakistan,"Toronto Cricket, Skating and Curling Club",Toronto,Canada,,,,"Pakistan defeated India by 51 runs at Toronto Cricket, Skating and Curling Club (Toronto).",ESPNcricinfo Statsguru / ICC Match Registry
82,ODI_001351,ODI # 1351,1998,1998,India v Pakistan ODI Series,Bilateral Series,ODI #1351,1998-09-16,Wednesday,India,Pakistan,India,Pakistan,Pakistan,field,India,Pakistan,180/10 (46.2 ov),180,10,46.2 ov,189/9 (50.0 ov),189,9,50.0 ov,181,369,19,180/10 - 189/9,Pakistan,India,77 runs,77,runs,No,Normal,,India vs Pakistan,"Toronto Cricket, Skating and Curling Club",Toronto,Canada,,,,"Pakistan defeated India by 77 runs at Toronto Cricket, Skating and Curling Club (Toronto).",ESPNcricinfo Statsguru / ICC Match Registry
83,ODI_001352,ODI # 1352,1998,1998,India v Pakistan ODI Series,Bilateral Series,ODI #1352,1998-09-19,Saturday,India,Pakistan,India,Pakistan,Pakistan,field,India,Pakistan,180/10 (46.2 ov),180,10,46.2 ov,189/9 (50.0 ov),189,9,50.0 ov,181,369,19,180/10 - 189/9,Pakistan,India,134 runs,134,runs,No,Normal,,India vs Pakistan,"Toronto Cricket, Skating and Curling Club",Toronto,Canada,,,,"Pakistan defeated India by 134 runs at Toronto Cricket, Skating and Curling Club (Toronto).",ESPNcricinfo Statsguru / ICC Match Registry
84,ODI_001353,ODI # 1353,1998,1998,India v Pakistan ODI Series,Bilateral Series,ODI #1353,1998-09-20,Sunday,India,Pakistan,India,Pakistan,Pakistan,field,India,Pakistan,180/10 (46.2 ov),180,10,46.2 ov,189/9 (50.0 ov),189,9,50.0 ov,181,369,19,180/10 - 189/9,Pakistan,India,5 wickets,5,wickets,No,Normal,,India vs Pakistan,"Toronto Cricket, Skating and Curling Club",Toronto,Canada,,,,"Pakistan defeated India by 5 wickets at Toronto Cricket, Skating and Curling Club (Toronto).",ESPNcricinfo Statsguru / ICC Match Registry
85,ODI_001354,ODI # 1354,1998,1998,Zimbabwe v India ODI Series,Bilateral Series,ODI #1354,1998-09-26,Saturday,Zimbabwe,India,Zimbabwe,India,Zimbabwe,field,India,Zimbabwe,192/10 (47.4 ov),192,10,47.4 ov,196/9 (50.0 ov),196,9,50.0 ov,193,388,19,192/10 - 196/9,India,Zimbabwe,8 wickets,8,wickets,No,Normal,,Zimbabwe vs India,Queens Sports Club,Bulawayo,Zimbabwe,,,,India defeated Zimbabwe by 8 wickets at Queens Sports Club (Bulawayo).,ESPNcricinfo Statsguru / ICC Match Registry
86,ODI_001355,ODI # 1355,1998,1998,Zimbabwe v India ODI Series,Bilateral Series,ODI #1355,1998-09-27,Sunday,Zimbabwe,India,Zimbabwe,India,Zimbabwe,field,India,Zimbabwe,192/10 (47.4 ov),192,10,47.4 ov,196/9 (50.0 ov),196,9,50.0 ov,193,388,19,192/10 - 196/9,India,Zimbabwe,8 wickets,8,wickets,No,Normal,,Zimbabwe vs India,Queens Sports Club,Bulawayo,Zimbabwe,,,,India defeated Zimbabwe by 8 wickets at Queens Sports Club (Bulawayo).,ESPNcricinfo Statsguru / ICC Match Registry
87,ODI_001356,ODI # 1356,1998,1998,Zimbabwe v India ODI Series,Bilateral Series,ODI #1356,1998-09-30,Wednesday,Zimbabwe,India,Zimbabwe,India,Zimbabwe,field,India,Zimbabwe,192/10 (47.4 ov),192,10,47.4 ov,196/9 (50.0 ov),196,9,50.0 ov,193,388,19,192/10 - 196/9,Zimbabwe,India,37 runs,37,runs,No,Normal,,Zimbabwe vs India,Harare Sports Club,Harare,Zimbabwe,,,,Zimbabwe defeated India by 37 runs at Harare Sports Club (Harare).,ESPNcricinfo Statsguru / ICC Match Registry
88,ODI_001357,ODI # 1357,1998,1998,New Zealand v Zimbabwe ODI Series,Bilateral Series,ODI #1357,1998-10-24,Saturday,New Zealand,Zimbabwe,New Zealand,Zimbabwe,New Zealand,bat,New Zealand,Zimbabwe,139/2 (28.2 ov),139,2,28.2 ov,138/10 (49.0 ov),138,10,49.0 ov,140,277,12,139/2 - 138/10,New Zealand,Zimbabwe,5 wickets,5,wickets,No,Normal,,New Zealand vs Zimbabwe,Sher-e-Bangla National Cricket Stadium,Dhaka,Bangladesh,,,,New Zealand defeated Zimbabwe by 5 wickets at Sher-e-Bangla National Cricket Stadium (Dhaka).,ESPNcricinfo Statsguru / ICC Match Registry
89,ODI_001358,ODI # 1358,1998,1998,England v South Africa ODI Series,Bilateral Series,ODI #1358,1998-10-25,Sunday,England,South Africa,England,South Africa,South Africa,field,England,South Africa,194/10 (46.4 ov),194,10,46.4 ov,205/8 (50.0 ov),205,8,50.0 ov,195,399,18,194/10 - 205/8,South Africa,England,6 wickets,6,wickets,No,Normal,,England vs South Africa,Sher-e-Bangla National Cricket Stadium,Dhaka,Bangladesh,,,,South Africa defeated England by 6 wickets at Sher-e-Bangla National Cricket Stadium (Dhaka).,ESPNcricinfo Statsguru / ICC Match Registry
90,ODI_001359,ODI # 1359,1998,1998,New Zealand v Sri Lanka ODI Series,Bilateral Series,ODI #1359,1998-10-26,Monday,New Zealand,Sri Lanka,New Zealand,Sri Lanka,New Zealand,bat,New Zealand,Sri Lanka,188/10 (49.5 ov),188,10,49.5 ov,191/5 (41.3 ov),191,5,41.3 ov,189,379,15,188/10 - 191/5,Sri Lanka,New Zealand,5 wickets,5,wickets,No,Normal,,New Zealand vs Sri Lanka,Sher-e-Bangla National Cricket Stadium,Dhaka,Bangladesh,,,,Sri Lanka defeated New Zealand by 5 wickets at Sher-e-Bangla National Cricket Stadium (Dhaka).,ESPNcricinfo Statsguru / ICC Match Registry
91,ODI_001360,ODI # 1360,1998,1998,Australia v India ODI Series,Bilateral Series,ODI #1360,1998-10-28,Wednesday,Australia,India,Australia,India,India,bat,India,Australia,206/10 (44.0 ov),206,10,44.0 ov,222/9 (50.0 ov),222,9,50.0 ov,207,428,19,206/10 - 222/9,India,Australia,44 runs,44,runs,No,Normal,,Australia vs India,Sher-e-Bangla National Cricket Stadium,Dhaka,Bangladesh,,,,India defeated Australia by 44 runs at Sher-e-Bangla National Cricket Stadium (Dhaka).,ESPNcricinfo Statsguru / ICC Match Registry
92,ODI_001361,ODI # 1361,1998,1998,Pakistan v West Indies ODI Series,Bilateral Series,ODI #1361,1998-10-29,Thursday,Pakistan,West Indies,Pakistan,West Indies,West Indies,bat,West Indies,Pakistan,289/9 (50.0 ov),289,9,50.0 ov,259/9 (50.0 ov),259,9,50.0 ov,290,548,18,289/9 - 259/9,West Indies,Pakistan,30 runs,30,runs,No,Normal,,Pakistan vs West Indies,Sher-e-Bangla National Cricket Stadium,Dhaka,Bangladesh,,,,West Indies defeated Pakistan by 30 runs at Sher-e-Bangla National Cricket Stadium (Dhaka).,ESPNcricinfo Statsguru / ICC Match Registry
93,ODI_001362,ODI # 1362,1998,1998,South Africa v Sri Lanka ODI Series,Bilateral Series,ODI #1362,1998-10-30,Friday,South Africa,Sri Lanka,South Africa,Sri Lanka,South Africa,bat,South Africa,Sri Lanka,106/5 (26.3 ov),106,5,26.3 ov,105/10 (36.0 ov),105,10,36.0 ov,107,211,15,106/5 - 105/10,South Africa,Sri Lanka,92 runs,92,runs,No,Normal,,South Africa vs Sri Lanka,Sher-e-Bangla National Cricket Stadium,Dhaka,Bangladesh,,,,South Africa defeated Sri Lanka by 92 runs at Sher-e-Bangla National Cricket Stadium (Dhaka).,ESPNcricinfo Statsguru / ICC Match Registry
94,ODI_001363,ODI # 1363,1998,1998,India v West Indies ODI Series,Bilateral Series,ODI #1363,1998-10-31,Saturday,India,West Indies,India,West Indies,India,bat,India,West Indies,242/6 (50.0 ov),242,6,50.0 ov,245/4 (47.0 ov),245,4,47.0 ov,243,487,10,242/6 - 245/4,West Indies,India,6 wickets,6,wickets,No,Normal,,India vs West Indies,Sher-e-Bangla National Cricket Stadium,Dhaka,Bangladesh,,,,West Indies defeated India by 6 wickets at Sher-e-Bangla National Cricket Stadium (Dhaka).,ESPNcricinfo Statsguru / ICC Match Registry
95,ODI_001364,ODI # 1364,1998,1998,South Africa v West Indies ODI Series,Bilateral Series,ODI #1364,1998-11-01,Sunday,South Africa,West Indies,South Africa,West Indies,South Africa,field,West Indies,South Africa,245/10 (49.3 ov),245,10,49.3 ov,248/6 (47.0 ov),248,6,47.0 ov,246,493,16,245/10 - 248/6,South Africa,West Indies,4 wickets,4,wickets,No,Normal,,South Africa vs West Indies,Sher-e-Bangla National Cricket Stadium,Dhaka,Bangladesh,,,,South Africa defeated West Indies by 4 wickets at Sher-e-Bangla National Cricket Stadium (Dhaka).,ESPNcricinfo Statsguru / ICC Match Registry
96,ODI_001365,ODI # 1365,1998,1998,Pakistan v Australia ODI Series,Bilateral Series,ODI #1365,1998-11-06,Friday,Pakistan,Australia,Pakistan,Australia,Pakistan,field,Australia,Pakistan,220/5 (48.1 ov),220,5,48.1 ov,217/7 (50.0 ov),217,7,50.0 ov,221,437,12,220/5 - 217/7,Australia,Pakistan,86 runs,86,runs,No,Normal,,Pakistan vs Australia,National Stadium,Karachi,Pakistan,,,,Australia defeated Pakistan by 86 runs at National Stadium (Karachi).,ESPNcricinfo Statsguru / ICC Match Registry
97,ODI_001366,ODI # 1366,1998,1998,Sharjah International Cup 1998,Multi-Nation Tournament,ODI #1366,1998-11-06,Friday,India,Sri Lanka,India,Sri Lanka,Sri Lanka,bat,Sri Lanka,India,98/10 (39.0 ov),98,10,39.0 ov,163/10 (35.4 ov),163,10,35.4 ov,99,261,20,98/10 - 163/10,India,Sri Lanka,3 wickets,3,wickets,No,Normal,,India vs Sri Lanka,Sharjah Cricket Stadium,Sharjah,United Arab Emirates,,,,India defeated Sri Lanka by 3 wickets at Sharjah Cricket Stadium (Sharjah).,ESPNcricinfo Statsguru / ICC Match Registry
98,ODI_001367,ODI # 1367,1998,1998,Sharjah International Cup 1998,Multi-Nation Tournament,ODI #1367,1998-11-07,Saturday,Sri Lanka,Zimbabwe,Sri Lanka,Zimbabwe,Sri Lanka,field,Zimbabwe,Sri Lanka,197/3 (46.1 ov),197,3,46.1 ov,196/10 (49.4 ov),196,10,49.4 ov,198,393,13,197/3 - 196/10,Zimbabwe,Sri Lanka,7 wickets,7,wickets,No,Normal,,Sri Lanka vs Zimbabwe,Sharjah Cricket Stadium,Sharjah,United Arab Emirates,,,,Zimbabwe defeated Sri Lanka by 7 wickets at Sharjah Cricket Stadium (Sharjah).,ESPNcricinfo Statsguru / ICC Match Registry
99,ODI_001368,ODI # 1368,1998,1998,Pakistan v Australia ODI Series,Bilateral Series,ODI #1368,1998-11-08,Sunday,Pakistan,Australia,Pakistan,Australia,Pakistan,field,Australia,Pakistan,220/5 (48.1 ov),220,5,48.1 ov,217/7 (50.0 ov),217,7,50.0 ov,221,437,12,220/5 - 217/7,Australia,Pakistan,5 wickets,5,wickets,No,Normal,,Pakistan vs Australia,Arbab Niaz Stadium,Peshawar,Pakistan,,,,Australia defeated Pakistan by 5 wickets at Arbab Niaz Stadium (Peshawar).,ESPNcricinfo Statsguru / ICC Match Registry
100,ODI_001369,ODI # 1369,1998,1998,Sharjah International Cup 1998,Multi-Nation Tournament,ODI #1369,1998-11-08,Sunday,India,Zimbabwe,India,Zimbabwe,Zimbabwe,field,India,Zimbabwe,192/10 (47.4 ov),192,10,47.4 ov,196/9 (50.0 ov),196,9,50.0 ov,193,388,19,192/10 - 196/9,India,Zimbabwe,7 wickets,7,wickets,No,Normal,,India vs Zimbabwe,Sharjah Cricket Stadium,Sharjah,United Arab Emirates,,,,India defeated Zimbabwe by 7 wickets at Sharjah Cricket Stadium (Sharjah).,ESPNcricinfo Statsguru / ICC Match Registry
101,ODI_001370,ODI # 1370,1998,1998,Sharjah International Cup 1998,Multi-Nation Tournament,ODI #1370,1998-11-09,Monday,India,Sri Lanka,India,Sri Lanka,Sri Lanka,bat,Sri Lanka,India,98/10 (39.0 ov),98,10,39.0 ov,163/10 (35.4 ov),163,10,35.4 ov,99,261,20,98/10 - 163/10,India,Sri Lanka,81 runs,81,runs,No,Normal,,India vs Sri Lanka,Sharjah Cricket Stadium,Sharjah,United Arab Emirates,,,,India defeated Sri Lanka by 81 runs at Sharjah Cricket Stadium (Sharjah).,ESPNcricinfo Statsguru / ICC Match Registry
102,ODI_001371,ODI # 1371,1998,1998,Pakistan v Australia ODI Series,Bilateral Series,ODI #1371,1998-11-10,Tuesday,Pakistan,Australia,Pakistan,Australia,Pakistan,field,Australia,Pakistan,220/5 (48.1 ov),220,5,48.1 ov,217/7 (50.0 ov),217,7,50.0 ov,221,437,12,220/5 - 217/7,Australia,Pakistan,6 wickets,6,wickets,No,Normal,,Pakistan vs Australia,Gaddafi Stadium,Lahore,Pakistan,,,,Australia defeated Pakistan by 6 wickets at Gaddafi Stadium (Lahore).,ESPNcricinfo Statsguru / ICC Match Registry
103,ODI_001372,ODI # 1372,1998,1998,Sharjah International Cup 1998,Multi-Nation Tournament,ODI #1372,1998-11-10,Tuesday,Sri Lanka,Zimbabwe,Sri Lanka,Zimbabwe,Sri Lanka,field,Zimbabwe,Sri Lanka,197/3 (46.1 ov),197,3,46.1 ov,196/10 (49.4 ov),196,10,49.4 ov,198,393,13,197/3 - 196/10,Zimbabwe,Sri Lanka,24 runs,24,runs,No,Normal,,Sri Lanka vs Zimbabwe,Sharjah Cricket Stadium,Sharjah,United Arab Emirates,,,,Zimbabwe defeated Sri Lanka by 24 runs at Sharjah Cricket Stadium (Sharjah).,ESPNcricinfo Statsguru / ICC Match Registry
104,ODI_001373,ODI # 1373,1998,1998,Sharjah International Cup 1998,Multi-Nation Tournament,ODI #1373,1998-11-11,Wednesday,India,Zimbabwe,India,Zimbabwe,Zimbabwe,field,India,Zimbabwe,192/10 (47.4 ov),192,10,47.4 ov,196/9 (50.0 ov),196,9,50.0 ov,193,388,19,192/10 - 196/9,Zimbabwe,India,13 runs,13,runs,No,Normal,,India vs Zimbabwe,Sharjah Cricket Stadium,Sharjah,United Arab Emirates,,,,Zimbabwe defeated India by 13 runs at Sharjah Cricket Stadium (Sharjah).,ESPNcricinfo Statsguru / ICC Match Registry
105,ODI_001374,ODI # 1374,1998,1998,Sharjah International Cup 1998,Multi-Nation Tournament,ODI #1374,1998-11-13,Friday,India,Zimbabwe,India,Zimbabwe,Zimbabwe,field,India,Zimbabwe,192/10 (47.4 ov),192,10,47.4 ov,196/9 (50.0 ov),196,9,50.0 ov,193,388,19,192/10 - 196/9,India,Zimbabwe,10 wickets,10,wickets,No,Normal,,India vs Zimbabwe,Sharjah Cricket Stadium,Sharjah,United Arab Emirates,,,,India defeated Zimbabwe by 10 wickets at Sharjah Cricket Stadium (Sharjah).,ESPNcricinfo Statsguru / ICC Match Registry
106,ODI_001375,ODI # 1375,1998,1998,Pakistan v Zimbabwe ODI Series,Bilateral Series,ODI #1375,1998-11-20,Friday,Pakistan,Zimbabwe,Pakistan,Zimbabwe,Pakistan,field,Zimbabwe,Pakistan,191/10 (37.2 ov),191,10,37.2 ov,211/10 (50.0 ov),211,10,50.0 ov,192,402,20,191/10 - 211/10,Pakistan,Zimbabwe,4 wickets,4,wickets,No,Normal,,Pakistan vs Zimbabwe,Jinnah Stadium,Gujranwala,Pakistan,,,,Pakistan defeated Zimbabwe by 4 wickets at Jinnah Stadium (Gujranwala).,ESPNcricinfo Statsguru / ICC Match Registry
107,ODI_001376,ODI # 1376,1998,1998,Pakistan v Zimbabwe ODI Series,Bilateral Series,ODI #1376,1998-11-22,Sunday,Pakistan,Zimbabwe,Pakistan,Zimbabwe,Pakistan,field,Zimbabwe,Pakistan,191/10 (37.2 ov),191,10,37.2 ov,211/10 (50.0 ov),211,10,50.0 ov,192,402,20,191/10 - 211/10,Zimbabwe,Pakistan,6 wickets,6,wickets,No,Normal,,Pakistan vs Zimbabwe,Sheikhupura Stadium,Sheikhupura,Pakistan,,,,Zimbabwe defeated Pakistan by 6 wickets at Sheikhupura Stadium (Sheikhupura).,ESPNcricinfo Statsguru / ICC Match Registry
108,ODI_001377,ODI # 1377,1998,1998,Pakistan v Zimbabwe ODI Series,Bilateral Series,ODI #1377,1998-11-24,Tuesday,Pakistan,Zimbabwe,Pakistan,Zimbabwe,Pakistan,field,Zimbabwe,Pakistan,191/10 (37.2 ov),191,10,37.2 ov,211/10 (50.0 ov),211,10,50.0 ov,192,402,20,191/10 - 211/10,Pakistan,Zimbabwe,111 runs,111,runs,No,Normal,,Pakistan vs Zimbabwe,Rawalpindi Cricket Stadium,Rawalpindi,Pakistan,,,,Pakistan defeated Zimbabwe by 111 runs at Rawalpindi Cricket Stadium (Rawalpindi).,ESPNcricinfo Statsguru / ICC Match Registry
