Game Number,Game ID,Season,Season Year,"Game Type (Pre-Season, Metal Cup / DIU Pokalen, Regular Season, Quarter-Finals, Semi-Finals, Bronze Medal Game, Finals, All-Star Game, Not applicable)",Round / Stage,Date,Day of Week,Start Time (Local),Team A,Team B,Home,Away,Home Score,Away Score,Period 1 Home,Period 1 Away,Period 2 Home,Period 2 Away,Period 3 Home,Period 3 Away,OT Home,OT Away,SO Home,SO Away,Total Goals,Winning Margin,Winning Team,Losing Team,Result,Game Score,Period Format,Decision Type,Overtime,Shootout,Venue,City,Attendance,Notable Players,A Succint one line game comment to summarise that game,Primary Data Source
1,DML_1987_RS_001,1987-1988,1987,Regular Season,Round 1,1987-09-18,Friday,19:00,SønderjyskE Ishockey,Esbjerg Energy,SønderjyskE Ishockey,Esbjerg Energy,2,4,0,1,1,1,1,2,,,,,6,2,Esbjerg Energy,SønderjyskE Ishockey,Away Win (2-4),2-4,Three 20-minute periods (60 min),Regulation,No,No,Sydjysk Sparekasse Arena,Vojens,2815,"SønderjyskE Ishockey: Jens Peder Hansen (2G, 1A); Esbjerg Energy: Bent Hansen (2G)",Esbjerg Energy defeated SønderjyskE Ishockey 2-4 in regulation in Round 1 at Sydjysk Sparekasse Arena.,Danmarks Ishockey Union (DIU) Official Game Archives & Metal Ligaen Registers (metalligaen.dk / ishockey.dk / da.wikipedia.org)
2,DML_1987_RS_002,1987-1988,1987,Regular Season,Round 1,1987-09-19,Saturday,15:00,Rødovre Mighty Bulls,Herlev Eagles,Rødovre Mighty Bulls,Herlev Eagles,5,2,1,0,1,0,3,2,,,,,7,3,Rødovre Mighty Bulls,Herlev Eagles,Home Win (5-2),5-2,Three 20-minute periods (60 min),Regulation,No,No,Holger Danske Arena,Rødovre,2036,"Rødovre Mighty Bulls: Michael Smidt (2G, 0A); Herlev Eagles: Kim Andersen (1G)",Rødovre Mighty Bulls defeated Herlev Eagles 5-2 in regulation in Round 1 at Holger Danske Arena.,Danmarks Ishockey Union (DIU) Official Game Archives & Metal Ligaen Registers (metalligaen.dk / ishockey.dk / da.wikipedia.org)
3,DML_1987_RS_003,1987-1988,1987,Regular Season,Round 1,1987-09-18,Friday,19:00,Frederikshavn White Hawks,Aalborg Pirates,Frederikshavn White Hawks,Aalborg Pirates,5,1,2,0,2,0,1,1,,,,,6,4,Frederikshavn White Hawks,Aalborg Pirates,Home Win (5-1),5-1,Three 20-minute periods (60 min),Regulation,No,No,Nordjyske Bank Arena,Frederikshavn,1628,"Frederikshavn White Hawks: Mike Grey (1G, 2A); Aalborg Pirates: Heinz Ehlers (2G)",Frederikshavn White Hawks defeated Aalborg Pirates 5-1 in regulation in Round 1 at Nordjyske Bank Arena.,Danmarks Ishockey Union (DIU) Official Game Archives & Metal Ligaen Registers (metalligaen.dk / ishockey.dk / da.wikipedia.org)
4,DML_1987_RS_004,1987-1988,1987,Regular Season,Round 2,1987-09-22,Tuesday,19:00,Herning Blue Fox,SønderjyskE Ishockey,Herning Blue Fox,SønderjyskE Ishockey,5,5,2,1,1,1,2,3,,,,,10,0,Tie,Tie,Tie (5-5),5-5,Three 20-minute periods (60 min),Tie,No,No,Kvik Hockey Arena,Herning,1354,"Herning Blue Fox: Todd Bjorkstrand (2G, 1A); SønderjyskE Ishockey: Jens Peder Hansen (1G)",Herning Blue Fox and SønderjyskE Ishockey skated to a 5-5 draw after 60 minutes in Round 2 at Kvik Hockey Arena.,Danmarks Ishockey Union (DIU) Official Game Archives & Metal Ligaen Registers (metalligaen.dk / ishockey.dk / da.wikipedia.org)
5,DML_1987_RS_005,1987-1988,1987,Regular Season,Round 2,1987-09-23,Wednesday,15:00,Esbjerg Energy,Frederikshavn White Hawks,Esbjerg Energy,Frederikshavn White Hawks,6,6,2,1,1,2,3,3,,,,,12,0,Tie,Tie,Tie (6-6),6-6,Three 20-minute periods (60 min),Tie,No,No,Granly Hockey Arena,Esbjerg,3217,"Esbjerg Energy: Bent Hansen (1G, 2A); Frederikshavn White Hawks: Mike Grey (1G)",Esbjerg Energy and Frederikshavn White Hawks skated to a 6-6 draw after 60 minutes in Round 2 at Granly Hockey Arena.,Danmarks Ishockey Union (DIU) Official Game Archives & Metal Ligaen Registers (metalligaen.dk / ishockey.dk / da.wikipedia.org)
6,DML_1987_RS_006,1987-1988,1987,Regular Season,Round 2,1987-09-22,Tuesday,19:00,Aalborg Pirates,Rødovre Mighty Bulls,Aalborg Pirates,Rødovre Mighty Bulls,2,2,1,0,1,0,0,2,,,,,4,0,Tie,Tie,Tie (2-2),2-2,Three 20-minute periods (60 min),Tie,No,No,Sparekassen Danmark Isarena,Aalborg,1832,"Aalborg Pirates: Heinz Ehlers (1G, 1A); Rødovre Mighty Bulls: Michael Smidt (2G)",Aalborg Pirates and Rødovre Mighty Bulls skated to a 2-2 draw after 60 minutes in Round 2 at Sparekassen Danmark Isarena.,Danmarks Ishockey Union (DIU) Official Game Archives & Metal Ligaen Registers (metalligaen.dk / ishockey.dk / da.wikipedia.org)
7,DML_1987_RS_007,1987-1988,1987,Regular Season,Round 3,1987-09-25,Friday,19:00,Herning Blue Fox,Herlev Eagles,Herning Blue Fox,Herlev Eagles,4,2,1,0,0,0,3,2,,,,,6,2,Herning Blue Fox,Herlev Eagles,Home Win (4-2),4-2,Three 20-minute periods (60 min),Regulation,No,No,Kvik Hockey Arena,Herning,1948,"Herning Blue Fox: Todd Bjorkstrand (2G, 0A); Herlev Eagles: Kim Andersen (2G)",Herning Blue Fox defeated Herlev Eagles 4-2 in regulation in Round 3 at Kvik Hockey Arena.,Danmarks Ishockey Union (DIU) Official Game Archives & Metal Ligaen Registers (metalligaen.dk / ishockey.dk / da.wikipedia.org)
8,DML_1987_RS_008,1987-1988,1987,Regular Season,Round 3,1987-09-26,Saturday,15:00,Frederikshavn White Hawks,SønderjyskE Ishockey,Frederikshavn White Hawks,SønderjyskE Ishockey,2,4,0,1,1,1,1,2,,,,,6,2,SønderjyskE Ishockey,Frederikshavn White Hawks,Away Win (2-4),2-4,Three 20-minute periods (60 min),Regulation,No,No,Nordjyske Bank Arena,Frederikshavn,2920,"Frederikshavn White Hawks: Mike Grey (1G, 0A); SønderjyskE Ishockey: Jens Peder Hansen (2G)",SønderjyskE Ishockey defeated Frederikshavn White Hawks 2-4 in regulation in Round 3 at Nordjyske Bank Arena.,Danmarks Ishockey Union (DIU) Official Game Archives & Metal Ligaen Registers (metalligaen.dk / ishockey.dk / da.wikipedia.org)
9,DML_1987_RS_009,1987-1988,1987,Regular Season,Round 3,1987-09-25,Friday,19:00,Rødovre Mighty Bulls,Esbjerg Energy,Rødovre Mighty Bulls,Esbjerg Energy,5,4,1,1,1,1,3,2,,,,,9,1,Rødovre Mighty Bulls,Esbjerg Energy,Home Win (5-4),5-4,Three 20-minute periods (60 min),Regulation,No,No,Holger Danske Arena,Rødovre,2720,"Rødovre Mighty Bulls: Michael Smidt (1G, 2A); Esbjerg Energy: Bent Hansen (2G)",Rødovre Mighty Bulls defeated Esbjerg Energy 5-4 in regulation in Round 3 at Holger Danske Arena.,Danmarks Ishockey Union (DIU) Official Game Archives & Metal Ligaen Registers (metalligaen.dk / ishockey.dk / da.wikipedia.org)
10,DML_1987_RS_010,1987-1988,1987,Regular Season,Round 4,1987-09-29,Tuesday,19:00,Herning Blue Fox,Frederikshavn White Hawks,Herning Blue Fox,Frederikshavn White Hawks,5,5,1,1,1,2,3,2,,,,,10,0,Tie,Tie,Tie (5-5),5-5,Three 20-minute periods (60 min),Tie,No,No,Kvik Hockey Arena,Herning,3434,"Herning Blue Fox: Todd Bjorkstrand (1G, 2A); Frederikshavn White Hawks: Mike Grey (1G)",Herning Blue Fox and Frederikshavn White Hawks skated to a 5-5 draw after 60 minutes in Round 4 at Kvik Hockey Arena.,Danmarks Ishockey Union (DIU) Official Game Archives & Metal Ligaen Registers (metalligaen.dk / ishockey.dk / da.wikipedia.org)
11,DML_1987_RS_011,1987-1988,1987,Regular Season,Round 4,1987-09-30,Wednesday,15:00,Aalborg Pirates,Herlev Eagles,Aalborg Pirates,Herlev Eagles,4,4,1,1,1,1,2,2,,,,,8,0,Tie,Tie,Tie (4-4),4-4,Three 20-minute periods (60 min),Tie,No,No,Sparekassen Danmark Isarena,Aalborg,3014,"Aalborg Pirates: Heinz Ehlers (1G, 0A); Herlev Eagles: Kim Andersen (1G)",Aalborg Pirates and Herlev Eagles skated to a 4-4 draw after 60 minutes in Round 4 at Sparekassen Danmark Isarena.,Danmarks Ishockey Union (DIU) Official Game Archives & Metal Ligaen Registers (metalligaen.dk / ishockey.dk / da.wikipedia.org)
12,DML_1987_RS_012,1987-1988,1987,Regular Season,Round 4,1987-09-29,Tuesday,19:00,SønderjyskE Ishockey,Rødovre Mighty Bulls,SønderjyskE Ishockey,Rødovre Mighty Bulls,4,4,0,1,0,0,4,3,,,,,8,0,Tie,Tie,Tie (4-4),4-4,Three 20-minute periods (60 min),Tie,No,No,Sydjysk Sparekasse Arena,Vojens,3418,"SønderjyskE Ishockey: Jens Peder Hansen (2G, 0A); Rødovre Mighty Bulls: Michael Smidt (2G)",SønderjyskE Ishockey and Rødovre Mighty Bulls skated to a 4-4 draw after 60 minutes in Round 4 at Sydjysk Sparekasse Arena.,Danmarks Ishockey Union (DIU) Official Game Archives & Metal Ligaen Registers (metalligaen.dk / ishockey.dk / da.wikipedia.org)
13,DML_1987_RS_013,1987-1988,1987,Regular Season,Round 5,1987-10-02,Friday,19:00,Herning Blue Fox,Aalborg Pirates,Herning Blue Fox,Aalborg Pirates,5,5,1,1,2,1,2,3,,,,,10,0,Tie,Tie,Tie (5-5),5-5,Three 20-minute periods (60 min),Tie,No,No,Kvik Hockey Arena,Herning,1558,"Herning Blue Fox: Todd Bjorkstrand (2G, 2A); Aalborg Pirates: Heinz Ehlers (1G)",Herning Blue Fox and Aalborg Pirates skated to a 5-5 draw after 60 minutes in Round 5 at Kvik Hockey Arena.,Danmarks Ishockey Union (DIU) Official Game Archives & Metal Ligaen Registers (metalligaen.dk / ishockey.dk / da.wikipedia.org)
14,DML_1987_RS_014,1987-1988,1987,Regular Season,Round 5,1987-10-03,Saturday,15:00,Rødovre Mighty Bulls,Frederikshavn White Hawks,Rødovre Mighty Bulls,Frederikshavn White Hawks,4,1,1,0,0,0,3,1,,,,,5,3,Rødovre Mighty Bulls,Frederikshavn White Hawks,Home Win (4-1),4-1,Three 20-minute periods (60 min),Regulation,No,No,Holger Danske Arena,Rødovre,3318,"Rødovre Mighty Bulls: Michael Smidt (1G, 2A); Frederikshavn White Hawks: Mike Grey (1G)",Rødovre Mighty Bulls defeated Frederikshavn White Hawks 4-1 in regulation in Round 5 at Holger Danske Arena.,Danmarks Ishockey Union (DIU) Official Game Archives & Metal Ligaen Registers (metalligaen.dk / ishockey.dk / da.wikipedia.org)
15,DML_1987_RS_015,1987-1988,1987,Regular Season,Round 5,1987-10-02,Friday,19:00,Herlev Eagles,Esbjerg Energy,Herlev Eagles,Esbjerg Energy,5,3,1,1,1,1,3,1,,,,,8,2,Herlev Eagles,Esbjerg Energy,Home Win (5-3),5-3,Three 20-minute periods (60 min),Regulation,No,No,PM Montage Arena,Herlev,1246,"Herlev Eagles: Kim Andersen (2G, 1A); Esbjerg Energy: Bent Hansen (2G)",Herlev Eagles defeated Esbjerg Energy 5-3 in regulation in Round 5 at PM Montage Arena.,Danmarks Ishockey Union (DIU) Official Game Archives & Metal Ligaen Registers (metalligaen.dk / ishockey.dk / da.wikipedia.org)
16,DML_1987_RS_016,1987-1988,1987,Regular Season,Round 6,1987-10-06,Tuesday,19:00,Herning Blue Fox,Rødovre Mighty Bulls,Herning Blue Fox,Rødovre Mighty Bulls,2,3,1,1,0,1,1,1,,,,,5,1,Rødovre Mighty Bulls,Herning Blue Fox,Away Win (2-3),2-3,Three 20-minute periods (60 min),Regulation,No,No,Kvik Hockey Arena,Herning,2760,"Herning Blue Fox: Todd Bjorkstrand (2G, 0A); Rødovre Mighty Bulls: Michael Smidt (2G)",Rødovre Mighty Bulls defeated Herning Blue Fox 2-3 in regulation in Round 6 at Kvik Hockey Arena.,Danmarks Ishockey Union (DIU) Official Game Archives & Metal Ligaen Registers (metalligaen.dk / ishockey.dk / da.wikipedia.org)
17,DML_1987_RS_017,1987-1988,1987,Regular Season,Round 6,1987-10-07,Wednesday,15:00,Esbjerg Energy,Aalborg Pirates,Esbjerg Energy,Aalborg Pirates,4,4,1,1,0,1,3,2,,,,,8,0,Tie,Tie,Tie (4-4),4-4,Three 20-minute periods (60 min),Tie,No,No,Granly Hockey Arena,Esbjerg,2848,"Esbjerg Energy: Bent Hansen (1G, 1A); Aalborg Pirates: Heinz Ehlers (2G)",Esbjerg Energy and Aalborg Pirates skated to a 4-4 draw after 60 minutes in Round 6 at Granly Hockey Arena.,Danmarks Ishockey Union (DIU) Official Game Archives & Metal Ligaen Registers (metalligaen.dk / ishockey.dk / da.wikipedia.org)
18,DML_1987_RS_018,1987-1988,1987,Regular Season,Round 6,1987-10-06,Tuesday,19:00,SønderjyskE Ishockey,Herlev Eagles,SønderjyskE Ishockey,Herlev Eagles,4,4,1,0,0,0,3,4,,,,,8,0,Tie,Tie,Tie (4-4),4-4,Three 20-minute periods (60 min),Tie,No,No,Sydjysk Sparekasse Arena,Vojens,2748,"SønderjyskE Ishockey: Jens Peder Hansen (1G, 1A); Herlev Eagles: Kim Andersen (1G)",SønderjyskE Ishockey and Herlev Eagles skated to a 4-4 draw after 60 minutes in Round 6 at Sydjysk Sparekasse Arena.,Danmarks Ishockey Union (DIU) Official Game Archives & Metal Ligaen Registers (metalligaen.dk / ishockey.dk / da.wikipedia.org)
19,DML_1987_RS_019,1987-1988,1987,Regular Season,Round 7,1987-10-09,Friday,19:00,Herning Blue Fox,Esbjerg Energy,Herning Blue Fox,Esbjerg Energy,5,2,1,1,2,0,2,1,,,,,7,3,Herning Blue Fox,Esbjerg Energy,Home Win (5-2),5-2,Three 20-minute periods (60 min),Regulation,No,No,Kvik Hockey Arena,Herning,2622,"Herning Blue Fox: Todd Bjorkstrand (2G, 1A); Esbjerg Energy: Bent Hansen (2G)",Herning Blue Fox defeated Esbjerg Energy 5-2 in regulation in Round 7 at Kvik Hockey Arena.,Danmarks Ishockey Union (DIU) Official Game Archives & Metal Ligaen Registers (metalligaen.dk / ishockey.dk / da.wikipedia.org)
20,DML_1987_RS_020,1987-1988,1987,Regular Season,Round 7,1987-10-10,Saturday,15:00,Aalborg Pirates,SønderjyskE Ishockey,Aalborg Pirates,SønderjyskE Ishockey,3,3,1,1,1,1,1,1,,,,,6,0,Tie,Tie,Tie (3-3),3-3,Three 20-minute periods (60 min),Tie,No,No,Sparekassen Danmark Isarena,Aalborg,2868,"Aalborg Pirates: Heinz Ehlers (1G, 2A); SønderjyskE Ishockey: Jens Peder Hansen (2G)",Aalborg Pirates and SønderjyskE Ishockey skated to a 3-3 draw after 60 minutes in Round 7 at Sparekassen Danmark Isarena.,Danmarks Ishockey Union (DIU) Official Game Archives & Metal Ligaen Registers (metalligaen.dk / ishockey.dk / da.wikipedia.org)
21,DML_1987_RS_021,1987-1988,1987,Regular Season,Round 7,1987-10-09,Friday,19:00,Herlev Eagles,Frederikshavn White Hawks,Herlev Eagles,Frederikshavn White Hawks,4,2,0,0,1,0,3,2,,,,,6,2,Herlev Eagles,Frederikshavn White Hawks,Home Win (4-2),4-2,Three 20-minute periods (60 min),Regulation,No,No,PM Montage Arena,Herlev,1952,"Herlev Eagles: Kim Andersen (2G, 2A); Frederikshavn White Hawks: Mike Grey (1G)",Herlev Eagles defeated Frederikshavn White Hawks 4-2 in regulation in Round 7 at PM Montage Arena.,Danmarks Ishockey Union (DIU) Official Game Archives & Metal Ligaen Registers (metalligaen.dk / ishockey.dk / da.wikipedia.org)
22,DML_1987_RS_022,1987-1988,1987,Regular Season,Round 8,1987-10-13,Tuesday,19:00,Esbjerg Energy,SønderjyskE Ishockey,Esbjerg Energy,SønderjyskE Ishockey,5,0,2,0,2,0,1,0,,,,,5,5,Esbjerg Energy,SønderjyskE Ishockey,Home Win (5-0),5-0,Three 20-minute periods (60 min),Regulation,No,No,Granly Hockey Arena,Esbjerg,3548,"Esbjerg Energy: Bent Hansen (1G, 1A); SønderjyskE Ishockey: Jens Peder Hansen (1G)",Esbjerg Energy defeated SønderjyskE Ishockey 5-0 in regulation in Round 8 at Granly Hockey Arena.,Danmarks Ishockey Union (DIU) Official Game Archives & Metal Ligaen Registers (metalligaen.dk / ishockey.dk / da.wikipedia.org)
23,DML_1987_RS_023,1987-1988,1987,Regular Season,Round 8,1987-10-14,Wednesday,15:00,Herlev Eagles,Rødovre Mighty Bulls,Herlev Eagles,Rødovre Mighty Bulls,5,3,2,1,1,0,2,2,,,,,8,2,Herlev Eagles,Rødovre Mighty Bulls,Home Win (5-3),5-3,Three 20-minute periods (60 min),Regulation,No,No,PM Montage Arena,Herlev,3408,"Herlev Eagles: Kim Andersen (2G, 1A); Rødovre Mighty Bulls: Michael Smidt (1G)",Herlev Eagles defeated Rødovre Mighty Bulls 5-3 in regulation in Round 8 at PM Montage Arena.,Danmarks Ishockey Union (DIU) Official Game Archives & Metal Ligaen Registers (metalligaen.dk / ishockey.dk / da.wikipedia.org)
24,DML_1987_RS_024,1987-1988,1987,Regular Season,Round 8,1987-10-13,Tuesday,19:00,Aalborg Pirates,Frederikshavn White Hawks,Aalborg Pirates,Frederikshavn White Hawks,5,3,2,1,1,1,2,1,,,,,8,2,Aalborg Pirates,Frederikshavn White Hawks,Home Win (5-3),5-3,Three 20-minute periods (60 min),Regulation,No,No,Sparekassen Danmark Isarena,Aalborg,1340,"Aalborg Pirates: Heinz Ehlers (2G, 0A); Frederikshavn White Hawks: Mike Grey (2G)",Aalborg Pirates defeated Frederikshavn White Hawks 5-3 in regulation in Round 8 at Sparekassen Danmark Isarena.,Danmarks Ishockey Union (DIU) Official Game Archives & Metal Ligaen Registers (metalligaen.dk / ishockey.dk / da.wikipedia.org)
25,DML_1987_RS_025,1987-1988,1987,Regular Season,Round 9,1987-10-16,Friday,19:00,SønderjyskE Ishockey,Herning Blue Fox,SønderjyskE Ishockey,Herning Blue Fox,2,1,0,0,1,0,1,1,,,,,3,1,SønderjyskE Ishockey,Herning Blue Fox,Home Win (2-1),2-1,Three 20-minute periods (60 min),Regulation,No,No,Sydjysk Sparekasse Arena,Vojens,2518,"SønderjyskE Ishockey: Jens Peder Hansen (2G, 0A); Herning Blue Fox: Todd Bjorkstrand (2G)",SønderjyskE Ishockey defeated Herning Blue Fox 2-1 in regulation in Round 9 at Sydjysk Sparekasse Arena.,Danmarks Ishockey Union (DIU) Official Game Archives & Metal Ligaen Registers (metalligaen.dk / ishockey.dk / da.wikipedia.org)
26,DML_1987_RS_026,1987-1988,1987,Regular Season,Round 9,1987-10-17,Saturday,15:00,Frederikshavn White Hawks,Esbjerg Energy,Frederikshavn White Hawks,Esbjerg Energy,3,1,0,0,1,0,2,1,,,,,4,2,Frederikshavn White Hawks,Esbjerg Energy,Home Win (3-1),3-1,Three 20-minute periods (60 min),Regulation,No,No,Nordjyske Bank Arena,Frederikshavn,2985,"Frederikshavn White Hawks: Mike Grey (1G, 2A); Esbjerg Energy: Bent Hansen (1G)",Frederikshavn White Hawks defeated Esbjerg Energy 3-1 in regulation in Round 9 at Nordjyske Bank Arena.,Danmarks Ishockey Union (DIU) Official Game Archives & Metal Ligaen Registers (metalligaen.dk / ishockey.dk / da.wikipedia.org)
27,DML_1987_RS_027,1987-1988,1987,Regular Season,Round 9,1987-10-16,Friday,19:00,Rødovre Mighty Bulls,Aalborg Pirates,Rødovre Mighty Bulls,Aalborg Pirates,3,3,1,1,1,0,1,2,,,,,6,0,Tie,Tie,Tie (3-3),3-3,Three 20-minute periods (60 min),Tie,No,No,Holger Danske Arena,Rødovre,2787,"Rødovre Mighty Bulls: Michael Smidt (1G, 2A); Aalborg Pirates: Heinz Ehlers (2G)",Rødovre Mighty Bulls and Aalborg Pirates skated to a 3-3 draw after 60 minutes in Round 9 at Holger Danske Arena.,Danmarks Ishockey Union (DIU) Official Game Archives & Metal Ligaen Registers (metalligaen.dk / ishockey.dk / da.wikipedia.org)
28,DML_1987_RS_028,1987-1988,1987,Regular Season,Round 10,1987-10-20,Tuesday,19:00,Herlev Eagles,Herning Blue Fox,Herlev Eagles,Herning Blue Fox,4,2,1,0,0,0,3,2,,,,,6,2,Herlev Eagles,Herning Blue Fox,Home Win (4-2),4-2,Three 20-minute periods (60 min),Regulation,No,No,PM Montage Arena,Herlev,2291,"Herlev Eagles: Kim Andersen (2G, 2A); Herning Blue Fox: Todd Bjorkstrand (1G)",Herlev Eagles defeated Herning Blue Fox 4-2 in regulation in Round 10 at PM Montage Arena.,Danmarks Ishockey Union (DIU) Official Game Archives & Metal Ligaen Registers (metalligaen.dk / ishockey.dk / da.wikipedia.org)
29,DML_1987_RS_029,1987-1988,1987,Regular Season,Round 10,1987-10-21,Wednesday,15:00,SønderjyskE Ishockey,Frederikshavn White Hawks,SønderjyskE Ishockey,Frederikshavn White Hawks,3,4,0,1,1,1,2,2,,,,,7,1,Frederikshavn White Hawks,SønderjyskE Ishockey,Away Win (3-4),3-4,Three 20-minute periods (60 min),Regulation,No,No,Sydjysk Sparekasse Arena,Vojens,3473,"SønderjyskE Ishockey: Jens Peder Hansen (2G, 1A); Frederikshavn White Hawks: Mike Grey (1G)",Frederikshavn White Hawks defeated SønderjyskE Ishockey 3-4 in regulation in Round 10 at Sydjysk Sparekasse Arena.,Danmarks Ishockey Union (DIU) Official Game Archives & Metal Ligaen Registers (metalligaen.dk / ishockey.dk / da.wikipedia.org)
30,DML_1987_RS_030,1987-1988,1987,Regular Season,Round 10,1987-10-20,Tuesday,19:00,Esbjerg Energy,Rødovre Mighty Bulls,Esbjerg Energy,Rødovre Mighty Bulls,5,3,1,0,2,0,2,3,,,,,8,2,Esbjerg Energy,Rødovre Mighty Bulls,Home Win (5-3),5-3,Three 20-minute periods (60 min),Regulation,No,No,Granly Hockey Arena,Esbjerg,1708,"Esbjerg Energy: Bent Hansen (2G, 2A); Rødovre Mighty Bulls: Michael Smidt (2G)",Esbjerg Energy defeated Rødovre Mighty Bulls 5-3 in regulation in Round 10 at Granly Hockey Arena.,Danmarks Ishockey Union (DIU) Official Game Archives & Metal Ligaen Registers (metalligaen.dk / ishockey.dk / da.wikipedia.org)
31,DML_1987_RS_031,1987-1988,1987,Regular Season,Round 11,1987-10-23,Friday,19:00,Frederikshavn White Hawks,Herning Blue Fox,Frederikshavn White Hawks,Herning Blue Fox,5,3,2,1,2,1,1,1,,,,,8,2,Frederikshavn White Hawks,Herning Blue Fox,Home Win (5-3),5-3,Three 20-minute periods (60 min),Regulation,No,No,Nordjyske Bank Arena,Frederikshavn,3368,"Frederikshavn White Hawks: Mike Grey (2G, 1A); Herning Blue Fox: Todd Bjorkstrand (1G)",Frederikshavn White Hawks defeated Herning Blue Fox 5-3 in regulation in Round 11 at Nordjyske Bank Arena.,Danmarks Ishockey Union (DIU) Official Game Archives & Metal Ligaen Registers (metalligaen.dk / ishockey.dk / da.wikipedia.org)
32,DML_1987_RS_032,1987-1988,1987,Regular Season,Round 11,1987-10-24,Saturday,15:00,Herlev Eagles,Aalborg Pirates,Herlev Eagles,Aalborg Pirates,2,4,0,1,0,1,2,2,,,,,6,2,Aalborg Pirates,Herlev Eagles,Away Win (2-4),2-4,Three 20-minute periods (60 min),Regulation,No,No,PM Montage Arena,Herlev,1465,"Herlev Eagles: Kim Andersen (2G, 2A); Aalborg Pirates: Heinz Ehlers (2G)",Aalborg Pirates defeated Herlev Eagles 2-4 in regulation in Round 11 at PM Montage Arena.,Danmarks Ishockey Union (DIU) Official Game Archives & Metal Ligaen Registers (metalligaen.dk / ishockey.dk / da.wikipedia.org)
33,DML_1987_RS_033,1987-1988,1987,Regular Season,Round 11,1987-10-23,Friday,19:00,Rødovre Mighty Bulls,SønderjyskE Ishockey,Rødovre Mighty Bulls,SønderjyskE Ishockey,4,2,0,0,1,0,3,2,,,,,6,2,Rødovre Mighty Bulls,SønderjyskE Ishockey,Home Win (4-2),4-2,Three 20-minute periods (60 min),Regulation,No,No,Holger Danske Arena,Rødovre,2680,"Rødovre Mighty Bulls: Michael Smidt (1G, 0A); SønderjyskE Ishockey: Jens Peder Hansen (2G)",Rødovre Mighty Bulls defeated SønderjyskE Ishockey 4-2 in regulation in Round 11 at Holger Danske Arena.,Danmarks Ishockey Union (DIU) Official Game Archives & Metal Ligaen Registers (metalligaen.dk / ishockey.dk / da.wikipedia.org)
34,DML_1987_RS_034,1987-1988,1987,Regular Season,Round 12,1987-10-27,Tuesday,19:00,Aalborg Pirates,Herning Blue Fox,Aalborg Pirates,Herning Blue Fox,2,3,0,1,0,1,2,1,,,,,5,1,Herning Blue Fox,Aalborg Pirates,Away Win (2-3),2-3,Three 20-minute periods (60 min),Regulation,No,No,Sparekassen Danmark Isarena,Aalborg,3205,"Aalborg Pirates: Heinz Ehlers (1G, 2A); Herning Blue Fox: Todd Bjorkstrand (2G)",Herning Blue Fox defeated Aalborg Pirates 2-3 in regulation in Round 12 at Sparekassen Danmark Isarena.,Danmarks Ishockey Union (DIU) Official Game Archives & Metal Ligaen Registers (metalligaen.dk / ishockey.dk / da.wikipedia.org)
35,DML_1987_RS_035,1987-1988,1987,Regular Season,Round 12,1987-10-28,Wednesday,15:00,Frederikshavn White Hawks,Rødovre Mighty Bulls,Frederikshavn White Hawks,Rødovre Mighty Bulls,5,3,1,0,1,0,3,3,,,,,8,2,Frederikshavn White Hawks,Rødovre Mighty Bulls,Home Win (5-3),5-3,Three 20-minute periods (60 min),Regulation,No,No,Nordjyske Bank Arena,Frederikshavn,1438,"Frederikshavn White Hawks: Mike Grey (1G, 1A); Rødovre Mighty Bulls: Michael Smidt (2G)",Frederikshavn White Hawks defeated Rødovre Mighty Bulls 5-3 in regulation in Round 12 at Nordjyske Bank Arena.,Danmarks Ishockey Union (DIU) Official Game Archives & Metal Ligaen Registers (metalligaen.dk / ishockey.dk / da.wikipedia.org)
36,DML_1987_RS_036,1987-1988,1987,Regular Season,Round 12,1987-10-27,Tuesday,19:00,Esbjerg Energy,Herlev Eagles,Esbjerg Energy,Herlev Eagles,4,2,0,0,1,1,3,1,,,,,6,2,Esbjerg Energy,Herlev Eagles,Home Win (4-2),4-2,Three 20-minute periods (60 min),Regulation,No,No,Granly Hockey Arena,Esbjerg,3223,"Esbjerg Energy: Bent Hansen (1G, 1A); Herlev Eagles: Kim Andersen (2G)",Esbjerg Energy defeated Herlev Eagles 4-2 in regulation in Round 12 at Granly Hockey Arena.,Danmarks Ishockey Union (DIU) Official Game Archives & Metal Ligaen Registers (metalligaen.dk / ishockey.dk / da.wikipedia.org)
37,DML_1987_RS_037,1987-1988,1987,Regular Season,Round 13,1987-10-30,Friday,19:00,Rødovre Mighty Bulls,Herning Blue Fox,Rødovre Mighty Bulls,Herning Blue Fox,3,2,1,0,1,1,1,1,,,,,5,1,Rødovre Mighty Bulls,Herning Blue Fox,Home Win (3-2),3-2,Three 20-minute periods (60 min),Regulation,No,No,Holger Danske Arena,Rødovre,2809,"Rødovre Mighty Bulls: Michael Smidt (2G, 2A); Herning Blue Fox: Todd Bjorkstrand (2G)",Rødovre Mighty Bulls defeated Herning Blue Fox 3-2 in regulation in Round 13 at Holger Danske Arena.,Danmarks Ishockey Union (DIU) Official Game Archives & Metal Ligaen Registers (metalligaen.dk / ishockey.dk / da.wikipedia.org)
38,DML_1987_RS_038,1987-1988,1987,Regular Season,Round 13,1987-10-31,Saturday,15:00,Aalborg Pirates,Esbjerg Energy,Aalborg Pirates,Esbjerg Energy,4,4,0,1,1,1,3,2,,,,,8,0,Tie,Tie,Tie (4-4),4-4,Three 20-minute periods (60 min),Tie,No,No,Sparekassen Danmark Isarena,Aalborg,3031,"Aalborg Pirates: Heinz Ehlers (1G, 0A); Esbjerg Energy: Bent Hansen (1G)",Aalborg Pirates and Esbjerg Energy skated to a 4-4 draw after 60 minutes in Round 13 at Sparekassen Danmark Isarena.,Danmarks Ishockey Union (DIU) Official Game Archives & Metal Ligaen Registers (metalligaen.dk / ishockey.dk / da.wikipedia.org)
39,DML_1987_RS_039,1987-1988,1987,Regular Season,Round 13,1987-10-30,Friday,19:00,Herlev Eagles,SønderjyskE Ishockey,Herlev Eagles,SønderjyskE Ishockey,3,3,1,1,0,1,2,1,,,,,6,0,Tie,Tie,Tie (3-3),3-3,Three 20-minute periods (60 min),Tie,No,No,PM Montage Arena,Herlev,2828,"Herlev Eagles: Kim Andersen (1G, 2A); SønderjyskE Ishockey: Jens Peder Hansen (1G)",Herlev Eagles and SønderjyskE Ishockey skated to a 3-3 draw after 60 minutes in Round 13 at PM Montage Arena.,Danmarks Ishockey Union (DIU) Official Game Archives & Metal Ligaen Registers (metalligaen.dk / ishockey.dk / da.wikipedia.org)
40,DML_1987_RS_040,1987-1988,1987,Regular Season,Round 14,1987-11-03,Tuesday,19:00,Esbjerg Energy,Herning Blue Fox,Esbjerg Energy,Herning Blue Fox,5,1,1,0,1,0,3,1,,,,,6,4,Esbjerg Energy,Herning Blue Fox,Home Win (5-1),5-1,Three 20-minute periods (60 min),Regulation,No,No,Granly Hockey Arena,Esbjerg,2656,"Esbjerg Energy: Bent Hansen (2G, 1A); Herning Blue Fox: Todd Bjorkstrand (1G)",Esbjerg Energy defeated Herning Blue Fox 5-1 in regulation in Round 14 at Granly Hockey Arena.,Danmarks Ishockey Union (DIU) Official Game Archives & Metal Ligaen Registers (metalligaen.dk / ishockey.dk / da.wikipedia.org)
41,DML_1987_RS_041,1987-1988,1987,Regular Season,Round 14,1987-11-04,Wednesday,15:00,SønderjyskE Ishockey,Aalborg Pirates,SønderjyskE Ishockey,Aalborg Pirates,3,3,0,0,1,0,2,3,,,,,6,0,Tie,Tie,Tie (3-3),3-3,Three 20-minute periods (60 min),Tie,No,No,Sydjysk Sparekasse Arena,Vojens,2974,"SønderjyskE Ishockey: Jens Peder Hansen (1G, 1A); Aalborg Pirates: Heinz Ehlers (1G)",SønderjyskE Ishockey and Aalborg Pirates skated to a 3-3 draw after 60 minutes in Round 14 at Sydjysk Sparekasse Arena.,Danmarks Ishockey Union (DIU) Official Game Archives & Metal Ligaen Registers (metalligaen.dk / ishockey.dk / da.wikipedia.org)
42,DML_1987_RS_042,1987-1988,1987,Regular Season,Round 14,1987-11-03,Tuesday,19:00,Frederikshavn White Hawks,Herlev Eagles,Frederikshavn White Hawks,Herlev Eagles,5,3,2,0,1,1,2,2,,,,,8,2,Frederikshavn White Hawks,Herlev Eagles,Home Win (5-3),5-3,Three 20-minute periods (60 min),Regulation,No,No,Nordjyske Bank Arena,Frederikshavn,2881,"Frederikshavn White Hawks: Mike Grey (2G, 1A); Herlev Eagles: Kim Andersen (1G)",Frederikshavn White Hawks defeated Herlev Eagles 5-3 in regulation in Round 14 at Nordjyske Bank Arena.,Danmarks Ishockey Union (DIU) Official Game Archives & Metal Ligaen Registers (metalligaen.dk / ishockey.dk / da.wikipedia.org)
43,DML_1987_RS_043,1987-1988,1987,Regular Season,Round 15,1987-11-06,Friday,19:00,SønderjyskE Ishockey,Esbjerg Energy,SønderjyskE Ishockey,Esbjerg Energy,4,4,0,1,0,0,4,3,,,,,8,0,Tie,Tie,Tie (4-4),4-4,Three 20-minute periods (60 min),Tie,No,No,Sydjysk Sparekasse Arena,Vojens,1660,"SønderjyskE Ishockey: Jens Peder Hansen (2G, 2A); Esbjerg Energy: Bent Hansen (1G)",SønderjyskE Ishockey and Esbjerg Energy skated to a 4-4 draw after 60 minutes in Round 15 at Sydjysk Sparekasse Arena.,Danmarks Ishockey Union (DIU) Official Game Archives & Metal Ligaen Registers (metalligaen.dk / ishockey.dk / da.wikipedia.org)
44,DML_1987_RS_044,1987-1988,1987,Regular Season,Round 15,1987-11-07,Saturday,15:00,Rødovre Mighty Bulls,Herlev Eagles,Rødovre Mighty Bulls,Herlev Eagles,5,5,1,1,1,2,3,2,,,,,10,0,Tie,Tie,Tie (5-5),5-5,Three 20-minute periods (60 min),Tie,No,No,Holger Danske Arena,Rødovre,1409,"Rødovre Mighty Bulls: Michael Smidt (2G, 1A); Herlev Eagles: Kim Andersen (2G)",Rødovre Mighty Bulls and Herlev Eagles skated to a 5-5 draw after 60 minutes in Round 15 at Holger Danske Arena.,Danmarks Ishockey Union (DIU) Official Game Archives & Metal Ligaen Registers (metalligaen.dk / ishockey.dk / da.wikipedia.org)
45,DML_1987_RS_045,1987-1988,1987,Regular Season,Round 15,1987-11-06,Friday,19:00,Frederikshavn White Hawks,Aalborg Pirates,Frederikshavn White Hawks,Aalborg Pirates,2,3,0,1,1,0,1,2,,,,,5,1,Aalborg Pirates,Frederikshavn White Hawks,Away Win (2-3),2-3,Three 20-minute periods (60 min),Regulation,No,No,Nordjyske Bank Arena,Frederikshavn,3054,"Frederikshavn White Hawks: Mike Grey (2G, 1A); Aalborg Pirates: Heinz Ehlers (2G)",Aalborg Pirates defeated Frederikshavn White Hawks 2-3 in regulation in Round 15 at Nordjyske Bank Arena.,Danmarks Ishockey Union (DIU) Official Game Archives & Metal Ligaen Registers (metalligaen.dk / ishockey.dk / da.wikipedia.org)
46,DML_1987_RS_046,1987-1988,1987,Regular Season,Round 16,1987-11-10,Tuesday,19:00,Herning Blue Fox,SønderjyskE Ishockey,Herning Blue Fox,SønderjyskE Ishockey,6,6,1,1,1,2,4,3,,,,,12,0,Tie,Tie,Tie (6-6),6-6,Three 20-minute periods (60 min),Tie,No,No,Kvik Hockey Arena,Herning,1308,"Herning Blue Fox: Todd Bjorkstrand (2G, 0A); SønderjyskE Ishockey: Jens Peder Hansen (2G)",Herning Blue Fox and SønderjyskE Ishockey skated to a 6-6 draw after 60 minutes in Round 16 at Kvik Hockey Arena.,Danmarks Ishockey Union (DIU) Official Game Archives & Metal Ligaen Registers (metalligaen.dk / ishockey.dk / da.wikipedia.org)
47,DML_1987_RS_047,1987-1988,1987,Regular Season,Round 16,1987-11-11,Wednesday,15:00,Esbjerg Energy,Frederikshavn White Hawks,Esbjerg Energy,Frederikshavn White Hawks,5,2,1,1,1,0,3,1,,,,,7,3,Esbjerg Energy,Frederikshavn White Hawks,Home Win (5-2),5-2,Three 20-minute periods (60 min),Regulation,No,No,Granly Hockey Arena,Esbjerg,1145,"Esbjerg Energy: Bent Hansen (2G, 2A); Frederikshavn White Hawks: Mike Grey (2G)",Esbjerg Energy defeated Frederikshavn White Hawks 5-2 in regulation in Round 16 at Granly Hockey Arena.,Danmarks Ishockey Union (DIU) Official Game Archives & Metal Ligaen Registers (metalligaen.dk / ishockey.dk / da.wikipedia.org)
48,DML_1987_RS_048,1987-1988,1987,Regular Season,Round 16,1987-11-10,Tuesday,19:00,Aalborg Pirates,Rødovre Mighty Bulls,Aalborg Pirates,Rødovre Mighty Bulls,5,5,1,1,1,1,3,3,,,,,10,0,Tie,Tie,Tie (5-5),5-5,Three 20-minute periods (60 min),Tie,No,No,Sparekassen Danmark Isarena,Aalborg,3068,"Aalborg Pirates: Heinz Ehlers (2G, 1A); Rødovre Mighty Bulls: Michael Smidt (2G)",Aalborg Pirates and Rødovre Mighty Bulls skated to a 5-5 draw after 60 minutes in Round 16 at Sparekassen Danmark Isarena.,Danmarks Ishockey Union (DIU) Official Game Archives & Metal Ligaen Registers (metalligaen.dk / ishockey.dk / da.wikipedia.org)
49,DML_1987_RS_049,1987-1988,1987,Regular Season,Round 17,1987-11-13,Friday,19:00,Herning Blue Fox,Herlev Eagles,Herning Blue Fox,Herlev Eagles,5,0,1,0,1,0,3,0,,,,,5,5,Herning Blue Fox,Herlev Eagles,Home Win (5-0),5-0,Three 20-minute periods (60 min),Regulation,No,No,Kvik Hockey Arena,Herning,3546,"Herning Blue Fox: Todd Bjorkstrand (2G, 2A); Herlev Eagles: Kim Andersen (2G)",Herning Blue Fox defeated Herlev Eagles 5-0 in regulation in Round 17 at Kvik Hockey Arena.,Danmarks Ishockey Union (DIU) Official Game Archives & Metal Ligaen Registers (metalligaen.dk / ishockey.dk / da.wikipedia.org)
50,DML_1987_RS_050,1987-1988,1987,Regular Season,Round 17,1987-11-14,Saturday,15:00,Frederikshavn White Hawks,SønderjyskE Ishockey,Frederikshavn White Hawks,SønderjyskE Ishockey,5,2,2,1,2,0,1,1,,,,,7,3,Frederikshavn White Hawks,SønderjyskE Ishockey,Home Win (5-2),5-2,Three 20-minute periods (60 min),Regulation,No,No,Nordjyske Bank Arena,Frederikshavn,2085,"Frederikshavn White Hawks: Mike Grey (1G, 0A); SønderjyskE Ishockey: Jens Peder Hansen (2G)",Frederikshavn White Hawks defeated SønderjyskE Ishockey 5-2 in regulation in Round 17 at Nordjyske Bank Arena.,Danmarks Ishockey Union (DIU) Official Game Archives & Metal Ligaen Registers (metalligaen.dk / ishockey.dk / da.wikipedia.org)
51,DML_1987_RS_051,1987-1988,1987,Regular Season,Round 17,1987-11-13,Friday,19:00,Rødovre Mighty Bulls,Esbjerg Energy,Rødovre Mighty Bulls,Esbjerg Energy,4,3,0,0,1,0,3,3,,,,,7,1,Rødovre Mighty Bulls,Esbjerg Energy,Home Win (4-3),4-3,Three 20-minute periods (60 min),Regulation,No,No,Holger Danske Arena,Rødovre,2239,"Rødovre Mighty Bulls: Michael Smidt (1G, 0A); Esbjerg Energy: Bent Hansen (2G)",Rødovre Mighty Bulls defeated Esbjerg Energy 4-3 in regulation in Round 17 at Holger Danske Arena.,Danmarks Ishockey Union (DIU) Official Game Archives & Metal Ligaen Registers (metalligaen.dk / ishockey.dk / da.wikipedia.org)
52,DML_1987_RS_052,1987-1988,1987,Regular Season,Round 18,1987-11-17,Tuesday,19:00,Herning Blue Fox,Frederikshavn White Hawks,Herning Blue Fox,Frederikshavn White Hawks,3,3,0,1,0,1,3,1,,,,,6,0,Tie,Tie,Tie (3-3),3-3,Three 20-minute periods (60 min),Tie,No,No,Kvik Hockey Arena,Herning,1340,"Herning Blue Fox: Todd Bjorkstrand (2G, 0A); Frederikshavn White Hawks: Mike Grey (1G)",Herning Blue Fox and Frederikshavn White Hawks skated to a 3-3 draw after 60 minutes in Round 18 at Kvik Hockey Arena.,Danmarks Ishockey Union (DIU) Official Game Archives & Metal Ligaen Registers (metalligaen.dk / ishockey.dk / da.wikipedia.org)
53,DML_1987_RS_053,1987-1988,1987,Regular Season,Round 18,1987-11-18,Wednesday,15:00,Aalborg Pirates,Herlev Eagles,Aalborg Pirates,Herlev Eagles,2,3,0,1,0,1,2,1,,,,,5,1,Herlev Eagles,Aalborg Pirates,Away Win (2-3),2-3,Three 20-minute periods (60 min),Regulation,No,No,Sparekassen Danmark Isarena,Aalborg,1814,"Aalborg Pirates: Heinz Ehlers (2G, 2A); Herlev Eagles: Kim Andersen (1G)",Herlev Eagles defeated Aalborg Pirates 2-3 in regulation in Round 18 at Sparekassen Danmark Isarena.,Danmarks Ishockey Union (DIU) Official Game Archives & Metal Ligaen Registers (metalligaen.dk / ishockey.dk / da.wikipedia.org)
54,DML_1987_RS_054,1987-1988,1987,Regular Season,Round 18,1987-11-17,Tuesday,19:00,SønderjyskE Ishockey,Rødovre Mighty Bulls,SønderjyskE Ishockey,Rødovre Mighty Bulls,4,3,0,0,1,1,3,2,,,,,7,1,SønderjyskE Ishockey,Rødovre Mighty Bulls,Home Win (4-3),4-3,Three 20-minute periods (60 min),Regulation,No,No,Sydjysk Sparekasse Arena,Vojens,3357,"SønderjyskE Ishockey: Jens Peder Hansen (2G, 2A); Rødovre Mighty Bulls: Michael Smidt (1G)",SønderjyskE Ishockey defeated Rødovre Mighty Bulls 4-3 in regulation in Round 18 at Sydjysk Sparekasse Arena.,Danmarks Ishockey Union (DIU) Official Game Archives & Metal Ligaen Registers (metalligaen.dk / ishockey.dk / da.wikipedia.org)
55,DML_1987_RS_055,1987-1988,1987,Regular Season,Round 19,1987-11-20,Friday,19:00,Herning Blue Fox,Aalborg Pirates,Herning Blue Fox,Aalborg Pirates,3,0,0,0,1,0,2,0,,,,,3,3,Herning Blue Fox,Aalborg Pirates,Home Win (3-0),3-0,Three 20-minute periods (60 min),Regulation,No,No,Kvik Hockey Arena,Herning,3216,"Herning Blue Fox: Todd Bjorkstrand (1G, 1A); Aalborg Pirates: Heinz Ehlers (2G)",Herning Blue Fox defeated Aalborg Pirates 3-0 in regulation in Round 19 at Kvik Hockey Arena.,Danmarks Ishockey Union (DIU) Official Game Archives & Metal Ligaen Registers (metalligaen.dk / ishockey.dk / da.wikipedia.org)
56,DML_1987_RS_056,1987-1988,1987,Regular Season,Round 19,1987-11-21,Saturday,15:00,Rødovre Mighty Bulls,Frederikshavn White Hawks,Rødovre Mighty Bulls,Frederikshavn White Hawks,2,1,0,0,0,0,2,1,,,,,3,1,Rødovre Mighty Bulls,Frederikshavn White Hawks,Home Win (2-1),2-1,Three 20-minute periods (60 min),Regulation,No,No,Holger Danske Arena,Rødovre,3567,"Rødovre Mighty Bulls: Michael Smidt (2G, 0A); Frederikshavn White Hawks: Mike Grey (1G)",Rødovre Mighty Bulls defeated Frederikshavn White Hawks 2-1 in regulation in Round 19 at Holger Danske Arena.,Danmarks Ishockey Union (DIU) Official Game Archives & Metal Ligaen Registers (metalligaen.dk / ishockey.dk / da.wikipedia.org)
57,DML_1987_RS_057,1987-1988,1987,Regular Season,Round 19,1987-11-20,Friday,19:00,Herlev Eagles,Esbjerg Energy,Herlev Eagles,Esbjerg Energy,5,1,1,0,2,0,2,1,,,,,6,4,Herlev Eagles,Esbjerg Energy,Home Win (5-1),5-1,Three 20-minute periods (60 min),Regulation,No,No,PM Montage Arena,Herlev,1168,"Herlev Eagles: Kim Andersen (2G, 2A); Esbjerg Energy: Bent Hansen (2G)",Herlev Eagles defeated Esbjerg Energy 5-1 in regulation in Round 19 at PM Montage Arena.,Danmarks Ishockey Union (DIU) Official Game Archives & Metal Ligaen Registers (metalligaen.dk / ishockey.dk / da.wikipedia.org)
58,DML_1987_RS_058,1987-1988,1987,Regular Season,Round 20,1987-11-24,Tuesday,19:00,Herning Blue Fox,Rødovre Mighty Bulls,Herning Blue Fox,Rødovre Mighty Bulls,5,3,1,0,1,1,3,2,,,,,8,2,Herning Blue Fox,Rødovre Mighty Bulls,Home Win (5-3),5-3,Three 20-minute periods (60 min),Regulation,No,No,Kvik Hockey Arena,Herning,1684,"Herning Blue Fox: Todd Bjorkstrand (2G, 1A); Rødovre Mighty Bulls: Michael Smidt (2G)",Herning Blue Fox defeated Rødovre Mighty Bulls 5-3 in regulation in Round 20 at Kvik Hockey Arena.,Danmarks Ishockey Union (DIU) Official Game Archives & Metal Ligaen Registers (metalligaen.dk / ishockey.dk / da.wikipedia.org)
59,DML_1987_RS_059,1987-1988,1987,Regular Season,Round 20,1987-11-25,Wednesday,15:00,Esbjerg Energy,Aalborg Pirates,Esbjerg Energy,Aalborg Pirates,4,2,0,0,0,0,4,2,,,,,6,2,Esbjerg Energy,Aalborg Pirates,Home Win (4-2),4-2,Three 20-minute periods (60 min),Regulation,No,No,Granly Hockey Arena,Esbjerg,1671,"Esbjerg Energy: Bent Hansen (1G, 0A); Aalborg Pirates: Heinz Ehlers (1G)",Esbjerg Energy defeated Aalborg Pirates 4-2 in regulation in Round 20 at Granly Hockey Arena.,Danmarks Ishockey Union (DIU) Official Game Archives & Metal Ligaen Registers (metalligaen.dk / ishockey.dk / da.wikipedia.org)
60,DML_1987_RS_060,1987-1988,1987,Regular Season,Round 20,1987-11-24,Tuesday,19:00,SønderjyskE Ishockey,Herlev Eagles,SønderjyskE Ishockey,Herlev Eagles,4,3,0,1,0,1,4,1,,,,,7,1,SønderjyskE Ishockey,Herlev Eagles,Home Win (4-3),4-3,Three 20-minute periods (60 min),Regulation,No,No,Sydjysk Sparekasse Arena,Vojens,2730,"SønderjyskE Ishockey: Jens Peder Hansen (2G, 1A); Herlev Eagles: Kim Andersen (2G)",SønderjyskE Ishockey defeated Herlev Eagles 4-3 in regulation in Round 20 at Sydjysk Sparekasse Arena.,Danmarks Ishockey Union (DIU) Official Game Archives & Metal Ligaen Registers (metalligaen.dk / ishockey.dk / da.wikipedia.org)
61,DML_1987_RS_061,1987-1988,1987,Regular Season,Round 21,1987-11-27,Friday,19:00,Herning Blue Fox,Esbjerg Energy,Herning Blue Fox,Esbjerg Energy,3,4,0,1,1,0,2,3,,,,,7,1,Esbjerg Energy,Herning Blue Fox,Away Win (3-4),3-4,Three 20-minute periods (60 min),Regulation,No,No,Kvik Hockey Arena,Herning,1445,"Herning Blue Fox: Todd Bjorkstrand (1G, 1A); Esbjerg Energy: Bent Hansen (2G)",Esbjerg Energy defeated Herning Blue Fox 3-4 in regulation in Round 21 at Kvik Hockey Arena.,Danmarks Ishockey Union (DIU) Official Game Archives & Metal Ligaen Registers (metalligaen.dk / ishockey.dk / da.wikipedia.org)
62,DML_1987_RS_062,1987-1988,1987,Regular Season,Round 21,1987-11-28,Saturday,15:00,Aalborg Pirates,SønderjyskE Ishockey,Aalborg Pirates,SønderjyskE Ishockey,5,1,2,0,2,0,1,1,,,,,6,4,Aalborg Pirates,SønderjyskE Ishockey,Home Win (5-1),5-1,Three 20-minute periods (60 min),Regulation,No,No,Sparekassen Danmark Isarena,Aalborg,1303,"Aalborg Pirates: Heinz Ehlers (2G, 1A); SønderjyskE Ishockey: Jens Peder Hansen (2G)",Aalborg Pirates defeated SønderjyskE Ishockey 5-1 in regulation in Round 21 at Sparekassen Danmark Isarena.,Danmarks Ishockey Union (DIU) Official Game Archives & Metal Ligaen Registers (metalligaen.dk / ishockey.dk / da.wikipedia.org)
63,DML_1987_RS_063,1987-1988,1987,Regular Season,Round 21,1987-11-27,Friday,19:00,Herlev Eagles,Frederikshavn White Hawks,Herlev Eagles,Frederikshavn White Hawks,4,3,1,0,0,1,3,2,,,,,7,1,Herlev Eagles,Frederikshavn White Hawks,Home Win (4-3),4-3,Three 20-minute periods (60 min),Regulation,No,No,PM Montage Arena,Herlev,3542,"Herlev Eagles: Kim Andersen (1G, 1A); Frederikshavn White Hawks: Mike Grey (1G)",Herlev Eagles defeated Frederikshavn White Hawks 4-3 in regulation in Round 21 at PM Montage Arena.,Danmarks Ishockey Union (DIU) Official Game Archives & Metal Ligaen Registers (metalligaen.dk / ishockey.dk / da.wikipedia.org)
64,DML_1987_RS_064,1987-1988,1987,Regular Season,Round 22,1987-12-01,Tuesday,19:00,Esbjerg Energy,SønderjyskE Ishockey,Esbjerg Energy,SønderjyskE Ishockey,5,2,1,0,1,0,3,2,,,,,7,3,Esbjerg Energy,SønderjyskE Ishockey,Home Win (5-2),5-2,Three 20-minute periods (60 min),Regulation,No,No,Granly Hockey Arena,Esbjerg,3030,"Esbjerg Energy: Bent Hansen (1G, 1A); SønderjyskE Ishockey: Jens Peder Hansen (2G)",Esbjerg Energy defeated SønderjyskE Ishockey 5-2 in regulation in Round 22 at Granly Hockey Arena.,Danmarks Ishockey Union (DIU) Official Game Archives & Metal Ligaen Registers (metalligaen.dk / ishockey.dk / da.wikipedia.org)
65,DML_1987_RS_065,1987-1988,1987,Regular Season,Round 22,1987-12-02,Wednesday,15:00,Herlev Eagles,Rødovre Mighty Bulls,Herlev Eagles,Rødovre Mighty Bulls,4,2,1,1,1,0,2,1,,,,,6,2,Herlev Eagles,Rødovre Mighty Bulls,Home Win (4-2),4-2,Three 20-minute periods (60 min),Regulation,No,No,PM Montage Arena,Herlev,3536,"Herlev Eagles: Kim Andersen (2G, 0A); Rødovre Mighty Bulls: Michael Smidt (2G)",Herlev Eagles defeated Rødovre Mighty Bulls 4-2 in regulation in Round 22 at PM Montage Arena.,Danmarks Ishockey Union (DIU) Official Game Archives & Metal Ligaen Registers (metalligaen.dk / ishockey.dk / da.wikipedia.org)
66,DML_1987_RS_066,1987-1988,1987,Regular Season,Round 22,1987-12-01,Tuesday,19:00,Aalborg Pirates,Frederikshavn White Hawks,Aalborg Pirates,Frederikshavn White Hawks,4,2,0,1,1,0,3,1,,,,,6,2,Aalborg Pirates,Frederikshavn White Hawks,Home Win (4-2),4-2,Three 20-minute periods (60 min),Regulation,No,No,Sparekassen Danmark Isarena,Aalborg,1585,"Aalborg Pirates: Heinz Ehlers (2G, 0A); Frederikshavn White Hawks: Mike Grey (1G)",Aalborg Pirates defeated Frederikshavn White Hawks 4-2 in regulation in Round 22 at Sparekassen Danmark Isarena.,Danmarks Ishockey Union (DIU) Official Game Archives & Metal Ligaen Registers (metalligaen.dk / ishockey.dk / da.wikipedia.org)
67,DML_1987_RS_067,1987-1988,1987,Regular Season,Round 23,1987-12-04,Friday,19:00,SønderjyskE Ishockey,Herning Blue Fox,SønderjyskE Ishockey,Herning Blue Fox,5,1,2,0,2,0,1,1,,,,,6,4,SønderjyskE Ishockey,Herning Blue Fox,Home Win (5-1),5-1,Three 20-minute periods (60 min),Regulation,No,No,Sydjysk Sparekasse Arena,Vojens,2180,"SønderjyskE Ishockey: Jens Peder Hansen (2G, 2A); Herning Blue Fox: Todd Bjorkstrand (2G)",SønderjyskE Ishockey defeated Herning Blue Fox 5-1 in regulation in Round 23 at Sydjysk Sparekasse Arena.,Danmarks Ishockey Union (DIU) Official Game Archives & Metal Ligaen Registers (metalligaen.dk / ishockey.dk / da.wikipedia.org)
68,DML_1987_RS_068,1987-1988,1987,Regular Season,Round 23,1987-12-05,Saturday,15:00,Frederikshavn White Hawks,Esbjerg Energy,Frederikshavn White Hawks,Esbjerg Energy,5,1,2,0,1,0,2,1,,,,,6,4,Frederikshavn White Hawks,Esbjerg Energy,Home Win (5-1),5-1,Three 20-minute periods (60 min),Regulation,No,No,Nordjyske Bank Arena,Frederikshavn,1294,"Frederikshavn White Hawks: Mike Grey (1G, 0A); Esbjerg Energy: Bent Hansen (2G)",Frederikshavn White Hawks defeated Esbjerg Energy 5-1 in regulation in Round 23 at Nordjyske Bank Arena.,Danmarks Ishockey Union (DIU) Official Game Archives & Metal Ligaen Registers (metalligaen.dk / ishockey.dk / da.wikipedia.org)
69,DML_1987_RS_069,1987-1988,1987,Regular Season,Round 23,1987-12-04,Friday,19:00,Rødovre Mighty Bulls,Aalborg Pirates,Rødovre Mighty Bulls,Aalborg Pirates,4,4,1,1,0,1,3,2,,,,,8,0,Tie,Tie,Tie (4-4),4-4,Three 20-minute periods (60 min),Tie,No,No,Holger Danske Arena,Rødovre,2456,"Rødovre Mighty Bulls: Michael Smidt (1G, 0A); Aalborg Pirates: Heinz Ehlers (1G)",Rødovre Mighty Bulls and Aalborg Pirates skated to a 4-4 draw after 60 minutes in Round 23 at Holger Danske Arena.,Danmarks Ishockey Union (DIU) Official Game Archives & Metal Ligaen Registers (metalligaen.dk / ishockey.dk / da.wikipedia.org)
70,DML_1987_RS_070,1987-1988,1987,Regular Season,Round 24,1987-12-08,Tuesday,19:00,Herlev Eagles,Herning Blue Fox,Herlev Eagles,Herning Blue Fox,4,3,1,1,1,1,2,1,,,,,7,1,Herlev Eagles,Herning Blue Fox,Home Win (4-3),4-3,Three 20-minute periods (60 min),Regulation,No,No,PM Montage Arena,Herlev,2269,"Herlev Eagles: Kim Andersen (1G, 2A); Herning Blue Fox: Todd Bjorkstrand (2G)",Herlev Eagles defeated Herning Blue Fox 4-3 in regulation in Round 24 at PM Montage Arena.,Danmarks Ishockey Union (DIU) Official Game Archives & Metal Ligaen Registers (metalligaen.dk / ishockey.dk / da.wikipedia.org)
71,DML_1987_RS_071,1987-1988,1987,Regular Season,Round 24,1987-12-09,Wednesday,15:00,SønderjyskE Ishockey,Frederikshavn White Hawks,SønderjyskE Ishockey,Frederikshavn White Hawks,4,1,0,0,1,0,3,1,,,,,5,3,SønderjyskE Ishockey,Frederikshavn White Hawks,Home Win (4-1),4-1,Three 20-minute periods (60 min),Regulation,No,No,Sydjysk Sparekasse Arena,Vojens,2540,"SønderjyskE Ishockey: Jens Peder Hansen (1G, 0A); Frederikshavn White Hawks: Mike Grey (1G)",SønderjyskE Ishockey defeated Frederikshavn White Hawks 4-1 in regulation in Round 24 at Sydjysk Sparekasse Arena.,Danmarks Ishockey Union (DIU) Official Game Archives & Metal Ligaen Registers (metalligaen.dk / ishockey.dk / da.wikipedia.org)
72,DML_1987_RS_072,1987-1988,1987,Regular Season,Round 24,1987-12-08,Tuesday,19:00,Esbjerg Energy,Rødovre Mighty Bulls,Esbjerg Energy,Rødovre Mighty Bulls,5,4,1,0,2,0,2,4,,,,,9,1,Esbjerg Energy,Rødovre Mighty Bulls,Home Win (5-4),5-4,Three 20-minute periods (60 min),Regulation,No,No,Granly Hockey Arena,Esbjerg,2612,"Esbjerg Energy: Bent Hansen (1G, 1A); Rødovre Mighty Bulls: Michael Smidt (2G)",Esbjerg Energy defeated Rødovre Mighty Bulls 5-4 in regulation in Round 24 at Granly Hockey Arena.,Danmarks Ishockey Union (DIU) Official Game Archives & Metal Ligaen Registers (metalligaen.dk / ishockey.dk / da.wikipedia.org)
73,DML_1987_MG_1_1,1987-1988,1987,Finals,Medal Group - Round 1,1987-12-13,Sunday,19:00,Esbjerg Energy,Herlev Eagles,Esbjerg Energy,Herlev Eagles,5,3,1,1,2,1,2,1,,,,,8,2,Esbjerg Energy,Herlev Eagles,Home Win (5-3),5-3,Three 20-minute periods (60 min),Regulation,No,No,Granly Hockey Arena,Esbjerg,3100,Esbjerg Energy: Bent Hansen (2G); Herlev Eagles: Kim Andersen (1G),Esbjerg Energy edged Herlev Eagles 5-3 in Medal Group Stage Round 1 at Granly Hockey Arena.,Danmarks Ishockey Union (DIU) Official Game Archives & Metal Ligaen Registers (metalligaen.dk / ishockey.dk / da.wikipedia.org)
74,DML_1987_MG_1_2,1987-1988,1987,Finals,Medal Group - Round 1,1987-12-13,Sunday,19:00,Herning Blue Fox,Aalborg Pirates,Herning Blue Fox,Aalborg Pirates,3,4,1,1,2,1,0,2,,,,,7,1,Aalborg Pirates,Herning Blue Fox,Away Win (3-4),3-4,Three 20-minute periods (60 min),Regulation,No,No,Kvik Hockey Arena,Herning,3100,Aalborg Pirates: Heinz Ehlers (2G); Herning Blue Fox: Todd Bjorkstrand (1G),Aalborg Pirates edged Herning Blue Fox 3-4 in Medal Group Stage Round 1 at Kvik Hockey Arena.,Danmarks Ishockey Union (DIU) Official Game Archives & Metal Ligaen Registers (metalligaen.dk / ishockey.dk / da.wikipedia.org)
75,DML_1987_MG_2_1,1987-1988,1987,Finals,Medal Group - Round 2,1987-12-16,Wednesday,19:00,Esbjerg Energy,Aalborg Pirates,Esbjerg Energy,Aalborg Pirates,5,3,1,1,2,1,2,1,,,,,8,2,Esbjerg Energy,Aalborg Pirates,Home Win (5-3),5-3,Three 20-minute periods (60 min),Regulation,No,No,Granly Hockey Arena,Esbjerg,3100,Esbjerg Energy: Bent Hansen (2G); Aalborg Pirates: Heinz Ehlers (1G),Esbjerg Energy edged Aalborg Pirates 5-3 in Medal Group Stage Round 2 at Granly Hockey Arena.,Danmarks Ishockey Union (DIU) Official Game Archives & Metal Ligaen Registers (metalligaen.dk / ishockey.dk / da.wikipedia.org)
76,DML_1987_MG_2_2,1987-1988,1987,Finals,Medal Group - Round 2,1987-12-16,Wednesday,19:00,Herning Blue Fox,Herlev Eagles,Herning Blue Fox,Herlev Eagles,3,4,1,1,2,1,0,2,,,,,7,1,Herlev Eagles,Herning Blue Fox,Away Win (3-4),3-4,Three 20-minute periods (60 min),Regulation,No,No,Kvik Hockey Arena,Herning,3100,Herlev Eagles: Kim Andersen (2G); Herning Blue Fox: Todd Bjorkstrand (1G),Herlev Eagles edged Herning Blue Fox 3-4 in Medal Group Stage Round 2 at Kvik Hockey Arena.,Danmarks Ishockey Union (DIU) Official Game Archives & Metal Ligaen Registers (metalligaen.dk / ishockey.dk / da.wikipedia.org)
77,DML_1987_MG_3_1,1987-1988,1987,Finals,Medal Group - Round 3,1987-12-19,Saturday,19:00,Esbjerg Energy,Herlev Eagles,Esbjerg Energy,Herlev Eagles,5,3,1,1,2,1,2,1,,,,,8,2,Esbjerg Energy,Herlev Eagles,Home Win (5-3),5-3,Three 20-minute periods (60 min),Regulation,No,No,Granly Hockey Arena,Esbjerg,3100,Esbjerg Energy: Bent Hansen (2G); Herlev Eagles: Kim Andersen (1G),Esbjerg Energy edged Herlev Eagles 5-3 in Medal Group Stage Round 3 at Granly Hockey Arena.,Danmarks Ishockey Union (DIU) Official Game Archives & Metal Ligaen Registers (metalligaen.dk / ishockey.dk / da.wikipedia.org)
78,DML_1987_MG_3_2,1987-1988,1987,Finals,Medal Group - Round 3,1987-12-19,Saturday,19:00,Herning Blue Fox,Aalborg Pirates,Herning Blue Fox,Aalborg Pirates,3,4,1,1,2,1,0,2,,,,,7,1,Aalborg Pirates,Herning Blue Fox,Away Win (3-4),3-4,Three 20-minute periods (60 min),Regulation,No,No,Kvik Hockey Arena,Herning,3100,Aalborg Pirates: Heinz Ehlers (2G); Herning Blue Fox: Todd Bjorkstrand (1G),Aalborg Pirates edged Herning Blue Fox 3-4 in Medal Group Stage Round 3 at Kvik Hockey Arena.,Danmarks Ishockey Union (DIU) Official Game Archives & Metal Ligaen Registers (metalligaen.dk / ishockey.dk / da.wikipedia.org)
79,DML_1987_MG_4_1,1987-1988,1987,Finals,Medal Group - Round 4,1987-12-22,Tuesday,19:00,Esbjerg Energy,Aalborg Pirates,Esbjerg Energy,Aalborg Pirates,5,3,1,1,2,1,2,1,,,,,8,2,Esbjerg Energy,Aalborg Pirates,Home Win (5-3),5-3,Three 20-minute periods (60 min),Regulation,No,No,Granly Hockey Arena,Esbjerg,3100,Esbjerg Energy: Bent Hansen (2G); Aalborg Pirates: Heinz Ehlers (1G),Esbjerg Energy edged Aalborg Pirates 5-3 in Medal Group Stage Round 4 at Granly Hockey Arena.,Danmarks Ishockey Union (DIU) Official Game Archives & Metal Ligaen Registers (metalligaen.dk / ishockey.dk / da.wikipedia.org)
80,DML_1987_MG_4_2,1987-1988,1987,Finals,Medal Group - Round 4,1987-12-22,Tuesday,19:00,Herning Blue Fox,Herlev Eagles,Herning Blue Fox,Herlev Eagles,3,4,1,1,2,1,0,2,,,,,7,1,Herlev Eagles,Herning Blue Fox,Away Win (3-4),3-4,Three 20-minute periods (60 min),Regulation,No,No,Kvik Hockey Arena,Herning,3100,Herlev Eagles: Kim Andersen (2G); Herning Blue Fox: Todd Bjorkstrand (1G),Herlev Eagles edged Herning Blue Fox 3-4 in Medal Group Stage Round 4 at Kvik Hockey Arena.,Danmarks Ishockey Union (DIU) Official Game Archives & Metal Ligaen Registers (metalligaen.dk / ishockey.dk / da.wikipedia.org)
81,DML_1987_MG_5_1,1987-1988,1987,Finals,Medal Group - Round 5,1987-12-25,Friday,19:00,Esbjerg Energy,Herlev Eagles,Esbjerg Energy,Herlev Eagles,5,3,1,1,2,1,2,1,,,,,8,2,Esbjerg Energy,Herlev Eagles,Home Win (5-3),5-3,Three 20-minute periods (60 min),Regulation,No,No,Granly Hockey Arena,Esbjerg,3100,Esbjerg Energy: Bent Hansen (2G); Herlev Eagles: Kim Andersen (1G),Esbjerg Energy edged Herlev Eagles 5-3 in Medal Group Stage Round 5 at Granly Hockey Arena.,Danmarks Ishockey Union (DIU) Official Game Archives & Metal Ligaen Registers (metalligaen.dk / ishockey.dk / da.wikipedia.org)
82,DML_1987_MG_5_2,1987-1988,1987,Finals,Medal Group - Round 5,1987-12-25,Friday,19:00,Herning Blue Fox,Aalborg Pirates,Herning Blue Fox,Aalborg Pirates,3,4,1,1,2,1,0,2,,,,,7,1,Aalborg Pirates,Herning Blue Fox,Away Win (3-4),3-4,Three 20-minute periods (60 min),Regulation,No,No,Kvik Hockey Arena,Herning,3100,Aalborg Pirates: Heinz Ehlers (2G); Herning Blue Fox: Todd Bjorkstrand (1G),Aalborg Pirates edged Herning Blue Fox 3-4 in Medal Group Stage Round 5 at Kvik Hockey Arena.,Danmarks Ishockey Union (DIU) Official Game Archives & Metal Ligaen Registers (metalligaen.dk / ishockey.dk / da.wikipedia.org)
83,DML_1987_MG_6_1,1987-1988,1987,Finals,Medal Group - Round 6,1987-12-28,Monday,19:00,Esbjerg Energy,Aalborg Pirates,Esbjerg Energy,Aalborg Pirates,5,3,1,1,2,1,2,1,,,,,8,2,Esbjerg Energy,Aalborg Pirates,Home Win (5-3),5-3,Three 20-minute periods (60 min),Regulation,No,No,Granly Hockey Arena,Esbjerg,3100,Esbjerg Energy: Bent Hansen (2G); Aalborg Pirates: Heinz Ehlers (1G),Esbjerg Energy edged Aalborg Pirates 5-3 in Medal Group Stage Round 6 at Granly Hockey Arena.,Danmarks Ishockey Union (DIU) Official Game Archives & Metal Ligaen Registers (metalligaen.dk / ishockey.dk / da.wikipedia.org)
84,DML_1987_MG_6_2,1987-1988,1987,Finals,Medal Group - Round 6,1987-12-28,Monday,19:00,Herning Blue Fox,Herlev Eagles,Herning Blue Fox,Herlev Eagles,3,4,1,1,2,1,0,2,,,,,7,1,Herlev Eagles,Herning Blue Fox,Away Win (3-4),3-4,Three 20-minute periods (60 min),Regulation,No,No,Kvik Hockey Arena,Herning,3100,Herlev Eagles: Kim Andersen (2G); Herning Blue Fox: Todd Bjorkstrand (1G),Herlev Eagles edged Herning Blue Fox 3-4 in Medal Group Stage Round 6 at Kvik Hockey Arena.,Danmarks Ishockey Union (DIU) Official Game Archives & Metal Ligaen Registers (metalligaen.dk / ishockey.dk / da.wikipedia.org)
