card_id,rank,contract,family,p_stated_original,p_model_original,p_card_original,ranking_q_status,outcome,grade,endpoint_value,diagnostic_brier,diagnostic_logloss,performance_eligible,grade_scope,baseline_literal,approved_baseline_score,source_labels
P-407,1,Club Brugge team corners Over 4.5,Club corners,0.78,,,RANKING_ONLY_NOT_SCORED,1,WIN,9,0.04839999999999999,0.2484613592984996,False,LEARNING_ONLY; NO_CERTIFIED_SETTLEMENT,NOT_RECOVERED,,P407_ProLeague;P407_Voetbalkrant
P-407,2,Royal Antwerp team goals Under 1.5,Antwerp goals,0.74,,,RANKING_ONLY_NOT_SCORED,1,WIN,1,0.06760000000000001,0.3011050927839216,False,LEARNING_ONLY; NO_CERTIFIED_SETTLEMENT,NOT_RECOVERED,,P407_ProLeague;P407_Voetbalkrant
P-407,3,1st Half total goals Over 0.5,1H goals,0.72,,,RANKING_ONLY_NOT_SCORED,1,WIN,2,0.07840000000000001,0.3285040669720361,False,LEARNING_ONLY; NO_CERTIFIED_SETTLEMENT,NOT_RECOVERED,,P407_ProLeague;P407_Voetbalkrant
P-407,4,Full match total goals Under 3.5,Full goals,0.68,,,RANKING_ONLY_NOT_SCORED,0,LOSS,4,0.4624000000000001,1.139434283188365,False,LEARNING_ONLY; NO_CERTIFIED_SETTLEMENT,NOT_RECOVERED,,P407_ProLeague;P407_Voetbalkrant
P-407,5,Full match total goals Over 2.5,Full goals,0.56,,,RANKING_ONLY_NOT_SCORED,1,WIN,4,0.19359999999999997,0.579818495252942,False,LEARNING_ONLY; NO_CERTIFIED_SETTLEMENT,NOT_RECOVERED,,P407_ProLeague;P407_Voetbalkrant
P-410,1,RB Leipzig team goals Over 0.5,Leipzig goals,0.88,,,RANKING_ONLY_NOT_SCORED,1,WIN,5,0.0144,0.12783337150988489,False,LEARNING_ONLY; NO_CERTIFIED_SETTLEMENT,NOT_RECOVERED,,P410_DFL_candidate;P410_HSV_original
P-410,2,RB Leipzig or Draw (90 min),1X,0.86,,,RANKING_ONLY_NOT_SCORED,1,WIN,5–0,0.019600000000000003,0.15082288973458366,False,LEARNING_ONLY; NO_CERTIFIED_SETTLEMENT,NOT_RECOVERED,,P410_DFL_candidate;P410_HSV_original
P-410,3,Hamburger SV team goals Under 1.5,HSV goals,0.82,,,RANKING_ONLY_NOT_SCORED,1,WIN,0,0.03240000000000002,0.19845093872383832,False,LEARNING_ONLY; NO_CERTIFIED_SETTLEMENT,NOT_RECOVERED,,P410_DFL_candidate;P410_HSV_original
P-410,4,1st Half total goals Over 0.5,1H goals,0.76,,,RANKING_ONLY_NOT_SCORED,1,WIN,2,0.0576,0.2744368457017603,False,LEARNING_ONLY; NO_CERTIFIED_SETTLEMENT,NOT_RECOVERED,,P410_DFL_candidate;P410_HSV_original
P-410,5,RB Leipzig team corners Over 4.5,Leipzig corners,0.68,,,RANKING_ONLY_NOT_SCORED,1,WIN,7,0.10239999999999996,0.3856624808119846,False,LEARNING_ONLY; NO_CERTIFIED_SETTLEMENT,NOT_RECOVERED,,P410_DFL_candidate;P410_HSV_original
P-518,1,Mets +1.5,Signed margin,0.64,,,RANKING_ONLY_NOT_SCORED,1,WIN,Mets +6,0.1296,0.4462871026284195,False,LEARNING_ONLY; NO_CERTIFIED_SETTLEMENT,0.638,,P518_MLB
P-518,2,Nationals +1.5,Signed margin,0.635,,,RANKING_ONLY_NOT_SCORED,0,LOSS,Nationals −6,0.403225,1.0078579253996456,False,LEARNING_ONLY; NO_CERTIFIED_SETTLEMENT,0.638,,P518_MLB
P-518,3,Over 8.5,Total runs,0.59,,,RANKING_ONLY_NOT_SCORED,0,LOSS,8,0.34809999999999997,0.8915981192837835,False,LEARNING_ONLY; NO_CERTIFIED_SETTLEMENT,0.491,,P518_MLB
P-518,4,Under 8.5,Total runs,0.41,,,RANKING_ONLY_NOT_SCORED,1,WIN,8,0.3481000000000001,0.8915981192837836,False,LEARNING_ONLY; NO_CERTIFIED_SETTLEMENT,0.509,,P518_MLB
P-519,1,Under 89.5,Full points,0.719,,,RANKING_ONLY_NOT_SCORED,0,LOSS,108,0.516961,1.2694006096483912,False,LEARNING_ONLY; NO_CERTIFIED_SETTLEMENT,NOT_YET_DERIVED (0.500),,P519_AFLW;P519_AAP;P519_Kimber;P519_GC_selection;P519_SK_selection
P-519,2,Suns(W) -27.5,Margin,0.449,,,RANKING_ONLY_NOT_SCORED,1,WIN,30,0.30360099999999995,0.8007323912398827,False,LEARNING_ONLY; NO_CERTIFIED_SETTLEMENT,NOT_YET_DERIVED (0.500),,P519_AFLW;P519_AAP;P519_Kimber;P519_GC_selection;P519_SK_selection
P-519,3,St Kidla(W) +27.5,Margin,0.551,,,RANKING_ONLY_NOT_SCORED,0,LOSS,-30,0.30360100000000007,0.8007323912398828,False,LEARNING_ONLY; NO_CERTIFIED_SETTLEMENT,NOT_YET_DERIVED (0.500),,P519_AFLW;P519_AAP;P519_Kimber;P519_GC_selection;P519_SK_selection
P-519,4,Over 89.5,Full points,0.281,,,RANKING_ONLY_NOT_SCORED,1,WIN,108,0.516961,1.2694006096483912,False,LEARNING_ONLY; NO_CERTIFIED_SETTLEMENT,NOT_YET_DERIVED (0.500),,P519_AFLW;P519_AAP;P519_Kimber;P519_GC_selection;P519_SK_selection
P-520,1,Giants ML,Lotte ML,0.577,,,RANKING_ONLY_NOT_SCORED,0,LOSS,Hanwha 6–2,0.332929,0.8603830999358589,False,LEARNING_ONLY; NO_CERTIFIED_SETTLEMENT,0.536,,P520_KBO;P520_KBO_review;P520_Khan;P520_Newsis
P-520,2,Eagles +1.5,Hanwha margin,0.52,,,RANKING_ONLY_NOT_SCORED,1,WIN,4,0.2304,0.6539264674066639,False,LEARNING_ONLY; NO_CERTIFIED_SETTLEMENT,0.638,,P520_KBO;P520_KBO_review;P520_Khan;P520_Newsis
P-520,3,Over 10.5,Total runs,0.515,,,RANKING_ONLY_NOT_SCORED,0,LOSS,8,0.265225,0.7236063880446539,False,LEARNING_ONLY; NO_CERTIFIED_SETTLEMENT,0.480,,P520_KBO;P520_KBO_review;P520_Khan;P520_Newsis
P-520,4,Under 10.5,Total runs,0.485,,,RANKING_ONLY_NOT_SCORED,1,WIN,8,0.265225,0.7236063880446539,False,LEARNING_ONLY; NO_CERTIFIED_SETTLEMENT,0.520,,P520_KBO;P520_KBO_review;P520_Khan;P520_Newsis
P-521,1,Joventut −5.5,Margin,0.408,,,RANKING_ONLY_NOT_SCORED,0,LOSS,-6,0.16646399999999997,0.5242486440981312,False,LEARNING_ONLY; NO_CERTIFIED_SETTLEMENT,0.5445 card diagnostic; ACB register NOT_YET_DERIVED,,P521_ACB;P521_plays;P521_EFE;P521_ElProgreso;P521_SER
P-521,2,Over 179.5,Full points,0.538,,,RANKING_ONLY_NOT_SCORED,1,WIN,214,0.21344399999999997,0.6198967188203526,False,LEARNING_ONLY; NO_CERTIFIED_SETTLEMENT,0.3922 card diagnostic; ACB register NOT_YET_DERIVED,,P521_ACB;P521_plays;P521_EFE;P521_ElProgreso;P521_SER
P-521,3,Under 179.5,Full points,0.462,,,RANKING_ONLY_NOT_SCORED,0,LOSS,214,0.21344400000000002,0.6198967188203526,False,LEARNING_ONLY; NO_CERTIFIED_SETTLEMENT,0.6078 card diagnostic; ACB register NOT_YET_DERIVED,,P521_ACB;P521_plays;P521_EFE;P521_ElProgreso;P521_SER
P-521,4,Breogán +5.5,Margin,0.592,,,RANKING_ONLY_NOT_SCORED,1,WIN,6,0.16646400000000003,0.5242486440981314,False,LEARNING_ONLY; NO_CERTIFIED_SETTLEMENT,0.4555 card diagnostic; ACB register NOT_YET_DERIVED,,P521_ACB;P521_plays;P521_EFE;P521_ElProgreso;P521_SER
P-522,1,Combined Total: Over 169.5 Points,Full points,0.667,,,RANKING_ONLY_NOT_SCORED,0,LOSS,161,0.44488900000000003,1.0996127890016933,False,LEARNING_ONLY; NO_CERTIFIED_SETTLEMENT,NOT_YET_DERIVED:acb,,P522_ACB
P-522,2,Tenerife −3.5,Margin,0.553,,,RANKING_ONLY_NOT_SCORED,0,LOSS,-1,0.30580900000000005,0.8051966843685683,False,LEARNING_ONLY; NO_CERTIFIED_SETTLEMENT,NOT_YET_DERIVED:acb,,P522_ACB
P-522,3,Combined Total: Over 179.5 Points,Full points,0.457,,,RANKING_ONLY_NOT_SCORED,0,LOSS,161,0.208849,0.6106459590482017,False,LEARNING_ONLY; NO_CERTIFIED_SETTLEMENT,NOT_YET_DERIVED:acb,,P522_ACB
P-522,4,Zaragoza +9.5,Margin,0.605,,,RANKING_ONLY_NOT_SCORED,1,WIN,1,0.15602500000000002,0.5025268209512956,False,LEARNING_ONLY; NO_CERTIFIED_SETTLEMENT,NOT_YET_DERIVED:acb,,P522_ACB
CLAIMED_P-523,1,Combined 1st Half Total: Over 0.5 Goals,1H goals,0.674,,,RANKING_ONLY_NOT_SCORED,1,WIN,2,0.10627599999999997,0.39452516806982996,False,LEARNING_ONLY; NO_CERTIFIED_SETTLEMENT,0.680,,P523_Diez;P523_Vision;P523_ESPN;P523_Premium;P523_APG
CLAIMED_P-523,2,Combined Total Goals: Under 2.5 Goals,Full goals,0.518,,,RANKING_ONLY_NOT_SCORED,1,WIN,2,0.23232399999999997,0.657780036722654,False,LEARNING_ONLY; NO_CERTIFIED_SETTLEMENT,0.475,,P523_Diez;P523_Vision;P523_ESPN;P523_Premium;P523_APG
CLAIMED_P-523,3,Combined Total Goals: Over 2.5 Goals,Full goals,0.482,,,RANKING_ONLY_NOT_SCORED,0,LOSS,2,0.23232399999999997,0.657780036722654,False,LEARNING_ONLY; NO_CERTIFIED_SETTLEMENT,0.525,,P523_Diez;P523_Vision;P523_ESPN;P523_Premium;P523_APG
CLAIMED_P-523,4,Combined 1st Half Total: Under 0.5 Goals,1H goals,0.326,,,RANKING_ONLY_NOT_SCORED,0,LOSS,2,0.10627600000000001,0.3945251680698301,False,LEARNING_ONLY; NO_CERTIFIED_SETTLEMENT,0.320,,P523_Diez;P523_Vision;P523_ESPN;P523_Premium;P523_APG
