record_id,parent_record_id,forecast_recorded_utc,event_start_utc,sport,competition,event,forecast_state,cutoff_utc,market,selection,line,rank,verdict,potential_winner,model_status,formal_status,result,settled_utc,settlement_source,retrospective,calibration_eligible
V6-MIG-001-A,V6-MIG-001,2026-07-16T09:39:14Z,2026-07-16T09:30:00Z,Australian football,AFL,"Geelong Cats v St Kilda, Round 19",LIVE,2026-07-16T09:39:14Z,"Handicaps and full-game total","NO FORMAL SELECTION",,,PASS,,QUALITATIVE,MODEL_AND_LIVE_STATE_UNAVAILABLE,NOT_GRADED,2026-07-20T08:09:01Z,"Official AFL completed match report","Final 102-75 verified; the documented pass remains ungraded because no selection was made.",FALSE
V6-MIG-001-B,V6-MIG-001,2026-07-16T09:57:24Z,2026-07-16T09:30:00Z,Australian football,AFL,"Geelong Cats v St Kilda, Round 19",LIVE,2026-07-16T09:57:24Z,"Open candidate universe","NO FORMAL SELECTION",,,PASS,,QUALITATIVE,CONTRACT_AND_LIVE_STATE_UNAVAILABLE,NOT_GRADED,2026-07-20T08:09:01Z,"Official AFL completed match report","Final 102-75 verified; the documented pass remains ungraded because no selection was made.",FALSE
V6-MIG-001-C,V6-MIG-001,2026-07-16T11:44:39Z,2026-07-16T09:30:00Z,Australian football,AFL,"Geelong Cats v St Kilda, Round 19",LIVE,2026-07-16T11:44:39Z,Full-game total,"NO FORMAL SELECTION",177.5,,PASS,,QUALITATIVE,MODEL_UNAVAILABLE_AND_CUTOFF_FAILURE,NOT_GRADED,2026-07-20T08:09:01Z,"Official AFL completed match report","Final 102-75 verified; the documented pass remains ungraded because no selection was made.",FALSE
V6-MIG-002,,2026-07-16T11:55:02Z,2026-07-16T12:00:00Z,Cricket,ODI,"England Men v India Men, 2nd ODI",PREGAME,2026-07-16T11:55:02Z,"Open candidate universe","NO FORMAL SELECTION",,,PASS,,QUALITATIVE,MODEL_UNAVAILABLE_AND_UNIVERSE_NOT_FROZEN,NOT_GRADED,2026-07-20T08:09:01Z,"ICC report / completed scorecard","England won by four wickets after India made 233; no formal selection was issued.",FALSE
V6-001,,2026-07-16T18:50:06Z,2026-07-19T14:00:00Z,Cricket,ODI,"West Indies Men v New Zealand Men, 4th ODI",PREGAME,2026-07-16T18:47:02Z,"Team innings and first-10-over totals","NO FORMAL SELECTION",,,PASS,,QUALITATIVE,CONTRACT_AND_INPUTS_UNRESOLVED,NOT_GRADED,2026-07-20T08:09:01Z,"ICC report / Cricbuzz completed scorecard","New Zealand won by one wicket 189/9 to 188; no formal selection was issued.",FALSE
V6-002,,2026-07-16T18:58:07Z,2026-07-16T19:00:00Z,Rugby league,Super League,"Bradford Bulls v Wakefield Trinity, Round 19",PREGAME,2026-07-16T18:53:14Z,"Handicaps and total","NO FORMAL SELECTION",,,PASS,,QUALITATIVE,CONTRACT_UNRESOLVED,NOT_GRADED,2026-07-20T08:09:01Z,"Super League match centre / Sky Sports report","Wakefield won 26-12; no formal handicap total or winner selection was issued.",FALSE
V6-003-A-1,V6-003,2026-07-17T01:50:13Z,2026-07-17T00:30:00Z,Baseball,LMB,"Diablos Rojos del Mexico at Tigres de Quintana Roo, Game 3",LIVE,2026-07-17T01:49:32Z,Full-game total,Over,17.5,1,SUPPORTED,Diablos Rojos del Mexico,QUALITATIVE,RESEARCH_ONLY,WIN,2026-07-20T08:09:01Z,"Official Diablos Game 3 report","Final 13-5 produced 18 runs; Over 17.5 won although scoring cooled sharply after the live snapshot.",FALSE
V6-003-A-2,V6-003,2026-07-17T01:50:13Z,2026-07-17T00:30:00Z,Baseball,LMB,"Diablos Rojos del Mexico at Tigres de Quintana Roo, Game 3",LIVE,2026-07-17T01:49:32Z,Run line,Diablos Rojos del Mexico,-8.5,2,LEAN,Diablos Rojos del Mexico,QUALITATIVE,RESEARCH_ONLY,LOSS,2026-07-20T08:09:01Z,"Official Diablos Game 3 report","Diablos won by exactly 8; -8.5 lost.",FALSE
V6-003-A-3,V6-003,2026-07-17T01:50:13Z,2026-07-17T00:30:00Z,Baseball,LMB,"Diablos Rojos del Mexico at Tigres de Quintana Roo, Game 3",LIVE,2026-07-17T01:49:32Z,Run line,Tigres de Quintana Roo,+7.5,3,AVOID,Diablos Rojos del Mexico,QUALITATIVE,COMPARISON_ONLY,LOSS,2026-07-20T08:09:01Z,"Official Diablos Game 3 report","Tigres lost by exactly 8; +7.5 lost and the warned run-line gap occurred.",FALSE
V6-003-A-4,V6-003,2026-07-17T01:50:13Z,2026-07-17T00:30:00Z,Baseball,LMB,"Diablos Rojos del Mexico at Tigres de Quintana Roo, Game 3",LIVE,2026-07-17T01:49:32Z,Full-game total,Under,18.5,4,AVOID,Diablos Rojos del Mexico,QUALITATIVE,COMPARISON_ONLY,WIN,2026-07-20T08:09:01Z,"Official Diablos Game 3 report","Final 18 made Under 18.5 a win; adjacent alternate totals are not independent evidence.",FALSE
V6-003-A-W,V6-003,2026-07-17T01:50:13Z,2026-07-17T00:30:00Z,Baseball,LMB,"Diablos Rojos del Mexico at Tigres de Quintana Roo, Game 3",LIVE,2026-07-17T01:49:32Z,Match winner,Diablos Rojos del Mexico,,WINNER,LEAN,Diablos Rojos del Mexico,QUALITATIVE,RESEARCH_ONLY,WIN,2026-07-20T08:09:01Z,"Official Diablos Game 3 report","Diablos won 13-5; one qualitative LMB result does not validate the winner module.",FALSE
V6-003-B-1,V6-003,2026-07-17T03:25:59Z,2026-07-17T00:30:00Z,Baseball,LMB,"Diablos Rojos del Mexico at Tigres de Quintana Roo, Game 3",LIVE,2026-07-17T03:24:47Z,Full-game total,Over,19.5,1,PASS,,QUALITATIVE,CONTRACT_UNRESOLVED,LOSS,2026-07-20T08:09:01Z,"Official Diablos Game 3 report","Final 18 made Over 19.5 a loss; the original pass is outcome-neutral.",FALSE
V6-003-C-1,V6-003,2026-07-17T03:27:24Z,2026-07-17T00:30:00Z,Baseball,LMB,"Diablos Rojos del Mexico at Tigres de Quintana Roo, Game 3",LIVE,2026-07-17T03:26:35Z,Full-game total,Over,19.5,1,PASS,,QUALITATIVE,CONTRACT_UNRESOLVED,LOSS,2026-07-20T08:09:01Z,"Official Diablos Game 3 report","Final 18 made Over 19.5 a loss; the original pass is outcome-neutral.",FALSE
V6-004,,2026-07-17T04:32:40Z,,Cricket,Major League Cricket,"Washington Freedom v San Francisco Unicorns, MLC Challenger",LIVE,2026-07-17T04:32:40Z,Match winner,Washington Freedom,,WINNER,LEAN,Washington Freedom,QUALITATIVE,QUALITATIVE_LIVE_LEAN,WIN,2026-07-18T02:13:37Z,"Hindustan Times completed scorecard","Washington defended 238/6 as San Francisco reached 231/6; the narrow seven-run win matched the stated slight state edge, while Matthew Short's 121 showed the disclosed set-batter risk was material. One result does not validate an MLC live model.",FALSE
V6-005-1,V6-005,2026-07-18T02:15:54Z,2026-07-18T02:00:00Z,Basketball,WNBA,"Connecticut Sun at Phoenix Mercury",LIVE,2026-07-18T02:15:54Z,First-quarter total,Under,42.0,1,SUPPORTED,Phoenix Mercury,QUALITATIVE,RESEARCH_ONLY,LOSS,2026-07-20T08:09:01Z,"WNBA final recap / FOX box score","First-quarter total was 47; the sub-four-minute low-pace sample failed.",FALSE
V6-005-2,V6-005,2026-07-18T02:15:54Z,2026-07-18T02:00:00Z,Basketball,WNBA,"Connecticut Sun at Phoenix Mercury",LIVE,2026-07-18T02:15:54Z,First-half total,Under,83.5,2,LEAN,Phoenix Mercury,QUALITATIVE,RESEARCH_ONLY,LOSS,2026-07-20T08:09:01Z,"WNBA final recap / FOX box score","First-half total was 91; the correlated under thesis lost.",FALSE
V6-005-3,V6-005,2026-07-18T02:15:54Z,2026-07-18T02:00:00Z,Basketball,WNBA,"Connecticut Sun at Phoenix Mercury",LIVE,2026-07-18T02:15:54Z,Full-game total,Under,163.5,3,LEAN,Phoenix Mercury,QUALITATIVE,RESEARCH_ONLY,LOSS,2026-07-20T08:09:01Z,"WNBA final recap / FOX box score","Full-game total was 179; Under 163.5 lost.",FALSE
V6-005-4,V6-005,2026-07-18T02:15:54Z,2026-07-18T02:00:00Z,Basketball,WNBA,"Connecticut Sun at Phoenix Mercury",LIVE,2026-07-18T02:15:54Z,Full-game total,Over,163.5,4,AVOID,Phoenix Mercury,QUALITATIVE,COMPARISON_ONLY,WIN,2026-07-20T08:09:01Z,"WNBA final recap / FOX box score","Full-game total was 179; the comparison-only Over won.",FALSE
V6-005-W,V6-005,2026-07-18T02:15:54Z,2026-07-18T02:00:00Z,Basketball,WNBA,"Connecticut Sun at Phoenix Mercury",LIVE,2026-07-18T02:15:54Z,Match winner,Phoenix Mercury,,WINNER,LEAN,Phoenix Mercury,QUALITATIVE,RESEARCH_ONLY,LOSS,2026-07-20T08:09:01Z,"WNBA final recap / FOX box score","Connecticut won 96-83 and led throughout; the Phoenix winner lean lost.",FALSE
V6-006-1,V6-006,2026-07-18T03:07:25Z,2026-07-18T03:15:00Z,Australian rules football,AFL,"Port Adelaide v Fremantle",PRE_GAME,2026-07-18T03:07:25Z,Full-game total,Under,173.5,1,SUPPORTED,Fremantle,QUALITATIVE,RESEARCH_ONLY,LOSS,2026-07-18T06:21:57Z,"ABC News completed live blog","Under lost as the 178 total cleared the line by 4.5; Fremantle's 103-point ceiling outweighed Port's defensive profile.",FALSE
V6-006-2,V6-006,2026-07-18T03:07:25Z,2026-07-18T03:15:00Z,Australian rules football,AFL,"Port Adelaide v Fremantle",PRE_GAME,2026-07-18T03:07:25Z,Handicap,Port Adelaide,+44.5,2,LEAN,Fremantle,QUALITATIVE,RESEARCH_ONLY,WIN,2026-07-18T06:21:57Z,"ABC News completed live blog","Port lost by 28 and covered +44.5 by 16.5; separating winner from large handicap was correct.",FALSE
V6-006-3,V6-006,2026-07-18T03:07:25Z,2026-07-18T03:15:00Z,Australian rules football,AFL,"Port Adelaide v Fremantle",PRE_GAME,2026-07-18T03:07:25Z,Handicap,Fremantle,-44.5,3,PASS,Fremantle,QUALITATIVE,COMPARISON_ONLY,LOSS,2026-07-18T06:21:57Z,"ABC News completed live blog","Fremantle won by 28 but did not cover 44.5; the pass was appropriate.",FALSE
V6-006-4,V6-006,2026-07-18T03:07:25Z,2026-07-18T03:15:00Z,Australian rules football,AFL,"Port Adelaide v Fremantle",PRE_GAME,2026-07-18T03:07:25Z,Full-game total,Over,173.5,4,AVOID,Fremantle,QUALITATIVE,COMPARISON_ONLY,WIN,2026-07-18T06:21:57Z,"ABC News completed live blog","The over won with 178; ranking it AVOID was directionally wrong even though it was not recommended.",FALSE
V6-006-W,V6-006,2026-07-18T03:07:25Z,2026-07-18T03:15:00Z,Australian rules football,AFL,"Port Adelaide v Fremantle",PRE_GAME,2026-07-18T03:07:25Z,Match winner,Fremantle,,WINNER,SUPPORTED,Fremantle,QUALITATIVE,RESEARCH_ONLY,WIN,2026-07-18T06:21:57Z,"ABC News completed live blog","Fremantle won 103-75 as expected, but the 28-point margin did not support the large favorite handicap.",FALSE
V6-007-1,V6-007,2026-07-18T06:21:57Z,2026-07-18T06:15:00Z,Australian rules football,AFL,"North Melbourne v Melbourne",START_WINDOW,2026-07-18T06:21:57Z,Handicap,Melbourne,-9.5,1,LEAN,Melbourne,QUALITATIVE,RESEARCH_ONLY,WIN,2026-07-18T09:26:33Z,ABC News completed live blog,"Melbourne won by 16 and covered -9.5; the second-half defensive turnaround delivered the side edge.",FALSE
V6-007-2,V6-007,2026-07-18T06:21:57Z,2026-07-18T06:15:00Z,Australian rules football,AFL,"North Melbourne v Melbourne",START_WINDOW,2026-07-18T06:21:57Z,Full-game total,Under,185.5,2,LEAN,Melbourne,QUALITATIVE,RESEARCH_ONLY,WIN,2026-07-18T09:26:33Z,ABC News completed live blog,"The 168 total stayed 17.5 below the line; recent low-total evidence was useful without justifying model promotion.",FALSE
V6-007-3,V6-007,2026-07-18T06:21:57Z,2026-07-18T06:15:00Z,Australian rules football,AFL,"North Melbourne v Melbourne",START_WINDOW,2026-07-18T06:21:57Z,Handicap,North Melbourne,+9.5,3,PASS,Melbourne,QUALITATIVE,COMPARISON_ONLY,LOSS,2026-07-18T09:26:33Z,ABC News completed live blog,"North lost by 16 and did not cover +9.5; retaining it only as a comparison was appropriate.",FALSE
V6-007-4,V6-007,2026-07-18T06:21:57Z,2026-07-18T06:15:00Z,Australian rules football,AFL,"North Melbourne v Melbourne",START_WINDOW,2026-07-18T06:21:57Z,Full-game total,Over,185.5,4,AVOID,Melbourne,QUALITATIVE,COMPARISON_ONLY,LOSS,2026-07-18T09:26:33Z,ABC News completed live blog,"The 168 total left the over 17.5 short; the avoid direction was correct.",FALSE
V6-007-W,V6-007,2026-07-18T06:21:57Z,2026-07-18T06:15:00Z,Australian rules football,AFL,"North Melbourne v Melbourne",START_WINDOW,2026-07-18T06:21:57Z,Match winner,Melbourne,,WINNER,LEAN,Melbourne,QUALITATIVE,RESEARCH_ONLY,WIN,2026-07-18T09:26:33Z,ABC News completed live blog,"Melbourne won 92-76 after overcoming first-half deficits; the lean was correct but the game was not one-way.",FALSE
V6-008-1,V6-008,2026-07-18T09:26:33Z,2026-07-18T09:35:00Z,Australian rules football,AFL,"Collingwood v Carlton",PRE_GAME,2026-07-18T09:26:33Z,Handicap,Collingwood,-4.5,1,LEAN,Collingwood,QUALITATIVE,RESEARCH_ONLY,WIN,2026-07-20T08:09:01Z,"Official AFL completed report","Collingwood won 90-69 by 21 and covered -4.5; pressure profile supported the side edge.",FALSE
V6-008-2,V6-008,2026-07-18T09:26:33Z,2026-07-18T09:35:00Z,Australian rules football,AFL,"Collingwood v Carlton",PRE_GAME,2026-07-18T09:26:33Z,Full-game total,Over,163.5,2,LEAN,Collingwood,QUALITATIVE,RESEARCH_ONLY,LOSS,2026-07-20T08:09:01Z,"Official AFL completed report","Combined total was 159; Over 163.5 lost.",FALSE
V6-008-3,V6-008,2026-07-18T09:26:33Z,2026-07-18T09:35:00Z,Australian rules football,AFL,"Collingwood v Carlton",PRE_GAME,2026-07-18T09:26:33Z,Handicap,Carlton,+4.5,3,PASS,Collingwood,QUALITATIVE,COMPARISON_ONLY,LOSS,2026-07-20T08:09:01Z,"Official AFL completed report","Carlton lost by 21; +4.5 lost.",FALSE
V6-008-4,V6-008,2026-07-18T09:26:33Z,2026-07-18T09:35:00Z,Australian rules football,AFL,"Collingwood v Carlton",PRE_GAME,2026-07-18T09:26:33Z,Full-game total,Under,163.5,4,PASS,Collingwood,QUALITATIVE,COMPARISON_ONLY,WIN,2026-07-20T08:09:01Z,"Official AFL completed report","Combined total was 159; comparison-only Under won.",FALSE
V6-008-W,V6-008,2026-07-18T09:26:33Z,2026-07-18T09:35:00Z,Australian rules football,AFL,"Collingwood v Carlton",PRE_GAME,2026-07-18T09:26:33Z,Match winner,Collingwood,,WINNER,LEAN,Collingwood,QUALITATIVE,RESEARCH_ONLY,WIN,2026-07-20T08:09:01Z,"Official AFL completed report","Collingwood won 90-69; one qualitative result does not validate the winner module.",FALSE
V6-009-1,V6-009,2026-07-18T09:50:42Z,2026-07-18T09:30:00Z,Cricket,Lanka Premier League 2026,"Kandy Royals v Dambulla Sixers",LIVE,2026-07-18T09:50:42Z,Dambulla first six overs total,Over,53.5,1,SUPPORTED,Kandy Royals,QUALITATIVE,RESEARCH_ONLY,WIN,2026-07-19T16:00:07Z,Cricbuzz completed scorecard,"Dambulla made 68 in the powerplay. The pick won but the original current-batter identity was wrong; do not promote the live-cricket module.",FALSE
V6-009-2,V6-009,2026-07-18T09:50:42Z,2026-07-18T09:30:00Z,Cricket,Lanka Premier League 2026,"Kandy Royals v Dambulla Sixers",LIVE,2026-07-18T09:50:42Z,Dambulla 20-over innings total,Over,178.5,2,LEAN,Kandy Royals,QUALITATIVE,RESEARCH_ONLY,WIN,2026-07-19T16:00:07Z,Cricbuzz completed scorecard,"Dambulla finished 205/6. The total call won; player-specific evidence at the cutoff was incorrect.",FALSE
V6-009-3,V6-009,2026-07-18T09:50:42Z,2026-07-18T09:30:00Z,Cricket,Lanka Premier League 2026,"Kandy Royals v Dambulla Sixers",LIVE,2026-07-18T09:50:42Z,Dambulla 20-over innings total,Under,178.5,3,PASS,Kandy Royals,QUALITATIVE,COMPARISON_ONLY,LOSS,2026-07-19T16:00:07Z,Cricbuzz completed scorecard,"Dambulla finished 205/6; comparison-only branch lost.",FALSE
V6-009-4,V6-009,2026-07-18T09:50:42Z,2026-07-18T09:30:00Z,Cricket,Lanka Premier League 2026,"Kandy Royals v Dambulla Sixers",LIVE,2026-07-18T09:50:42Z,Dambulla first six overs total,Under,53.5,4,AVOID,Kandy Royals,QUALITATIVE,COMPARISON_ONLY,LOSS,2026-07-19T16:00:07Z,Cricbuzz completed scorecard,"Dambulla made 68 in the powerplay; comparison-only branch lost.",FALSE
V6-009-W,V6-009,2026-07-18T09:50:42Z,2026-07-18T09:30:00Z,Cricket,Lanka Premier League 2026,"Kandy Royals v Dambulla Sixers",LIVE,2026-07-18T09:50:42Z,Match winner,Kandy Royals,,WINNER,LEAN,Kandy Royals,QUALITATIVE,RESEARCH_ONLY,LOSS,2026-07-19T16:00:07Z,Cricbuzz completed scorecard,"Dambulla won by 18 runs. Resolve club aliases before future winner selections.",FALSE
V6-010-1,V6-010,2026-07-19T16:00:07Z,2026-07-19T16:15:00Z,Baseball,MLB,"Chicago White Sox at Toronto Blue Jays",PREGAME,2026-07-19T16:00:07Z,Run line,Chicago White Sox,+1.5,1,SUPPORTED,Chicago White Sox,QUALITATIVE,RESEARCH_ONLY,WIN,2026-07-20T08:09:01Z,"Official MLB game story / postgame recap","Chicago won 3-0 and covered +1.5 by 4.5 runs.",FALSE
V6-010-2,V6-010,2026-07-19T16:00:07Z,2026-07-19T16:15:00Z,Baseball,MLB,"Chicago White Sox at Toronto Blue Jays",PREGAME,2026-07-19T16:00:07Z,Full-game total,Over,8.0,2,LEAN,Chicago White Sox,QUALITATIVE,RESEARCH_ONLY,LOSS,2026-07-20T08:09:01Z,"Official MLB game story / postgame recap","Total was 3; Burke's scoreless 6 2/3 and Yesavage's quality start defeated the over thesis.",FALSE
V6-010-3,V6-010,2026-07-19T16:00:07Z,2026-07-19T16:15:00Z,Baseball,MLB,"Chicago White Sox at Toronto Blue Jays",PREGAME,2026-07-19T16:00:07Z,Run line,Toronto Blue Jays,+1.5,3,PASS,Chicago White Sox,QUALITATIVE,COMPARISON_ONLY,LOSS,2026-07-20T08:09:01Z,"Official MLB game story / postgame recap","Toronto lost by 3; +1.5 lost.",FALSE
V6-010-4,V6-010,2026-07-19T16:00:07Z,2026-07-19T16:15:00Z,Baseball,MLB,"Chicago White Sox at Toronto Blue Jays",PREGAME,2026-07-19T16:00:07Z,Full-game total,Under,8.0,4,PASS,Chicago White Sox,QUALITATIVE,COMPARISON_ONLY,WIN,2026-07-20T08:09:01Z,"Official MLB game story / postgame recap","Total was 3; comparison-only Under won.",FALSE
V6-010-W,V6-010,2026-07-19T16:00:07Z,2026-07-19T16:15:00Z,Baseball,MLB,"Chicago White Sox at Toronto Blue Jays",PREGAME,2026-07-19T16:00:07Z,Match winner,Chicago White Sox,,WINNER,LEAN,Chicago White Sox,QUALITATIVE,RESEARCH_ONLY,WIN,2026-07-20T08:09:01Z,"Official MLB game story / postgame recap","Chicago won 3-0; one qualitative result does not validate the winner module.",FALSE
V6-011-1,V6-011,2026-07-21T13:57:15Z,2026-07-21T13:45:00Z,Cricket,The Hundred Women's Competition 2026,"MI London Women v SunRisers Leeds Women, Match 1",LIVE,2026-07-21T13:57:15Z,MI London first-innings 100-ball total,Under,140.5,1,LEAN,MI London Women,QUALITATIVE,RESEARCH_ONLY,WIN,2026-07-21T17:27:20Z,"CricTracker completed scorecard","MI London finished 107/8; Under 140.5 won. The early 28/0 state did not persist after eight wickets fell.",FALSE
V6-011-2,V6-011,2026-07-21T13:57:15Z,2026-07-21T13:45:00Z,Cricket,The Hundred Women's Competition 2026,"MI London Women v SunRisers Leeds Women, Match 1",LIVE,2026-07-21T13:57:15Z,MI London first-innings 100-ball total,Over,140.5,2,PASS,MI London Women,QUALITATIVE,COMPARISON_ONLY,LOSS,2026-07-21T17:27:20Z,"CricTracker completed scorecard","MI London finished 107/8; comparison-only Over 140.5 lost.",FALSE
V6-011-3,V6-011,2026-07-21T13:57:15Z,2026-07-21T13:45:00Z,Cricket,The Hundred Women's Competition 2026,"MI London Women v SunRisers Leeds Women, Match 1",LIVE,2026-07-21T13:57:15Z,Match winner,MI London Women,,3,LEAN,MI London Women,QUALITATIVE,RESEARCH_ONLY,LOSS,2026-07-21T17:27:20Z,"CricTracker completed scorecard","SunRisers won by seven wickets; the modest live MI winner lean lost.",FALSE
V6-011-4,V6-011,2026-07-21T13:57:15Z,2026-07-21T13:45:00Z,Cricket,The Hundred Women's Competition 2026,"MI London Women v SunRisers Leeds Women, Match 1",LIVE,2026-07-21T13:57:15Z,Match winner,SunRisers Leeds Women,,4,PASS,MI London Women,QUALITATIVE,COMPARISON_ONLY,WIN,2026-07-21T17:27:20Z,"CricTracker completed scorecard","SunRisers won by seven wickets; comparison-only winner branch won.",FALSE
V6-012-1,V6-012,2026-07-21T17:27:20Z,2026-07-21T17:30:00Z,Cricket,The Hundred Men's Competition 2026,"MI London Men v SunRisers Leeds Men, Match 1",PREGAME_TOSS,2026-07-21T17:27:20Z,SunRisers Leeds first-innings 100-ball total,Under,154.5,1,LEAN,MI London Men,QUALITATIVE,RESEARCH_ONLY,WIN,2026-07-21T23:01:00Z,"IPL completed match page","SunRisers finished 143 all out in 99 balls; Under 154.5 won. Retain ball count with score for Hundred-total settlement.",FALSE
V6-012-2,V6-012,2026-07-21T17:27:20Z,2026-07-21T17:30:00Z,Cricket,The Hundred Men's Competition 2026,"MI London Men v SunRisers Leeds Men, Match 1",PREGAME_TOSS,2026-07-21T17:27:20Z,Match winner,MI London Men,,2,LEAN,MI London Men,QUALITATIVE,RESEARCH_ONLY,WIN,2026-07-21T23:01:00Z,"IPL completed match page","MI London reached 144/3 in 84 balls to win by seven wickets; field-first/home lean won but remains qualitative.",FALSE
V6-012-3,V6-012,2026-07-21T17:27:20Z,2026-07-21T17:30:00Z,Cricket,The Hundred Men's Competition 2026,"MI London Men v SunRisers Leeds Men, Match 1",PREGAME_TOSS,2026-07-21T17:27:20Z,SunRisers Leeds first-innings 100-ball total,Over,154.5,3,PASS,MI London Men,QUALITATIVE,COMPARISON_ONLY,LOSS,2026-07-21T23:01:00Z,"IPL completed match page","SunRisers finished 143 all out in 99 balls; comparison-only Over 154.5 lost.",FALSE
V6-012-4,V6-012,2026-07-21T17:27:20Z,2026-07-21T17:30:00Z,Cricket,The Hundred Men's Competition 2026,"MI London Men v SunRisers Leeds Men, Match 1",PREGAME_TOSS,2026-07-21T17:27:20Z,Match winner,SunRisers Leeds Men,,4,PASS,MI London Men,QUALITATIVE,COMPARISON_ONLY,LOSS,2026-07-21T23:01:00Z,"IPL completed match page","MI London won by seven wickets; comparison-only SunRisers winner branch lost.",FALSE
V6-013-1,V6-013,2026-07-21T23:01:00Z,2026-07-21T23:07:00Z,Baseball,MLB Regular Season 2026,"Tampa Bay Rays at Toronto Blue Jays",PREGAME,2026-07-21T23:01:00Z,Run line,Tampa Bay Rays +1.5,1.5,1,LEAN,Tampa Bay Rays,QUALITATIVE,RESEARCH_ONLY,WIN,2026-07-22T17:28:30Z,"Official MLB final feed / game story","Tampa Bay won 12-2 (10-run margin); the Rays +1.5 lean won. This is a qualitative result only, with no bookmaker or price provenance.",FALSE
V6-013-2,V6-013,2026-07-21T23:01:00Z,2026-07-21T23:07:00Z,Baseball,MLB Regular Season 2026,"Tampa Bay Rays at Toronto Blue Jays",PREGAME,2026-07-21T23:01:00Z,Combined total,Under,7.5,2,PASS,Tampa Bay Rays,QUALITATIVE,COMPARISON_ONLY,LOSS,2026-07-22T17:28:30Z,"Official MLB final feed / game story","Fourteen total runs defeated the comparison-only Under; Gausman exited after 3 1/3 innings and Tampa Bay finished with 21 hits.",FALSE
V6-013-3,V6-013,2026-07-21T23:01:00Z,2026-07-21T23:07:00Z,Baseball,MLB Regular Season 2026,"Tampa Bay Rays at Toronto Blue Jays",PREGAME,2026-07-21T23:01:00Z,Combined total,Over,7.5,3,PASS,Tampa Bay Rays,QUALITATIVE,COMPARISON_ONLY,WIN,2026-07-22T17:28:30Z,"Official MLB final feed / game story","Fourteen total runs cleared 7.5, but the Over was comparison-only and is not a model success.",FALSE
V6-013-4,V6-013,2026-07-21T23:01:00Z,2026-07-21T23:07:00Z,Baseball,MLB Regular Season 2026,"Tampa Bay Rays at Toronto Blue Jays",PREGAME,2026-07-21T23:01:00Z,Run line,Toronto Blue Jays +1.5,1.5,4,AVOID,Tampa Bay Rays,QUALITATIVE,COMPARISON_ONLY,LOSS,2026-07-22T17:28:30Z,"Official MLB final feed / game story","Toronto lost by 10; the avoided +1.5 branch lost. It remains a non-complementary comparison, not independent evidence.",FALSE
V6-013-W,V6-013,2026-07-21T23:01:00Z,2026-07-21T23:07:00Z,Baseball,MLB Regular Season 2026,"Tampa Bay Rays at Toronto Blue Jays",PREGAME,2026-07-21T23:01:00Z,Match winner,Tampa Bay Rays,,WINNER,LEAN,Tampa Bay Rays,QUALITATIVE,RESEARCH_ONLY,WIN,2026-07-22T17:28:30Z,"Official MLB final feed / game story","Tampa Bay won 12-2; the correlated Rays winner lean won, without price or calibrated-model validation.",FALSE
V6-014-1,V6-014,2026-07-22T17:41:20Z,2026-07-22T17:35:00Z,Baseball,MLB Regular Season 2026,"Baltimore Orioles at Boston Red Sox, Game 1",LIVE,2026-07-22T17:41:20Z,Match winner,Boston Red Sox,,1,LEAN,Boston Red Sox,QUALITATIVE,RESEARCH_ONLY,WIN,2026-07-23T17:32:23Z,"Official MLB game video/recap, game 824735","Boston won 6-3. The side lean was right; the result does not validate an unpriced or uncalibrated model.",FALSE
V6-014-2,V6-014,2026-07-22T17:41:20Z,2026-07-22T17:35:00Z,Baseball,MLB Regular Season 2026,"Baltimore Orioles at Boston Red Sox, Game 1",LIVE,2026-07-22T17:41:20Z,Full-game total,Over,9.5,2,PASS,Boston Red Sox,QUALITATIVE,COMPARISON_ONLY,LOSS,2026-07-23T17:32:23Z,"Official MLB game video/recap, game 824735","Final total 9. This was a comparison-only pass, not an active pick.",FALSE
V6-014-3,V6-014,2026-07-22T17:41:20Z,2026-07-22T17:35:00Z,Baseball,MLB Regular Season 2026,"Baltimore Orioles at Boston Red Sox, Game 1",LIVE,2026-07-22T17:41:20Z,Run line,Baltimore Orioles +1.5,1.5,3,PASS,Boston Red Sox,QUALITATIVE,COMPARISON_ONLY,LOSS,2026-07-23T17:32:23Z,"Official MLB game video/recap, game 824735","Boston won by three. This was a comparison-only pass, not an active pick.",FALSE
V6-014-4,V6-014,2026-07-22T17:41:20Z,2026-07-22T17:35:00Z,Baseball,MLB Regular Season 2026,"Baltimore Orioles at Boston Red Sox, Game 1",LIVE,2026-07-22T17:41:20Z,Full-game total,Under,9.5,4,AVOID,Boston Red Sox,QUALITATIVE,COMPARISON_ONLY,WIN,2026-07-23T17:32:23Z,"Official MLB game video/recap, game 824735","Final total 9. An avoided branch winning does not create a recommendation.",FALSE
V6-015-1,V6-015,2026-07-22T19:40:14Z,2026-07-22T19:40:00Z,Baseball,MLB Regular Season 2026,"Athletics at Arizona Diamondbacks",PREGAME,2026-07-22T19:40:14Z,Match winner,Arizona Diamondbacks,,1,LEAN,Arizona Diamondbacks,QUALITATIVE,RESEARCH_ONLY,WIN,2026-07-23T17:32:23Z,"Official MLB game video/recap, game 825055","Arizona won 15-5. The side lean was right; the result does not validate an unpriced or uncalibrated model.",FALSE
V6-015-2,V6-015,2026-07-22T19:40:14Z,2026-07-22T19:40:00Z,Baseball,MLB Regular Season 2026,"Athletics at Arizona Diamondbacks",PREGAME,2026-07-22T19:40:14Z,Full-game total,Over,8.5,2,PASS,Arizona Diamondbacks,QUALITATIVE,COMPARISON_ONLY,WIN,2026-07-23T17:32:23Z,"Official MLB game video/recap, game 825055","Final total 20. This was a comparison-only pass, not an active pick.",FALSE
V6-015-3,V6-015,2026-07-22T19:40:14Z,2026-07-22T19:40:00Z,Baseball,MLB Regular Season 2026,"Athletics at Arizona Diamondbacks",PREGAME,2026-07-22T19:40:14Z,Run line,Athletics +1.5,1.5,3,PASS,Arizona Diamondbacks,QUALITATIVE,COMPARISON_ONLY,LOSS,2026-07-23T17:32:23Z,"Official MLB game video/recap, game 825055","Arizona won by 10. This was a comparison-only pass, not an active pick.",FALSE
V6-015-4,V6-015,2026-07-22T19:40:14Z,2026-07-22T19:40:00Z,Baseball,MLB Regular Season 2026,"Athletics at Arizona Diamondbacks",PREGAME,2026-07-22T19:40:14Z,Full-game total,Under,8.5,4,AVOID,Arizona Diamondbacks,QUALITATIVE,COMPARISON_ONLY,LOSS,2026-07-23T17:32:23Z,"Official MLB game video/recap, game 825055","Final total 20. The avoided branch lost.",FALSE
V6-016-1,V6-016,2026-07-23T17:38:01Z,2026-07-23T17:30:00Z,Cricket,The Hundred Men's Competition 2026,"London Spirit Men v Manchester Super Giants Men, Match 3",TOSS_PRE_FIRST_BALL,2026-07-23T17:38:01Z,"MSG first innings 100 balls",Under,147.5,1,PASS,"NO WINNER PICK",QUALITATIVE,"RAW_GRADED_STANDARD_RULES_NO_PRICE (orig: CONTRACT_UNVERIFIED_AND_RESEARCH_ONLY)",WIN,2026-07-28T17:40:00Z,"Cricbuzz completed scorecard + Cricket Australia match report","RE-GRADED 2026-07-28 under the price-independence directive (doc s1A), on the verified outcome under stated standard rules; no price or payout involved. MSG 138/9 from 100 balls is under 147.5. Pair leader (rank 1) and correct. ABSTENTION: this row was a PASS/LEAN/AVOID, not a selection - the grade measures directional and ranking accuracy only and is not a betting record.",FALSE
V6-016-2,V6-016,2026-07-23T17:38:01Z,2026-07-23T17:30:00Z,Cricket,The Hundred Men's Competition 2026,"London Spirit Men v Manchester Super Giants Men, Match 3",TOSS_PRE_FIRST_BALL,2026-07-23T17:38:01Z,"MSG first innings 100 balls",Over,147.5,2,PASS,"NO WINNER PICK",QUALITATIVE,"RAW_GRADED_STANDARD_RULES_NO_PRICE (orig: CONTRACT_UNVERIFIED_AND_RESEARCH_ONLY)",LOSS,2026-07-28T17:40:00Z,"Cricbuzz completed scorecard + Cricket Australia match report","RE-GRADED 2026-07-28 under the price-independence directive (doc s1A), on the verified outcome under stated standard rules; no price or payout involved. Mechanical complement of V6-016-1; not independent evidence. ABSTENTION: this row was a PASS/LEAN/AVOID, not a selection - the grade measures directional and ranking accuracy only and is not a betting record.",FALSE
V6-016-3,V6-016,2026-07-23T17:38:01Z,2026-07-23T17:30:00Z,Cricket,The Hundred Men's Competition 2026,"London Spirit Men v Manchester Super Giants Men, Match 3",TOSS_PRE_FIRST_BALL,2026-07-23T17:38:01Z,"MSG first innings first 25 balls",Under,37.5,3,PASS,"NO WINNER PICK",QUALITATIVE,"RAW_GRADED_STANDARD_RULES_NO_PRICE (orig: CONTRACT_UNVERIFIED_AND_RESEARCH_ONLY)",WIN,2026-07-28T17:40:00Z,"Cricbuzz completed scorecard + Cricket Australia match report","RE-GRADED 2026-07-28 under the price-independence directive (doc s1A), on the verified outcome under stated standard rules; no price or payout involved. MSG mandatory powerplay (balls 1-25) 26/1 is under 37.5. Pair leader (rank 3) and correct. Phase score newly sourced 2026-07-28. ABSTENTION: this row was a PASS/LEAN/AVOID, not a selection - the grade measures directional and ranking accuracy only and is not a betting record.",FALSE
V6-016-4,V6-016,2026-07-23T17:38:01Z,2026-07-23T17:30:00Z,Cricket,The Hundred Men's Competition 2026,"London Spirit Men v Manchester Super Giants Men, Match 3",TOSS_PRE_FIRST_BALL,2026-07-23T17:38:01Z,"MSG first innings first 25 balls",Over,37.5,4,PASS,"NO WINNER PICK",QUALITATIVE,"RAW_GRADED_STANDARD_RULES_NO_PRICE (orig: CONTRACT_UNVERIFIED_AND_RESEARCH_ONLY)",LOSS,2026-07-28T17:40:00Z,"Cricbuzz completed scorecard + Cricket Australia match report","RE-GRADED 2026-07-28 under the price-independence directive (doc s1A), on the verified outcome under stated standard rules; no price or payout involved. Mechanical complement of V6-016-3; not independent evidence. ABSTENTION: this row was a PASS/LEAN/AVOID, not a selection - the grade measures directional and ranking accuracy only and is not a betting record.",FALSE
V6-017-1,V6-017,2026-07-24T09:50:14Z,2026-07-24T09:30:00Z,Baseball,KBO Regular Season 2026,"KT Wiz at Lotte Giants",LIVE,2026-07-24T09:50:14Z,Match winner,KT Wiz,,1,PASS,"NO FORMAL WINNER PICK",QUALITATIVE,"RAW_GRADED_STANDARD_RULES_NO_PRICE (orig: CONTRACT_UNVERIFIED_AND_RESEARCH_ONLY)",WIN,2026-07-28T17:40:00Z,"Official KBO game centre; MyKBO Stats detail only","RE-GRADED 2026-07-28 under the price-independence directive (doc s1A), on the verified outcome under stated standard rules; no price or payout involved. KT won 5-4. Pair-independent row, correct. ABSTENTION: this row was a PASS/LEAN/AVOID, not a selection - the grade measures directional and ranking accuracy only and is not a betting record.",FALSE
V6-017-2,V6-017,2026-07-24T09:50:14Z,2026-07-24T09:30:00Z,Baseball,KBO Regular Season 2026,"KT Wiz at Lotte Giants",LIVE,2026-07-24T09:50:14Z,Run line,"Lotte Giants +1.5",1.5,2,PASS,"NO FORMAL WINNER PICK",QUALITATIVE,"RAW_GRADED_STANDARD_RULES_NO_PRICE (orig: CONTRACT_UNVERIFIED_AND_RESEARCH_ONLY)",WIN,2026-07-28T17:40:00Z,"Official KBO game centre; MyKBO Stats detail only","RE-GRADED 2026-07-28 under the price-independence directive (doc s1A), on the verified outcome under stated standard rules; no price or payout involved. Lotte lost by one, inside 1.5. Overlaps V6-017-1 under a one-run margin; not independent evidence. ABSTENTION: this row was a PASS/LEAN/AVOID, not a selection - the grade measures directional and ranking accuracy only and is not a betting record.",FALSE
V6-017-3,V6-017,2026-07-24T09:50:14Z,2026-07-24T09:30:00Z,Baseball,KBO Regular Season 2026,"KT Wiz at Lotte Giants",LIVE,2026-07-24T09:50:14Z,Full-game total,Under,9.5,3,PASS,"NO FORMAL WINNER PICK",QUALITATIVE,"RAW_GRADED_STANDARD_RULES_NO_PRICE (orig: CONTRACT_UNVERIFIED_AND_RESEARCH_ONLY)",WIN,2026-07-28T17:40:00Z,"Official KBO game centre; MyKBO Stats detail only","RE-GRADED 2026-07-28 under the price-independence directive (doc s1A), on the verified outcome under stated standard rules; no price or payout involved. Nine total runs is under 9.5. Pair leader (rank 3) and correct. ABSTENTION: this row was a PASS/LEAN/AVOID, not a selection - the grade measures directional and ranking accuracy only and is not a betting record.",FALSE
V6-017-4,V6-017,2026-07-24T09:50:14Z,2026-07-24T09:30:00Z,Baseball,KBO Regular Season 2026,"KT Wiz at Lotte Giants",LIVE,2026-07-24T09:50:14Z,Full-game total,Over,9.5,4,PASS,"NO FORMAL WINNER PICK",QUALITATIVE,"RAW_GRADED_STANDARD_RULES_NO_PRICE (orig: CONTRACT_UNVERIFIED_AND_RESEARCH_ONLY)",LOSS,2026-07-28T17:40:00Z,"Official KBO game centre; MyKBO Stats detail only","RE-GRADED 2026-07-28 under the price-independence directive (doc s1A), on the verified outcome under stated standard rules; no price or payout involved. Mechanical complement of V6-017-3; not independent evidence. ABSTENTION: this row was a PASS/LEAN/AVOID, not a selection - the grade measures directional and ranking accuracy only and is not a betting record.",FALSE
V6-018-1,V6-018,2026-07-24T16:54:45Z,2026-07-24T17:00:00Z,Soccer,Club Friendly,"FC Emmen v FC Twente",PREGAME,2026-07-24T16:54:45Z,"90-minute match result",FC Twente,,1,PASS,"NO FORMAL WINNER PICK",QUALITATIVE,"RAW_GRADED_STANDARD_RULES_NO_PRICE (orig: PREGAME_CONTRACT_AND_LINEUP_UNVERIFIED)",WIN,2026-07-28T17:40:00Z,"Official FC Emmen and FC Twente match reports, opened 2026-07-28","RE-GRADED 2026-07-28 under the price-independence directive (doc s1A), on the verified outcome under stated standard rules; no price or payout involved. Twente won 0-3. Correct on direction; the card passed on it, citing the rotation notice. ABSTENTION: this row was a PASS/LEAN/AVOID, not a selection - the grade measures directional and ranking accuracy only and is not a betting record.",FALSE
V6-018-2,V6-018,2026-07-24T16:54:45Z,2026-07-24T17:00:00Z,Soccer,Club Friendly,"FC Emmen v FC Twente",PREGAME,2026-07-24T16:54:45Z,"90-minute both teams to score",Yes,,2,PASS,"NO FORMAL WINNER PICK",QUALITATIVE,"RAW_GRADED_STANDARD_RULES_NO_PRICE (orig: PREGAME_CONTRACT_AND_LINEUP_UNVERIFIED)",LOSS,2026-07-28T17:40:00Z,"Official FC Emmen and FC Twente match reports, opened 2026-07-28","RE-GRADED 2026-07-28 under the price-independence directive (doc s1A), on the verified outcome under stated standard rules; no price or payout involved. Emmen kept a clean sheet, so BTTS settled No. Genuine directional miss. ABSTENTION: this row was a PASS/LEAN/AVOID, not a selection - the grade measures directional and ranking accuracy only and is not a betting record.",FALSE
V6-018-3,V6-018,2026-07-24T16:54:45Z,2026-07-24T17:00:00Z,Soccer,Club Friendly,"FC Emmen v FC Twente",PREGAME,2026-07-24T16:54:45Z,"90-minute total goals",Over,2.5,3,PASS,"NO FORMAL WINNER PICK",QUALITATIVE,"RAW_GRADED_STANDARD_RULES_NO_PRICE (orig: PREGAME_CONTRACT_AND_LINEUP_UNVERIFIED)",WIN,2026-07-28T17:40:00Z,"Official FC Emmen and FC Twente match reports, opened 2026-07-28","RE-GRADED 2026-07-28 under the price-independence directive (doc s1A), on the verified outcome under stated standard rules; no price or payout involved. Three goals clears 2.5; a 2.5 line cannot push. Correct on direction. ABSTENTION: this row was a PASS/LEAN/AVOID, not a selection - the grade measures directional and ranking accuracy only and is not a betting record.",FALSE
V6-018-4,V6-018,2026-07-24T16:54:45Z,2026-07-24T17:00:00Z,Soccer,Club Friendly,"FC Emmen v FC Twente",PREGAME,2026-07-24T16:54:45Z,"Match corners","NO CORNER SELECTION",,4,PASS,"NO FORMAL WINNER PICK",QUALITATIVE,"RAW_GRADED_STANDARD_RULES_NO_PRICE (orig: CORNER_CONTRACT_AND_LINE_UNAVAILABLE)",UNSETTLEABLE,2026-07-28T17:40:00Z,"Official FC Emmen and FC Twente match reports, opened 2026-07-28","RE-GRADED 2026-07-28 under the price-independence directive (doc s1A), on the verified outcome under stated standard rules; no price or payout involved. Genuinely ungradeable: no line was supplied and neither club published a corner count. Not a contract technicality. ABSTENTION: this row was a PASS/LEAN/AVOID, not a selection - the grade measures directional and ranking accuracy only and is not a betting record.",FALSE
V6-019-1,V6-019,2026-07-24T17:29:45Z,2026-07-24T17:30:00Z,Cricket,The Hundred Men's Competition 2026,"Birmingham Phoenix Men v Trent Rockets Men, Match 4",TOSS_PRE_FIRST_BALL,2026-07-24T17:29:45Z,"Phoenix first innings 100 balls",Under,141.5,1,PASS,"Trent Rockets (INFORMATIONAL ONLY)",QUALITATIVE,"RAW_GRADED_STANDARD_RULES_NO_PRICE (orig: POINTS_CONTRACT_PRICE_AND_SETTLEMENT_UNVERIFIED)",LOSS,2026-07-28T17:40:00Z,"Cricbuzz match object (state Complete) and ESPNcricinfo full scorecard, both opened 2026-07-28","RE-GRADED 2026-07-28 under the price-independence directive (doc s1A), on the verified outcome under stated standard rules; no price or payout involved. Phoenix 214/4 against 141.5. Pair leader (rank 1) and wrong: a bowl-first toss was read as a low-scoring signal. ABSTENTION: this row was a PASS/LEAN/AVOID, not a selection - the grade measures directional and ranking accuracy only and is not a betting record.",FALSE
V6-019-2,V6-019,2026-07-24T17:29:45Z,2026-07-24T17:30:00Z,Cricket,The Hundred Men's Competition 2026,"Birmingham Phoenix Men v Trent Rockets Men, Match 4",TOSS_PRE_FIRST_BALL,2026-07-24T17:29:45Z,"Phoenix first innings 100 balls",Over,141.5,2,PASS,"Trent Rockets (INFORMATIONAL ONLY)",QUALITATIVE,"RAW_GRADED_STANDARD_RULES_NO_PRICE (orig: POINTS_CONTRACT_PRICE_AND_SETTLEMENT_UNVERIFIED)",WIN,2026-07-28T17:40:00Z,"Cricbuzz match object (state Complete) and ESPNcricinfo full scorecard, both opened 2026-07-28","RE-GRADED 2026-07-28 under the price-independence directive (doc s1A), on the verified outcome under stated standard rules; no price or payout involved. Mechanical complement of V6-019-1; not independent evidence. ABSTENTION: this row was a PASS/LEAN/AVOID, not a selection - the grade measures directional and ranking accuracy only and is not a betting record.",FALSE
V6-019-3,V6-019,2026-07-24T17:29:45Z,2026-07-24T17:30:00Z,Cricket,The Hundred Men's Competition 2026,"Birmingham Phoenix Men v Trent Rockets Men, Match 4",TOSS_PRE_FIRST_BALL,2026-07-24T17:29:45Z,"Phoenix first innings first 25 balls",Under,34.5,3,PASS,"Trent Rockets (INFORMATIONAL ONLY)",QUALITATIVE,"RAW_GRADED_STANDARD_RULES_NO_PRICE (orig: POINTS_CONTRACT_PRICE_AND_SETTLEMENT_UNVERIFIED)",LOSS,2026-07-28T17:40:00Z,"ESPNcricinfo full scorecard phase line: Powerplay 1, balls 1-25 = 54 runs, 0 wicket; opened 2026-07-28","RE-GRADED 2026-07-28 under the price-independence directive (doc s1A), on the verified outcome under stated standard rules; no price or payout involved. Phoenix powerplay 54/0 against 34.5. Pair leader (rank 3) and wrong. ABSTENTION: this row was a PASS/LEAN/AVOID, not a selection - the grade measures directional and ranking accuracy only and is not a betting record.",FALSE
V6-019-4,V6-019,2026-07-24T17:29:45Z,2026-07-24T17:30:00Z,Cricket,The Hundred Men's Competition 2026,"Birmingham Phoenix Men v Trent Rockets Men, Match 4",TOSS_PRE_FIRST_BALL,2026-07-24T17:29:45Z,"Phoenix first innings first 25 balls",Over,34.5,4,PASS,"Trent Rockets (INFORMATIONAL ONLY)",QUALITATIVE,"RAW_GRADED_STANDARD_RULES_NO_PRICE (orig: POINTS_CONTRACT_PRICE_AND_SETTLEMENT_UNVERIFIED)",WIN,2026-07-28T17:40:00Z,"ESPNcricinfo full scorecard phase line: Powerplay 1, balls 1-25 = 54 runs, 0 wicket; opened 2026-07-28","RE-GRADED 2026-07-28 under the price-independence directive (doc s1A), on the verified outcome under stated standard rules; no price or payout involved. Mechanical complement of V6-019-3; not independent evidence. ABSTENTION: this row was a PASS/LEAN/AVOID, not a selection - the grade measures directional and ranking accuracy only and is not a betting record.",FALSE
V6-020-1,V6-020,2026-07-25T00:14:12Z,2026-07-25T00:15:00Z,Baseball,MLB Regular Season 2026,"Cincinnati Reds at St. Louis Cardinals",WARMUP_PRE_FIRST_PITCH,2026-07-25T00:14:12Z,"Full-game total",Over,8.0,1,LEAN,"St. Louis Cardinals (INFORMATIONAL ONLY)",QUALITATIVE,"RAW_GRADED_STANDARD_RULES_NO_PRICE (orig: PRICE_AND_SETTLEMENT_UNVERIFIED_REFERENCE_ONLY)",LOSS,2026-07-28T17:40:00Z,"Official MLB linescore and boxscore, game 823031, opened 2026-07-28T17:01Z","RE-GRADED 2026-07-28 under the price-independence directive (doc s1A), on the verified outcome under stated standard rules; no price or payout involved. Six total runs against Over 8.0; no push. The only non-PASS row in the sweep and the most important countable error: identical market, line and thesis to V6-010 five days earlier, and both starters threw quality. ABSTENTION: this row was a PASS/LEAN/AVOID, not a selection - the grade measures directional and ranking accuracy only and is not a betting record.",FALSE
V6-020-2,V6-020,2026-07-25T00:14:12Z,2026-07-25T00:15:00Z,Baseball,MLB Regular Season 2026,"Cincinnati Reds at St. Louis Cardinals",WARMUP_PRE_FIRST_PITCH,2026-07-25T00:14:12Z,"Full-game moneyline","St. Louis Cardinals",,2,PASS,"St. Louis Cardinals (INFORMATIONAL ONLY)",QUALITATIVE,"RAW_GRADED_STANDARD_RULES_NO_PRICE (orig: PRICE_AND_SETTLEMENT_UNVERIFIED_REFERENCE_ONLY)",LOSS,2026-07-28T17:40:00Z,"Official MLB linescore and boxscore, game 823031, opened 2026-07-28T17:01Z","RE-GRADED 2026-07-28 under the price-independence directive (doc s1A), on the verified outcome under stated standard rules; no price or payout involved. Cincinnati won 4-2. Home field, record and season pitching line all pointed the wrong way; a blown save decided it. ABSTENTION: this row was a PASS/LEAN/AVOID, not a selection - the grade measures directional and ranking accuracy only and is not a betting record.",FALSE
V6-020-3,V6-020,2026-07-25T00:14:12Z,2026-07-25T00:15:00Z,Baseball,MLB Regular Season 2026,"Cincinnati Reds at St. Louis Cardinals",WARMUP_PRE_FIRST_PITCH,2026-07-25T00:14:12Z,"Full-game run line","Cincinnati Reds +1.5",1.5,3,PASS,"St. Louis Cardinals (INFORMATIONAL ONLY)",QUALITATIVE,"RAW_GRADED_STANDARD_RULES_NO_PRICE (orig: PRICE_AND_SETTLEMENT_UNVERIFIED_REFERENCE_ONLY)",WIN,2026-07-28T17:40:00Z,"Official MLB linescore and boxscore, game 823031, opened 2026-07-28T17:01Z","RE-GRADED 2026-07-28 under the price-independence directive (doc s1A), on the verified outcome under stated standard rules; no price or payout involved. Cincinnati won outright, so +1.5 landed with the cushion unused. ABSTENTION: this row was a PASS/LEAN/AVOID, not a selection - the grade measures directional and ranking accuracy only and is not a betting record.",FALSE
V6-020-4,V6-020,2026-07-25T00:14:12Z,2026-07-25T00:15:00Z,Baseball,MLB Regular Season 2026,"Cincinnati Reds at St. Louis Cardinals",WARMUP_PRE_FIRST_PITCH,2026-07-25T00:14:12Z,"Full-game total",Under,8.0,4,AVOID,"St. Louis Cardinals (INFORMATIONAL ONLY)",QUALITATIVE,"RAW_GRADED_STANDARD_RULES_NO_PRICE (orig: PRICE_AND_SETTLEMENT_UNVERIFIED_REFERENCE_ONLY)",WIN,2026-07-28T17:40:00Z,"Official MLB linescore and boxscore, game 823031, opened 2026-07-28T17:01Z","RE-GRADED 2026-07-28 under the price-independence directive (doc s1A), on the verified outcome under stated standard rules; no price or payout involved. Mechanical complement of V6-020-1; not independent evidence. An 8.0 line would have pushed at exactly eight runs; the game finished on six. ABSTENTION: this row was a PASS/LEAN/AVOID, not a selection - the grade measures directional and ranking accuracy only and is not a betting record.",FALSE
V6-021-1,V6-021,2026-07-28T17:29:33Z,2026-07-28T17:30:00Z,Cricket,"The Hundred Men's Competition 2026","Sunrisers Leeds Men v Manchester Super Giants Men, 10th Match",TOSS_PRE_FIRST_BALL,2026-07-28T17:26:00Z,"MSG first innings 100 balls",Over,161.5,1,LEAN,"Manchester Super Giants (LEAN, event evidence only, no price used) - WRONG, Sunrisers Leeds won by 8 wickets",QUALITATIVE,"RUNS_METRIC_STATED_NO_PRICE_USED_PRICE_NOT_REQUIRED",WIN,2026-07-29T10:40:00Z,"ESPNcricinfo full scorecard 10th Match 1521240 and the men's series match-results page, both opened 2026-07-29T10:32Z via the validated text proxy; the two sources agree on both totals and the result string","SETTLED 2026-07-29. MSG made 181/3 from 100 balls, so Over 161.5 WON. The card's stated mechanism held: MSG's 138 was made at Lord's (2nd-lowest venue) and this innings was at Headingley (2nd-highest) with an identical XI. First prospective application of the venue-baseline control adopted after V6-016/V6-019. ABSTENTION-ADJACENT: this row was a LEAN, not a selection - the grade measures directional and ranking accuracy only and is not a betting record, hit rate or ROI. No price was used.",FALSE
V6-021-2,V6-021,2026-07-28T17:29:33Z,2026-07-28T17:30:00Z,Cricket,"The Hundred Men's Competition 2026","Sunrisers Leeds Men v Manchester Super Giants Men, 10th Match",TOSS_PRE_FIRST_BALL,2026-07-28T17:26:00Z,"MSG first innings 100 balls",Under,161.5,2,PASS,"Manchester Super Giants (LEAN, event evidence only, no price used) - WRONG, Sunrisers Leeds won by 8 wickets",QUALITATIVE,"RUNS_METRIC_STATED_NO_PRICE_USED_PRICE_NOT_REQUIRED",LOSS,2026-07-29T10:40:00Z,"ESPNcricinfo full scorecard 10th Match 1521240 and the men's series match-results page, both opened 2026-07-29T10:32Z via the validated text proxy; the two sources agree on both totals and the result string","SETTLED 2026-07-29. MSG 181/3; Under 161.5 LOST. Mechanical complement of V6-021-1 and NOT independent evidence - counting both rows would manufacture a meaningless 50 percent. This was a PASS, not a selection.",FALSE
V6-021-3,V6-021,2026-07-28T17:29:33Z,2026-07-28T17:30:00Z,Cricket,"The Hundred Men's Competition 2026","Sunrisers Leeds Men v Manchester Super Giants Men, 10th Match",TOSS_PRE_FIRST_BALL,2026-07-28T17:26:00Z,"MSG first innings first 25 balls",Under,39.5,3,PASS,"Manchester Super Giants (LEAN, event evidence only, no price used) - WRONG, Sunrisers Leeds won by 8 wickets",QUALITATIVE,"RUNS_METRIC_STATED_NO_PRICE_USED_UNORDERED_PAIR",LOSS,2026-07-29T10:40:00Z,"ESPNcricinfo full scorecard 10th Match 1521240 and the men's series match-results page, both opened 2026-07-29T10:32Z via the validated text proxy; the two sources agree on both totals and the result string","SETTLED 2026-07-29. MSG Powerplay 1 (balls 1-25) was 41/1 from the scorecard's own phase line, so Under 39.5 LOST by 1.5 runs. The pair was correctly logged UNORDERED; the venue argument (Headingley 45/0 and 48/0) beat the team argument (MSG own PP mean 32.5). MARGIN 1.5 RUNS - a near-coinflip outcome that must not be read as vindication of the venue factor. This was a PASS, not a selection.",FALSE
V6-021-4,V6-021,2026-07-28T17:29:33Z,2026-07-28T17:30:00Z,Cricket,"The Hundred Men's Competition 2026","Sunrisers Leeds Men v Manchester Super Giants Men, 10th Match",TOSS_PRE_FIRST_BALL,2026-07-28T17:26:00Z,"MSG first innings first 25 balls",Over,39.5,3,PASS,"Manchester Super Giants (LEAN, event evidence only, no price used) - WRONG, Sunrisers Leeds won by 8 wickets",QUALITATIVE,"RUNS_METRIC_STATED_NO_PRICE_USED_UNORDERED_PAIR",WIN,2026-07-29T10:40:00Z,"ESPNcricinfo full scorecard 10th Match 1521240 and the men's series match-results page, both opened 2026-07-29T10:32Z via the validated text proxy; the two sources agree on both totals and the result string","SETTLED 2026-07-29. MSG PP1 41/1; Over 39.5 WON by 1.5 runs. Mechanical complement of V6-021-3 and NOT independent evidence. Both this and the rank-1 win rest on the SAME venue adjustment applied to positively correlated markets - one observation with two readings, not two confirmations. This was a PASS, not a selection.",FALSE
V6-022-1,V6-022,2026-07-29T10:44:00Z,2026-07-29T10:30:00Z,Cricket,"The Hundred Women's Competition 2026","Welsh Fire Women v Trent Rockets Women, 11th Match",TOSS_PRE_FIRST_BALL,2026-07-29T10:28:00Z,"Welsh Fire Women first innings 100 balls",Over,133.5,1,LEAN,"Trent Rockets Women (LEAN, event evidence only, no price used)",QUALITATIVE,"RUNS_METRIC_STATED_NO_PRICE_USED_PRICE_NOT_REQUIRED",PENDING,,"Cricbuzz match 145132 (Toss state, toss result, venue, start time); official squad feed 145132 (both playing XIs); ESPNcricinfo women's schedule and results page series 1521193 (all nine completed innings totals and the abandonment); ESPNcricinfo scorecards for the 2nd, 4th, 6th and 8th Matches (powerplay phase lines and extras); Open-Meteo forecast API for Sophia Gardens - all opened 2026-07-29 between 10:28Z and 10:40Z","LEAN. Competition-wide base rate OPPOSES this line (women's 2026 first-innings mean 120.0, median 126; only 3 of 9 exceeded 133.5) and is deliberately overridden with venue- and matchup-specific evidence per the V6-016/V6-019 control. (a) Welsh Fire's only first innings this season is 177/4 AT THIS GROUND with the same batting card named today. (b) Trent Rockets' one bowling performance against competent batting leaked 146 in 97 balls to London Spirit, and that figure was CAPPED by the target, so the uncapped rate is higher; their 64-all-out was against Birmingham Phoenix, the weakest batting unit. (c) Dry, warm, 0 percent rain across the whole window. Bowl-first toss NOT used as under evidence per V6-019. LIMITS: venue sample is one women's match and Cardiff leads Headingley and Nottingham by only 5-6 match runs; Sciver-Brunt, Gardner, Garth and Bates are the strongest attack Welsh Fire have faced; no pitch report obtained.",FALSE
V6-022-2,V6-022,2026-07-29T10:44:00Z,2026-07-29T10:30:00Z,Cricket,"The Hundred Women's Competition 2026","Welsh Fire Women v Trent Rockets Women, 11th Match",TOSS_PRE_FIRST_BALL,2026-07-29T10:28:00Z,"Welsh Fire Women first innings first 25 balls",Over,31.5,2,LEAN,"Trent Rockets Women (LEAN, event evidence only, no price used)",QUALITATIVE,"RUNS_METRIC_STATED_NO_PRICE_USED_PRICE_NOT_REQUIRED",PENDING,,"Cricbuzz match 145132 (Toss state, toss result, venue, start time); official squad feed 145132 (both playing XIs); ESPNcricinfo women's schedule and results page series 1521193 (all nine completed innings totals and the abandonment); ESPNcricinfo scorecards for the 2nd, 4th, 6th and 8th Matches (powerplay phase lines and extras); Open-Meteo forecast API for Sophia Gardens - all opened 2026-07-29 between 10:28Z and 10:40Z","LEAN, ranked below row 1 because the margin is only about two runs. Line sits 2 below the competition powerplay median of 33.5 and 3 below Welsh Fire's own PP mean of 34.5 (38/0 at Cardiff, 31/1 at Southampton); 5 of 8 verified powerplays this season exceeded 31.5. Fielding restrictions plus a Voll/McCaughan/Kemp/Devine top order make an early collapse, not slow scoring, the main failure path. LIMITS: Rockets' PP concession mean is 24.0 and Kim Garth's new-ball line is 2/5 from 15 balls; 3 of 8 powerplays saw two wickets fall; my PP sample is 8 observations from 4 of 10 completed matches, not the full set.",FALSE
V6-022-3,V6-022,2026-07-29T10:44:00Z,2026-07-29T10:30:00Z,Cricket,"The Hundred Women's Competition 2026","Welsh Fire Women v Trent Rockets Women, 11th Match",TOSS_PRE_FIRST_BALL,2026-07-29T10:28:00Z,"Welsh Fire Women first innings first 25 balls",Under,31.5,3,PASS,"Trent Rockets Women (LEAN, event evidence only, no price used)",QUALITATIVE,"RUNS_METRIC_STATED_NO_PRICE_USED_PRICE_NOT_REQUIRED",PENDING,,"Cricbuzz match 145132 (Toss state, toss result, venue, start time); official squad feed 145132 (both playing XIs); ESPNcricinfo women's schedule and results page series 1521193 (all nine completed innings totals and the abandonment); ESPNcricinfo scorecards for the 2nd, 4th, 6th and 8th Matches (powerplay phase lines and extras); Open-Meteo forecast API for Sophia Gardens - all opened 2026-07-29 between 10:28Z and 10:40Z","PASS and mechanical complement of row 2; NOT independent evidence. Genuinely live: Rockets conceded 14/4 and 34/0 in their two powerplays, Garth is the best new-ball bowler on the field, and 3 of 8 powerplays this season went below 31.5. Deliberately NOT labelled AVOID.",FALSE
V6-022-4,V6-022,2026-07-29T10:44:00Z,2026-07-29T10:30:00Z,Cricket,"The Hundred Women's Competition 2026","Welsh Fire Women v Trent Rockets Women, 11th Match",TOSS_PRE_FIRST_BALL,2026-07-29T10:28:00Z,"Welsh Fire Women first innings 100 balls",Under,133.5,4,PASS,"Trent Rockets Women (LEAN, event evidence only, no price used)",QUALITATIVE,"RUNS_METRIC_STATED_NO_PRICE_USED_PRICE_NOT_REQUIRED",PENDING,,"Cricbuzz match 145132 (Toss state, toss result, venue, start time); official squad feed 145132 (both playing XIs); ESPNcricinfo women's schedule and results page series 1521193 (all nine completed innings totals and the abandonment); ESPNcricinfo scorecards for the 2nd, 4th, 6th and 8th Matches (powerplay phase lines and extras); Open-Meteo forecast API for Sophia Gardens - all opened 2026-07-29 between 10:28Z and 10:40Z","PASS and complement of row 1; NOT independent evidence. Case for the last-placed row, written BEFORE the ranking was finalised per the V6-019 control: competition first-innings mean 120, six of nine under 133.5, Rockets dismissed Phoenix for 64 with Bates 3/10 and Garth 2/5, and Welsh Fire's other innings was 118/8. It finishes last only because that case rests on the competition-wide distribution and on Rockets' performance against the weakest batting side, while the two most matchup-specific facts (Welsh Fire 177/4 here; Rockets conceding a capped 146 in 97 to a competent side) point the other way. EXPLICITLY NOT A DEAD BOTTOM SLOT - recorded as a live branch, not a throwaway.",FALSE
